order_id,customer_id,restaurant_id,restaurant_name,customer_city,order_date,order_time,food_category,item_name,quantity,price,delivery_fee,discount,payment_method,order_status,delivery_time_minutes,customer_rating
ORD_00001,CUST_0655,REST_103,Ovenstory Pizza,Delhi,2024-04-24,19:43:47,Pizza,Pepperoni Feast,3,499.0,0.0,21.75,UPI,Delivered,56,5.0
ORD_00002,CUST_0666,REST_116,Saravanaa Bhavan,Pune,2024-05-22,08:48:51,Indian,Kadhai Paneer,1,270.0,40.0,0.0,UPI,Pending,30,0.0
ORD_00003,CUST_0390,REST_123,Taco Bell,Delhi,2024-05-15,22:34:07,Fast Food,Paneer Wrap,5,160.0,40.0,0.0,UPI,Delivered,41,4.5
ORD_00004,CUST_0047,REST_117,Mainland China,Hyderabad,2024-02-21,22:40:53,Chinese,Chicken Fried Rice,1,230.0,30.0,56.86,Credit Card,Delivered,22,4.5
ORD_00005,CUST_0747,REST_112,Meghana Foods,Hyderabad,2024-05-18,15:43:20,Biryani,Kolkata Special Biryani,3,350.0,0.0,0.0,UPI,Delivered,35,5.0
ORD_00006,CUST_0581,REST_116,Saravanaa Bhavan,Kolkata,2024-11-25,13:08:15,Indian,Garlic Naan Combo,2,160.0,50.0,0.0,Cash,Cancelled,0,0.0
ORD_00007,CUST_0225,REST_129,Starbucks,Bangalore,2024-02-26,20:50:43,Beverages,Cold Coffee with Ice Cream,1,-50.0,0.0,52.77,Cash,Delivered,53,3.5
ORD_00008,CUST_0739,REST_119,Wok Express,Delhi,2024-05-30,13:00:46,Chinese,Veg Hakka Noodles,3,180.0,30.0,132.15,Cash,Delivered,58,5.0
ORD_00009,CUST_0624,REST_111,Bawarchi,Hyderabad,2024-10-03,08:38:20,Biryani,Mutton Dum Biryani,1,450.0,0.0,140.9,Debit Card,Delivered,21,5.0
ORD_00010,CUST_0081,REST_129,Starbucks,Delhi,2024-03-05,22:35:10,Beverages,Iced Green Tea,1,130.0,50.0,31.65,Cash,Delivered,30,4.0
ORD_00011,CUST_0688,REST_132,Chai Point,Kolkata,2024-05-06,21:01:37,Beverages,Cold Coffee with Ice Cream,2,150.0,50.0,0.0,UPI,Delivered,32,
ORD_00012,CUST_0339,REST_115,Haldiram's,Delhi,2024-04-19,14:59:56,Indian,Garlic Naan Combo,2,160.0,40.0,0.0,Cash,Delivered,24,5.0
ORD_00013,CUST_0434,REST_129,Starbucks,Pune,2024-02-01,13:51:55,Beverages,Cold Coffee with Ice Cream,1,150.0,20.0,0.0,UPI,Delivered,35,4.5
ORD_00014,CUST_0078,REST_105,Burger King,Ahmedabad,2024-01-08,15:10:26,Burger,Smoky BBQ Burger,1,249.0,20.0,142.68,UPI,Delivered,42,5.0
ORD_00015,CUST_0466,REST_128,Belgian Waffle Co,Chennai,2024-04-07,19:37:47,Desserts,Red Velvet Jar Cake,1,175.0,30.0,0.0,Cash,Delivered,51,5.0
ORD_00016,CUST_0083,REST_105,Burger King,Bangalore,2024-07-25,20:37:38,Burger,Double Whopper,1,299.0,0.0,52.1,Cash,Cancelled,0,0.0
ORD_00017,CUST_0734,REST_115,Haldiram's,Kolkata,2024-03-08,13:29:20,Indian,Garlic Naan Combo,4,160.0,0.0,0.0,Cash,Delivered,24,5.0
ORD_00018,CUST_0272,REST_121,Subway,Bangalore,2024-07-08,22:53:34,Fast Food,Veggie Delight Sub,2,190.0,50.0,135.53,Cash,Delivered,53,5.0
ORD_00019,CUST_0138,REST_105,Burger King,Chennai,2024-03-20,20:45:21,Burger,Smoky BBQ Burger,1,249.0,30.0,33.81,Debit Card,Delivered,58,4.5
ORD_00020,CUST_0004,REST_111,Bawarchi,Kolkata,2024-08-14,13:35:00,Biryani,Mutton Dum Biryani,1,450.0,20.0,65.9,Cash,Delivered,26,5.0
ORD_00021,CUST_0041,REST_114,Barbeque Nation,Kolkata,2024-06-30,21:39:47,Indian,Paneer Butter Masala,1,280.0,20.0,148.22,credit card,Cancelled,0,0.0
ORD_00022,CUST_0755,REST_126,Theobroma,Kolkata,2024-03-22,11:24:55,Desserts,Belgian Chocolate Waffle,1,160.0,40.0,0.0,Credit Card,Delivered,37,3.5
ORD_00023,CUST_0229,REST_116,Saravanaa Bhavan,Mumbai,2024-05-22,16:22:41,Indian,Dal Makhani,1,220.0,50.0,0.0,UPI,Cancelled,0,0.0
ORD_00024,CUST_0595,REST_101,Domino's Pizza,Chennai,2024-08-10,21:27:38,Pizza,Cheese Burst Pizza,5,429.0,0.0,51.71,UPI,Delivered,18,4.5
ORD_00025,CUST_0704,REST_124,Faasos,Hyderabad,2024-12-06,18:42:54,Fast Food,Crispy Chicken Bucket,1,480.0,30.0,56.68,UPI,Delivered,53,5.0
ORD_00026,CUST_0389,REST_120,Berco's,Bangalore,2024-01-01,20:27:50,Chinese,Manchurian Gravy,2,210.0,30.0,44.32,UPI,Delivered,65,5.0
ORD_00027,CUST_0528,REST_106,McDonald's,Kolkata,2024-04-25,12:01:02,Burger,Classic Chicken Burger,1,199.0,40.0,62.27,Cash,Cancelled,0,0.0
ORD_00028,CUST_0736,REST_132,Chai Point,Pune,2024-03-16,12:57:48,Beverages,Caffe Latte,3,220.0,0.0,91.41,Credit Card,Delivered,47,5.0
ORD_00029,CUST_0125,REST_112,Meghana Foods,Ahmedabad,2024-10-13,13:39:52,Biryani,Paneer Biryani,2,260.0,50.0,69.88,UPI,Delivered,48,4.5
ORD_00030,CUST_0653,REST_130,Chaayos,Chennai,2024-08-13,21:15:17,Beverages,Masala Chai (Flask),1,110.0,50.0,0.0,UPI,Delivered,27,4.0
ORD_00031,CUST_0418,REST_132,Chai Point,Kolkata,2024-04-15,20:57:49,Beverages,Cold Coffee with Ice Cream,2,150.0,0.0,132.42,UPI,Delivered,40,5.0
ORD_00032,CUST_0430,REST_130,Chaayos,Hyderabad,2024-08-11,13:21:42,Beverages,Masala Chai (Flask),2,110.0,40.0,66.23,debit card,Pending,37,0.0
ORD_00033,CUST_0404,REST_108,The Burger Club,Mumbai,2024-08-24,21:24:20,Burger,Double Whopper,1,299.0,30.0,0.0,Debit Card,Delivered,44,5.0
ORD_00034,CUST_0020,REST_122,KFC,Mumbai,2024-11-29,19:15:12,Fast Food,Crispy Chicken Bucket,3,480.0,50.0,0.0,UPI,Delivered,54,2.5
ORD_00035,CUST_0263,REST_109,Paradise Biryani,Kolkata,2024-06-08,19:59:19,Biryani,Mutton Dum Biryani,2,450.0,40.0,59.33,UPI,Delivered,58,5.0
ORD_00036,CUST_0309,REST_103,Ovenstory Pizza,Delhi,2024-08-07,12:32:41,Pizza,Cheese Burst Pizza,1,429.0,40.0,82.92,Wallet,Delivered,47,4.0
ORD_00037,CUST_0752,REST_132,Chai Point,Chennai,2024-10-30,20:53:59,Beverages,Mango Smoothie,1,160.0,40.0,0.0,Cash,Delivered,42,5.0
ORD_00038,CUST_0333,REST_130,Chaayos,Bangalore,2024-05-12,21:35:00,Beverages,Masala Chai (Flask),1,110.0,20.0,0.0,Credit Card,Delivered,33,4.0
ORD_00039,CUST_0503,REST_101,Domino's Pizza,Ahmedabad,2024-04-23,12:19:42,Pizza,Farmhouse Supreme,2,399.0,40.0,38.91,Wallet,Delivered,40,4.0
ORD_00040,CUST_0258,REST_106,McDonald's,Hyderabad,2024-03-02,13:12:13,Burger,Classic Chicken Burger,2,199.0,30.0,73.71,Cash,Delivered,24,3.5
ORD_00041,CUST_0370,REST_117,Mainland China,Bangalore,2024-03-05,19:35:18,Chinese,Manchurian Gravy,2,210.0,20.0,61.4,UPI,Delivered,36,4.5
ORD_00042,CUST_0189,REST_120,Berco's,Mumbai,2024-02-03,12:36:40,Chinese,Veg Hakka Noodles,2,180.0,20.0,0.0,Cash,Delivered,33,5.0
ORD_00043,CUST_0621,REST_128,Belgian Waffle Co,Hyderabad,2024-06-01,21:19:36,Desserts,Gulab Jamun (2 pcs),2,80.0,50.0,82.44,Credit Card,Delivered,34,4.0
ORD_00044,CUST_0178,REST_109,Paradise Biryani,Delhi,2024-08-18,13:18:02,Biryani,Kolkata Special Biryani,1,350.0,30.0,44.97,Credit Card,Cancelled,0,0.0
ORD_00045,CUST_0641,REST_125,Baskin Robbins,Hyderabad,2024-04-25,13:52:09,Desserts,Nutella Brownie,1,130.0,20.0,119.63,Credit Card,Cancelled,0,0.0
ORD_00046,CUST_0480,REST_127,Naturals Ice Cream,Chennai,2024-10-03,12:38:02,desserts,Nutella Brownie,3,130.0,30.0,21.42,UPI,Delivered,54,4.5
ORD_00047,CUST_0784,REST_102,Pizza Hut,Chennai,2024-09-22,13:11:37,Pizza,Paneer Tikka Pizza,1,349.0,40.0,110.25,UPI,Delivered,24,3.5
ORD_00048,CUST_0711,REST_120,Berco's,Ahmedabad,2024-01-19,13:16:20,Chinese,Manchurian Gravy,1,210.0,40.0,136.87,UPI,Cancelled,0,0.0
ORD_00049,CUST_0056,REST_124,Faasos,Hyderabad,2024-01-27,20:59:18,Fast Food,Chicken Zinger Meal,1,299.0,40.0,0.0,Wallet,Delivered,33,4.0
ORD_00050,CUST_0015,REST_106,McDonald's,Pune,2024-08-24,12:31:59,Burger,Crispy Veg Burger,2,129.0,50.0,42.85,Cash,Delivered,47,4.5
ORD_00051,CUST_0614,REST_107,Wendy's,Bangalore,2024-06-23,16:52:00,Burger,Fiery Paneer Burger,1,179.0,30.0,118.49,Credit Card,Cancelled,0,0.0
ORD_00052,CUST_0496,REST_124,Faasos,Kolkata,2024-06-13,15:36:24,Fast Food,Chicken Zinger Meal,1,299.0,40.0,0.0,Credit Card,Delivered,42,4.5
ORD_00053,CUST_0668,REST_129,Starbucks,Bangalore,2024-09-14,18:55:06,Beverages,Caffe Latte,3,220.0,40.0,0.0,Debit Card,Delivered,27,4.5
ORD_00054,CUST_0159,REST_131,Cafe Coffee Day,Delhi,2024-11-15,14:05:54,Beverages,Masala Chai (Flask),1,110.0,50.0,37.42,Credit Card,Delivered,52,5.0
ORD_00055,CUST_0647,REST_113,Punjab Grill,Chennai,2024-02-20,11:28:10,Indian,Garlic Naan Combo,2,160.0,0.0,0.0,Credit Card,Delivered,41,4.5
ORD_00056,CUST_0422,REST_110,Behrouz Biryani,Bangalore,2024-11-08,15:31:58,Biryani,Hyderabadi Chicken Biryani,2,320.0,20.0,33.97,UPI,Delivered,47,3.0
ORD_00057,CUST_0162,REST_131,Cafe Coffee Day,Delhi,2024-06-02,13:44:16,Beverages,Iced Green Tea,1,130.0,30.0,0.0,UPI,Delivered,33,4.5
ORD_00058,CUST_0303,REST_104,La Pino'z Pizza,Chennai,2024-01-05,14:49:47,Pizza,Farmhouse Supreme,5,399.0,50.0,65.81,Debit Card,Delivered,32,4.5
ORD_00059,CUST_0652,REST_118,Wow! Momo,Hyderabad,2024-11-17,13:50:28,Chinese,Veg Hakka Noodles,1,180.0,30.0,24.96,UPI,Delivered,29,5.0
ORD_00060,CUST_0375,REST_111,Bawarchi,Chennai,2024-05-31,18:51:07,Biryani,Kolkata Special Biryani,1,350.0,0.0,0.0,Wallet,Cancelled,0,0.0
ORD_00061,CUST_0407,REST_108,The Burger Club,Kolkata,2024-05-15,13:23:43,Burger,Crispy Veg Burger,2,129.0,30.0,65.23,Wallet,Delivered,32,4.5
ORD_00062,CUST_0575,REST_113,Punjab Grill,Kolkata,2024-12-24,22:07:08,Indian,Garlic Naan Combo,1,160.0,0.0,0.0,Cash,Delivered,52,5.0
ORD_00063,CUST_0687,REST_112,Meghana Foods,Pune,2024-09-07,13:02:44,Biryani,Hyderabadi Chicken Biryani,1,320.0,40.0,32.99,UPI,Pending,31,0.0
ORD_00064,CUST_0661,REST_104,La Pino'z Pizza,Kolkata,2024-04-07,22:05:42,Pizza,Farmhouse Supreme,1,399.0,50.0,78.79,UPI,Pending,45,0.0
ORD_00065,CUST_0071,REST_114,Barbeque Nation,Hyderabad,2024-03-16,08:17:54,Indian,Dal Makhani,5,220.0,20.0,63.92,UPI,Cancelled,0,0.0
ORD_00066,CUST_0367,REST_121,Subway,Hyderabad,2024-05-15,22:33:07,Fast Food,Veggie Delight Sub,2,190.0,40.0,39.91,Cash,Delivered,32,2.5
ORD_00067,CUST_0675,REST_129,Starbucks,Chennai,2024-09-02,21:43:06,Beverages,Cold Coffee with Ice Cream,1,150.0,40.0,0.0,UPI,Delivered,22,5.0
ORD_00068,CUST_0600,REST_127,Naturals Ice Cream,Kolkata,2024-09-15,12:50:44,Desserts,Gulab Jamun (2 pcs),1,80.0,50.0,31.83,Cash,Delivered,39,3.5
ORD_00069,CUST_0748,REST_124,Faasos,Delhi,2024-12-06,20:43:59,Fast Food,Cheesy French Fries,1,120.0,0.0,81.99,UPI,Delivered,26,4.5
ORD_00070,CUST_0576,REST_108,The Burger Club,Kolkata,2024-12-06,21:55:58,Burger,Classic Chicken Burger,2,199.0,30.0,39.34,Cash,Delivered,60,4.5
ORD_00071,CUST_0359,REST_107,Wendy's,Kolkata,2024-04-25,08:38:59,Burger,Smoky BBQ Burger,2,249.0,30.0,0.0,UPI,Delivered,39,4.5
ORD_00072,CUST_0147,REST_106,McDonald's,Pune,2024-02-16,14:24:26,Burger,Crispy Veg Burger,1,129.0,20.0,59.69,Credit Card,Delivered,23,3.5
ORD_00073,CUST_0773,REST_107,Wendy's,Mumbai,2024-12-04,14:28:26,Burger,Fiery Paneer Burger,1,179.0,50.0,0.0,UPI,Delivered,61,4.5
ORD_00074,CUST_0316,REST_116,Saravanaa Bhavan,Mumbai,2024-01-29,21:13:49,Indian,Kadhai Paneer,1,270.0,30.0,0.0,UPI,Delivered,45,5.0
ORD_00075,CUST_0721,REST_121,Subway,Hyderabad,2024-01-22,13:58:04,Fast Food,Chicken Zinger Meal,3,299.0,50.0,42.24,Cash,Delivered,43,5.0
ORD_00076,CUST_0633,REST_121,Subway,Ahmedabad,2024-02-24,22:33:05,Fast Food,Chicken Zinger Meal,1,299.0,30.0,32.19,Credit Card,Delivered,58,5.0
ORD_00077,CUST_0795,REST_122,KFC,Kolkata,2024-02-22,20:11:38,Fast Food,Veggie Delight Sub,1,190.0,0.0,0.0,Credit Card,Delivered,54,4.0
ORD_00078,CUST_0579,REST_122,KFC,Kolkata,2024-02-04,14:19:50,Fast Food,Chicken Zinger Meal,1,299.0,0.0,24.08,Cash,Delivered,41,3.5
ORD_00079,CUST_0093,REST_129,Starbucks,Pune,2024-10-19,13:38:30,Beverages,Mango Smoothie,1,160.0,0.0,64.6,Debit Card,Pending,22,0.0
ORD_00080,CUST_0177,REST_116,Saravanaa Bhavan,Mumbai,2024-09-25,12:23:23,Indian,Garlic Naan Combo,3,160.0,40.0,38.61,Cash,Delivered,59,5.0
ORD_00081,CUST_0572,REST_119,Wok Express,Pune,2024-03-17,20:58:22,Chinese,Manchurian Gravy,1,210.0,40.0,0.0,Credit Card,Delivered,53,4.5
ORD_00082,CUST_0131,REST_127,Naturals Ice Cream,Delhi,2024-07-04,20:21:49,Desserts,Chocolate Truffle Pastry,1,140.0,20.0,86.62,UPI,Delivered,50,4.0
ORD_00083,CUST_0540,REST_122,KFC,Mumbai,2024-07-11,20:53:44,Fast Food,Paneer Wrap,2,160.0,20.0,22.4,UPI,Delivered,46,4.5
ORD_00084,CUST_0460,REST_115,Haldiram's,Hyderabad,2024-04-09,22:29:49,Indian,Garlic Naan Combo,1,160.0,40.0,43.03,UPI,Delivered,56,5.0
ORD_00085,CUST_0657,REST_121,Subway,Ahmedabad,2024-03-04,20:17:28,Fast Food,Paneer Wrap,3,160.0,20.0,81.88,Debit Card,Delivered,40,3.0
ORD_00086,CUST_0406,REST_116,Saravanaa Bhavan,Kolkata,2024-07-10,21:59:06,Indian,Paneer Butter Masala,3,280.0,30.0,85.32,UPI,Delivered,62,3.5
ORD_00087,CUST_0481,REST_101,Domino's Pizza,Ahmedabad,2024-05-11,20:35:46,Pizza,Margherita Pizza,2,249.0,40.0,0.0,UPI,Delivered,21,5.0
ORD_00088,CUST_0638,REST_105,Burger King,Ahmedabad,2024-11-01,14:32:36,Burger,Fiery Paneer Burger,1,179.0,20.0,0.0,UPI,Delivered,54,4.5
ORD_00089,CUST_0088,REST_105,Burger King,Kolkata,2024-08-28,22:23:16,Burger,Fiery Paneer Burger,2,179.0,30.0,100.86,Credit Card,Delivered,55,4.0
ORD_00090,CUST_0046,REST_122,KFC,Kolkata,2024-12-22,12:51:08,Fast Food,Chicken Zinger Meal,1,299.0,40.0,0.0,UPI,Delivered,20,5.0
ORD_00091,CUST_0408,REST_117,Mainland China,Ahmedabad,2024-05-26,19:55:41,Chinese,Chicken Fried Rice,1,230.0,0.0,107.77,UPI,Delivered,42,5.0
ORD_00092,CUST_0709,REST_123,Taco Bell,Ahmedabad,2024-08-05,20:34:18,Fast Food,Crispy Chicken Bucket,1,480.0,0.0,0.0,UPI,Delivered,63,4.5
ORD_00093,CUST_0360,REST_103,Ovenstory Pizza,Ahmedabad,2024-08-10,19:04:42,Pizza,Cheese Burst Pizza,2,429.0,30.0,61.24,UPI,Delivered,56,4.0
ORD_00094,CUST_0130,REST_115,Haldiram's,Delhi,2024-07-15,09:38:09,Indian,Dal Makhani,2,220.0,30.0,61.97,Cash,Delivered,43,5.0
ORD_00095,CUST_0117,REST_112,Meghana Foods,Mumbai,2024-07-17,11:16:49,Biryani,Paneer Biryani,1,260.0,40.0,0.0,Cash,Delivered,49,5.0
ORD_00096,CUST_0076,REST_112,Meghana Foods,Ahmedabad,2024-12-15,18:42:22,Biryani,Hyderabadi Chicken Biryani,2,320.0,50.0,69.02,Debit Card,Delivered,62,4.0
ORD_00097,CUST_0521,REST_106,McDonald's,Hyderabad,2024-05-01,08:23:35,Burger,Double Whopper,2,299.0,40.0,116.37,Cash,Delivered,37,4.5
ORD_00098,CUST_0491,REST_125,Baskin Robbins,Pune,2024-06-11,13:29:43,Desserts,Red Velvet Jar Cake,1,175.0,20.0,133.52,Cash,Delivered,26,4.5
ORD_00099,CUST_0057,REST_111,Bawarchi,Delhi,2024-03-23,20:22:33,Biryani,Mutton Dum Biryani,3,450.0,0.0,0.0,Cash,Delivered,26,4.5
ORD_00100,CUST_0096,REST_110,Behrouz Biryani,Bangalore,2024-11-05,19:52:55,Biryani,Paneer Biryani,1,260.0,0.0,132.83,UPI,Delivered,54,4.5
ORD_00101,CUST_0510,REST_120,Berco's,Chennai,2024-12-16,13:04:44,Chinese,Chicken Fried Rice,1,230.0,40.0,45.54,UPI,Delivered,63,5.0
ORD_00102,CUST_0354,REST_111,Bawarchi,Pune,2024-10-14,20:29:07,Biryani,Paneer Biryani,1,260.0,20.0,0.0,UPI,Cancelled,0,0.0
ORD_00103,CUST_0429,REST_111,Bawarchi,Hyderabad,2024-06-09,20:31:32,Biryani,Paneer Biryani,1,260.0,30.0,24.95,UPI,Delivered,33,5.0
ORD_00104,CUST_0052,REST_132,Chai Point,Chennai,2024-10-01,19:27:08,Beverages,Masala Chai (Flask),3,110.0,30.0,102.45,UPI,Delivered,30,4.5
ORD_00105,CUST_0396,REST_117,Mainland China,Ahmedabad,2024-02-19,21:35:23,Chinese,Chicken Fried Rice,2,230.0,20.0,42.08,UPI,Delivered,63,5.0
ORD_00106,CUST_0468,REST_111,Bawarchi,Bangalore,2024-06-12,21:37:21,Biryani,Paneer Biryani,1,260.0,50.0,58.98,UPI,Delivered,41,5.0
ORD_00107,CUST_0427,REST_104,La Pino'z Pizza,Chennai,2024-12-01,15:46:03,Pizza,Farmhouse Supreme,2,399.0,20.0,59.67,Credit Card,Delivered,61,5.0
ORD_00108,CUST_0718,REST_113,Punjab Grill,Delhi,2024-06-09,13:44:13,Indian,Garlic Naan Combo,1,160.0,50.0,140.46,Credit Card,Delivered,26,4.5
ORD_00109,CUST_0679,REST_127,Naturals Ice Cream,Ahmedabad,2024-08-23,18:34:22,Desserts,Red Velvet Jar Cake,2,175.0,30.0,30.57,UPI,Delivered,32,2.5
ORD_00110,CUST_0790,REST_116,Saravanaa Bhavan,Chennai,2024-09-02,21:18:07,Indian,Dal Makhani,2,220.0,50.0,73.91,Credit Card,Pending,45,0.0
ORD_00111,CUST_0044,REST_107,Wendy's,Chennai,2024-12-01,22:13:12,Burger,Fiery Paneer Burger,3,179.0,30.0,127.21,UPI,Delivered,55,5.0
ORD_00112,CUST_0544,REST_113,Punjab Grill,Hyderabad,2024-07-30,22:06:43,Indian,Paneer Butter Masala,2,280.0,0.0,148.34,UPI,Delivered,48,4.5
ORD_00113,CUST_0295,REST_117,Mainland China,Kolkata,2024-11-29,14:47:46,Chinese,Veg Hakka Noodles,3,180.0,0.0,88.13,Debit Card,Delivered,20,1.0
ORD_00114,CUST_0508,REST_117,Mainland China,Bangalore,2024-06-01,12:59:21,Chinese,Veg Hakka Noodles,1,180.0,50.0,68.91,UPI,Delivered,35,5.0
ORD_00115,CUST_0167,REST_118,Wow! Momo,Ahmedabad,2024-06-21,14:11:39,Chinese,Veg Hakka Noodles,3,180.0,40.0,113.65,UPI,Delivered,29,2.0
ORD_00116,CUST_0255,REST_120,Berco's,Mumbai,2024-08-16,18:19:37,Chinese,Chicken Fried Rice,2,230.0,0.0,0.0,UPI,Delivered,60,5.0
ORD_00117,CUST_0416,REST_107,Wendy's,Chennai,2024-11-10,20:30:09,Burger,Classic Chicken Burger,1,199.0,50.0,58.61,Debit Card,Delivered,60,3.5
ORD_00118,CUST_0697,REST_131,Cafe Coffee Day,Delhi,2024-10-15,20:36:34,Beverages,Cold Coffee with Ice Cream,1,150.0,30.0,108.14,Credit Card,Delivered,49,5.0
ORD_00119,CUST_0057,REST_112,Meghana Foods,Ahmedabad,2024-10-15,22:43:51,Biryani,Kolkata Special Biryani,1,350.0,0.0,64.9,Credit Card,Delivered,20,4.5
ORD_00120,CUST_0555,REST_108,The Burger Club,Mumbai,2024-05-26,12:49:41,Burger,Crispy Veg Burger,5,129.0,40.0,69.02,UPI,Cancelled,0,0.0
ORD_00121,CUST_0083,REST_121,Subway,Bangalore,2024-10-02,20:46:14,Fast Food,Veggie Delight Sub,3,190.0,0.0,109.73,Credit Card,Delivered,42,3.5
ORD_00122,CUST_0355,REST_118,Wow! Momo,Bangalore,2024-01-17,21:39:49,Chinese,Veg Hakka Noodles,4,180.0,0.0,0.0,UPI,Delivered,46,4.5
ORD_00123,CUST_0050,REST_104,La Pino'z Pizza,Hyderabad,2024-04-29,12:08:32,Pizza,Paneer Tikka Pizza,5,349.0,20.0,129.86,UPI,Delivered,61,3.5
ORD_00124,CUST_0147,REST_127,Naturals Ice Cream,Hyderabad,2024-02-01,14:56:47,Desserts,Belgian Chocolate Waffle,3,160.0,40.0,22.58,UPI,Delivered,42,4.0
ORD_00125,CUST_0427,REST_111,Bawarchi,Pune,2024-04-04,23:15:54,Biryani,Kolkata Special Biryani,1,350.0,20.0,143.61,Cash,Pending,37,0.0
ORD_00126,CUST_0398,REST_118,Wow! Momo,Hyderabad,2024-11-27,22:54:23,Chinese,Chilli Chicken Gravy,1,270.0,20.0,0.0,UPI,Delivered,20,3.5
ORD_00127,CUST_0780,REST_130,Chaayos,Hyderabad,2024-06-04,08:13:59,Beverages,Masala Chai (Flask),1,110.0,0.0,61.49,Debit Card,Delivered,63,5.0
ORD_00128,CUST_0566,REST_120,Berco's,Kolkata,2024-09-30,13:16:23,Chinese,Schezwan Veg Momos,1,150.0,40.0,64.15,Credit Card,Delivered,38,3.0
ORD_00129,CUST_0424,REST_114,Barbeque Nation,Mumbai,2024-05-13,14:37:46,Indian,Paneer Butter Masala,1,280.0,20.0,0.0,UPI,Delivered,33,4.5
ORD_00130,CUST_0702,REST_120,Berco's,Kolkata,2024-08-23,21:10:08,Chinese,Schezwan Veg Momos,2,150.0,40.0,0.0,Debit Card,Pending,21,0.0
ORD_00131,CUST_0077,REST_104,La Pino'z Pizza,Mumbai,2024-11-18,20:00:13,Pizza,Pepperoni Feast,1,499.0,30.0,0.0,Cash,Cancelled,0,0.0
ORD_00132,CUST_0676,REST_101,Domino's Pizza,Ahmedabad,2024-10-09,12:33:46,Pizza,Cheese Burst Pizza,1,429.0,30.0,0.0,Credit Card,Delivered,29,5.0
ORD_00133,CUST_0153,REST_115,Haldiram's,Hyderabad,2024-05-16,10:23:25,Indian,Dal Makhani,1,220.0,20.0,91.94,Credit Card,Delivered,59,1.0
ORD_00134,CUST_0033,REST_128,Belgian Waffle Co,Delhi,2024-10-09,14:00:44,Desserts,Gulab Jamun (2 pcs),1,80.0,40.0,123.37,UPI,Pending,23,0.0
ORD_00135,CUST_0044,REST_116,Saravanaa Bhavan,Hyderabad,2024-01-24,16:57:34,Indian,Dal Makhani,2,220.0,0.0,0.0,Debit Card,Delivered,31,4.5
ORD_00136,CUST_0730,REST_107,Wendy's,Pune,2024-10-15,22:43:57,Burger,Double Whopper,1,299.0,40.0,85.5,Wallet,Delivered,50,4.0
ORD_00137,CUST_0101,REST_113,Punjab Grill,Pune,2024-11-05,20:49:20,Indian,Dal Makhani,1,220.0,30.0,108.79,UPI,Delivered,42,4.5
ORD_00138,CUST_0677,REST_107,Wendy's,Pune,2024-12-31,21:09:24,Burger,Double Whopper,2,299.0,20.0,37.42,UPI,Delivered,37,4.5
ORD_00139,CUST_0105,REST_106,McDonald's,Bangalore,2024-08-17,14:26:06,Burger,Fiery Paneer Burger,0,179.0,30.0,52.83,Credit Card,Cancelled,0,0.0
ORD_00140,CUST_0424,REST_106,McDonald's,Pune,2024-09-23,22:10:08,Burger,Smoky BBQ Burger,1,249.0,30.0,23.48,UPI,Delivered,48,4.0
ORD_00141,CUST_0253,REST_116,Saravanaa Bhavan,Ahmedabad,2024-03-10,22:21:53,Indian,Paneer Butter Masala,2,280.0,30.0,43.68,Credit Card,Delivered,56,5.0
ORD_00142,CUST_0712,REST_131,Cafe Coffee Day,Hyderabad,2024-07-22,17:47:44,Beverages,Caffe Latte,2,220.0,50.0,99.44,UPI,Delivered,41,5.0
ORD_00143,CUST_0607,REST_104,La Pino'z Pizza,Bangalore,2024-08-12,10:52:54,Pizza,Pepperoni Feast,2,499.0,40.0,27.65,UPI,Delivered,27,4.0
ORD_00144,CUST_0076,REST_132,Chai Point,Ahmedabad,2024-09-16,21:34:02,Beverages,Iced Green Tea,2,130.0,30.0,64.68,Cash,Cancelled,0,0.0
ORD_00145,CUST_0255,REST_109,Paradise Biryani,Kolkata,2024-11-26,13:48:21,Biryani,Paneer Biryani,4,260.0,40.0,0.0,UPI,Delivered,65,4.5
ORD_00146,CUST_0590,REST_131,Cafe Coffee Day,Hyderabad,2024-08-25,12:22:01,Beverages,Mango Smoothie,1,160.0,30.0,72.9,UPI,Cancelled,0,0.0
ORD_00147,CUST_0320,REST_130,Chaayos,Kolkata,2024-09-04,19:28:46,Beverages,Iced Green Tea,2,130.0,30.0,0.0,UPI,Delivered,19,3.5
ORD_00148,CUST_0694,REST_114,Barbeque Nation,Bangalore,2024-03-22,22:29:14,Indian,Kadhai Paneer,2,270.0,20.0,0.0,Credit Card,Delivered,65,4.5
ORD_00149,CUST_0607,REST_125,Baskin Robbins,Pune,2024-04-15,19:36:06,Desserts,Red Velvet Jar Cake,2,175.0,50.0,0.0,UPI,Delivered,34,4.0
ORD_00150,CUST_0655,REST_128,Belgian Waffle Co,Kolkata,2024-02-28,22:39:11,Desserts,Nutella Brownie,3,130.0,30.0,119.26,Credit Card,Delivered,33,5.0
ORD_00151,CUST_0711,REST_128,Belgian Waffle Co,Bangalore,2024-03-11,13:11:31,Desserts,Nutella Brownie,2,130.0,20.0,46.93,UPI,Delivered,46,4.5
ORD_00152,CUST_0010,REST_110,Behrouz Biryani,Ahmedabad,2024-10-14,13:26:43,Biryani,Kolkata Special Biryani,1,350.0,40.0,24.55,UPI,Delivered,36,5.0
ORD_00153,CUST_0296,REST_132,Chai Point,Bangalore,2024-09-18,19:17:49,Beverages,Iced Green Tea,1,130.0,30.0,61.62,Credit Card,Delivered,31,2.0
ORD_00154,CUST_0670,REST_117,Mainland China,Hyderabad,2024-05-14,19:28:55,Chinese,Schezwan Veg Momos,5,150.0,20.0,0.0,Credit Card,Delivered,63,4.5
ORD_00155,CUST_0631,REST_114,Barbeque Nation,Bangalore,2024-10-18,21:38:34,Indian,Paneer Butter Masala,1,280.0,30.0,0.0,UPI,Cancelled,0,0.0
ORD_00156,CUST_0696,REST_112,Meghana Foods,Delhi,2024-05-21,12:44:55,Biryani,Hyderabadi Chicken Biryani,1,320.0,20.0,65.57,Credit Card,Delivered,49,5.0
ORD_00157,CUST_0643,REST_128,Belgian Waffle Co,Pune,2024-11-20,10:25:32,Desserts,Chocolate Truffle Pastry,2,140.0,30.0,46.84,Cash,Cancelled,0,0.0
ORD_00158,CUST_0096,REST_121,Subway,Ahmedabad,2024-07-22,22:52:13,Fast Food,Paneer Wrap,1,160.0,30.0,100.33,Cash,Delivered,49,4.0
ORD_00159,CUST_0781,REST_101,Domino's Pizza,Mumbai,2024-01-09,20:28:29,Pizza,Paneer Tikka Pizza,1,349.0,40.0,0.0,Credit Card,Delivered,59,5.0
ORD_00160,CUST_0281,REST_123,Taco Bell,Delhi,2024-07-09,14:10:03,Fast Food,Crispy Chicken Bucket,1,480.0,30.0,61.54,UPI,Delivered,24,5.0
ORD_00161,CUST_0136,REST_129,Starbucks,Hyderabad,2024-12-22,19:55:27,Beverages,Cold Coffee with Ice Cream,2,150.0,40.0,0.0,UPI,Delivered,24,5.0
ORD_00162,CUST_0307,REST_126,Theobroma,Bangalore,2024-02-05,12:39:41,Desserts,Red Velvet Jar Cake,1,175.0,30.0,54.54,UPI,Delivered,61,4.5
ORD_00163,CUST_0103,REST_108,The Burger Club,Bangalore,2024-08-07,20:15:17,Burger,Classic Chicken Burger,2,199.0,20.0,53.0,Cash,Delivered,62,5.0
ORD_00164,CUST_0309,REST_116,Saravanaa Bhavan,Hyderabad,2024-11-26,20:31:24,Indian,Dal Makhani,1,220.0,40.0,23.91,Debit Card,Delivered,41,3.0
ORD_00165,CUST_0583,REST_122,KFC,Pune,2024-02-07,19:00:16,Fast Food,Chicken Zinger Meal,1,299.0,0.0,104.85,UPI,Delivered,44,4.5
ORD_00166,CUST_0656,REST_117,Mainland China,Bangalore,2024-02-10,12:51:09,Chinese,Chilli Chicken Gravy,1,270.0,40.0,61.98,Cash,Delivered,37,4.0
ORD_00167,CUST_0245,REST_113,Punjab Grill,Mumbai,2024-02-29,14:03:19,Indian,Garlic Naan Combo,2,160.0,20.0,0.0,Credit Card,Delivered,28,4.5
ORD_00168,CUST_0530,REST_111,Bawarchi,Chennai,2024-05-17,11:49:57,Biryani,Mutton Dum Biryani,1,450.0,40.0,0.0,UPI,Delivered,54,4.5
ORD_00169,CUST_0524,REST_104,La Pino'z Pizza,Kolkata,2024-03-26,21:49:06,Pizza,Cheese Burst Pizza,3,429.0,0.0,0.0,Cash,Delivered,18,5.0
ORD_00170,CUST_0393,REST_109,Paradise Biryani,Bangalore,2024-12-31,21:14:20,Biryani,Paneer Biryani,1,260.0,30.0,0.0,UPI,Delivered,50,4.0
ORD_00171,CUST_0229,REST_125,Baskin Robbins,Mumbai,2024-05-24,17:20:05,Desserts,Gulab Jamun (2 pcs),2,80.0,0.0,36.04,Credit Card,Delivered,33,4.5
ORD_00172,CUST_0506,REST_114,Barbeque Nation,Hyderabad,2024-07-28,21:40:53,Indian,Paneer Butter Masala,2,280.0,0.0,75.11,Credit Card,Delivered,64,5.0
ORD_00173,CUST_0244,REST_129,Starbucks,Pune,2024-12-30,19:58:14,Beverages,Caffe Latte,3,220.0,50.0,69.26,Cash,Delivered,55,5.0
ORD_00174,CUST_0404,REST_104,La Pino'z Pizza,Delhi,2024-05-01,21:59:51,Pizza,Pepperoni Feast,1,499.0,30.0,0.0,UPI,Delivered,30,5.0
ORD_00175,CUST_0112,REST_106,McDonald's,Bangalore,2024-08-26,19:34:22,Burger,Fiery Paneer Burger,4,179.0,20.0,45.48,Debit Card,Delivered,61,5.0
ORD_00176,CUST_0618,REST_115,Haldiram's,Mumbai,2024-02-16,19:25:32,Indian,Butter Chicken,1,360.0,30.0,0.0,Wallet,Delivered,43,3.5
ORD_00177,CUST_0564,REST_108,The Burger Club,Hyderabad,2024-03-12,19:53:49,Burger,Crispy Veg Burger,5,129.0,20.0,0.0,UPI,Delivered,59,5.0
ORD_00178,CUST_0077,REST_106,McDonald's,Mumbai,2024-03-06,21:07:02,Burger,Fiery Paneer Burger,4,179.0,0.0,0.0,Cash,Delivered,43,4.5
ORD_00179,CUST_0437,REST_122,KFC,Bangalore,2024-05-20,20:02:39,Fast Food,Veggie Delight Sub,2,190.0,20.0,47.44,Debit Card,Delivered,23,5.0
ORD_00180,CUST_0205,REST_104,La Pino'z Pizza,Hyderabad,2024-09-02,13:22:58,Pizza,Farmhouse Supreme,2,399.0,30.0,29.89,UPI,Delivered,35,5.0
ORD_00181,CUST_0543,REST_114,Barbeque Nation,Kolkata,2024-05-06,13:34:52,Indian,Paneer Butter Masala,2,280.0,0.0,146.09,Cash,Pending,32,0.0
ORD_00182,CUST_0178,REST_115,Haldiram's,Bangalore,2024-10-29,21:36:36,Indian,Dal Makhani,1,220.0,20.0,135.78,Wallet,Delivered,29,4.5
ORD_00183,CUST_0239,REST_104,La Pino'z Pizza,Hyderabad,2024-06-18,14:51:08,Pizza,Margherita Pizza,1,249.0,20.0,138.32,UPI,Delivered,55,4.0
ORD_00184,CUST_0114,REST_107,Wendy's,Kolkata,2024-10-27,21:20:08,Burger,Fiery Paneer Burger,5,179.0,40.0,147.05,Cash,Delivered,53,4.0
ORD_00185,CUST_0366,REST_112,Meghana Foods,Hyderabad,2024-12-18,20:46:00,Biryani,Veg Dum Biryani,4,240.0,50.0,74.69,Wallet,Delivered,56,5.0
ORD_00186,CUST_0627,REST_108,The Burger Club,Hyderabad,2024-06-18,15:22:20,Burger,Double Whopper,1,299.0,0.0,125.25,Credit Card,Delivered,18,5.0
ORD_00187,CUST_0070,REST_117,Mainland China,Kolkata,2024-01-25,22:10:56,Chinese,Veg Hakka Noodles,1,180.0,40.0,40.64,Credit Card,Delivered,54,4.0
ORD_00188,CUST_0167,REST_105,Burger King,Ahmedabad,2024-01-11,19:04:21,Burger,Classic Chicken Burger,1,199.0,40.0,0.0,UPI,Cancelled,0,0.0
ORD_00189,CUST_0347,REST_104,La Pino'z Pizza,Ahmedabad,2024-11-06,13:03:06,Pizza,Pepperoni Feast,1,499.0,20.0,50.48,Debit Card,Delivered,60,5.0
ORD_00190,CUST_0051,REST_130,Chaayos,Pune,2024-07-03,19:18:52,Beverages,Cold Coffee with Ice Cream,2,150.0,50.0,25.33,UPI,Delivered,23,4.5
ORD_00191,CUST_0408,REST_131,Cafe Coffee Day,Ahmedabad,2024-11-24,12:23:56,Beverages,Cold Coffee with Ice Cream,1,150.0,20.0,34.48,Cash,Delivered,35,4.5
ORD_00192,CUST_0714,REST_107,Wendy's,Delhi,2024-07-30,15:35:03,Burger,Smoky BBQ Burger,3,249.0,50.0,49.45,Debit Card,Delivered,33,4.5
ORD_00193,CUST_0732,REST_109,Paradise Biryani,Mumbai,2024-03-29,13:13:51,Biryani,Kolkata Special Biryani,1,350.0,0.0,74.36,UPI,Pending,40,0.0
ORD_00194,CUST_0610,REST_121,Subway,Chennai,2024-07-17,14:20:54,Fast Food,Crispy Chicken Bucket,1,480.0,40.0,75.93,Credit Card,Delivered,44,5.0
ORD_00195,CUST_0581,REST_105,Burger King,Delhi,2024-10-01,21:16:24,Burger,Classic Chicken Burger,2,199.0,50.0,22.06,UPI,Delivered,56,4.0
ORD_00196,CUST_0406,REST_113,Punjab Grill,Kolkata,2024-05-17,08:21:52,Indian,Garlic Naan Combo,2,160.0,30.0,0.0,Cash,Delivered,24,2.0
ORD_00197,CUST_0308,REST_123,Taco Bell,Ahmedabad,2024-11-05,12:28:13,Fast Food,Chicken Zinger Meal,3,299.0,40.0,61.77,Debit Card,Delivered,50,4.0
ORD_00198,CUST_0727,REST_109,Paradise Biryani,Pune,2024-04-08,14:53:03,Biryani,Mutton Dum Biryani,1,450.0,40.0,0.0,UPI,Delivered,41,3.5
ORD_00199,CUST_0651,REST_102,Pizza Hut,Delhi,2024-09-07,12:55:30,Pizza,Farmhouse Supreme,2,399.0,30.0,0.0,debit card,Delivered,62,5.0
ORD_00200,CUST_0051,REST_114,Barbeque Nation,Bangalore,2024-12-12,22:32:01,Indian,Butter Chicken,3,360.0,0.0,27.28,UPI,Delivered,32,5.0
ORD_00201,CUST_0313,REST_128,Belgian Waffle Co,Chennai,2024-08-23,22:19:43,Desserts,Belgian Chocolate Waffle,1,160.0,50.0,25.63,Cash,Delivered,41,4.5
ORD_00202,CUST_0290,REST_108,The Burger Club,Chennai,2024-06-21,18:55:17,Burger,Crispy Veg Burger,1,129.0,30.0,0.0,Cash,Delivered,21,4.0
ORD_00203,CUST_0615,REST_122,KFC,Pune,2024-12-01,13:16:58,Fast Food,Crispy Chicken Bucket,1,480.0,40.0,52.07,Wallet,Delivered,39,4.0
ORD_00204,CUST_0548,REST_123,Taco Bell,Ahmedabad,2024-12-02,13:18:06,Fast Food,Veggie Delight Sub,1,190.0,30.0,50.75,Debit Card,Cancelled,0,0.0
ORD_00205,CUST_0671,REST_115,Haldiram's,Delhi,2024-06-06,13:23:16,Indian,Butter Chicken,2,360.0,40.0,110.29,Debit Card,Delivered,57,5.0
ORD_00206,CUST_0513,REST_127,Naturals Ice Cream,Delhi,2024-01-28,12:08:12,Desserts,Gulab Jamun (2 pcs),1,80.0,50.0,149.0,UPI,Cancelled,0,0.0
ORD_00207,CUST_0083,REST_122,KFC,Ahmedabad,2024-11-20,22:17:13,Fast Food,Cheesy French Fries,2,120.0,20.0,28.71,Credit Card,Delivered,26,4.5
ORD_00208,CUST_0414,REST_132,Chai Point,Pune,2024-01-20,14:23:00,Beverages,Cold Coffee with Ice Cream,3,150.0,50.0,0.0,Credit Card,Delivered,33,5.0
ORD_00209,CUST_0320,REST_108,The Burger Club,Bangalore,2024-10-28,19:52:02,Burger,Smoky BBQ Burger,1,249.0,30.0,48.62,Cash,Delivered,61,1.0
ORD_00210,CUST_0502,REST_114,Barbeque Nation,Kolkata,2024-01-10,20:13:46,Indian,Garlic Naan Combo,1,160.0,50.0,0.0,UPI,Delivered,20,4.5
ORD_00211,CUST_0790,REST_101,Domino's Pizza,Mumbai,2024-01-25,13:28:24,Pizza,Margherita Pizza,1,249.0,30.0,28.42,Credit Card,Delivered,37,4.5
ORD_00212,CUST_0533,REST_112,Meghana Foods,Chennai,2024-09-18,11:18:07,Biryani,Hyderabadi Chicken Biryani,2,320.0,40.0,0.0,UPI,Delivered,51,2.0
ORD_00213,CUST_0420,REST_109,Paradise Biryani,Chennai,2024-09-11,23:21:15,Biryani,Paneer Biryani,1,260.0,0.0,137.64,Credit Card,Delivered,23,4.0
ORD_00214,CUST_0741,REST_118,Wow! Momo,Delhi,2024-05-31,19:06:52,Chinese,Schezwan Veg Momos,1,150.0,0.0,102.02,Credit Card,Delivered,25,5.0
ORD_00215,CUST_0047,REST_110,Behrouz Biryani,Mumbai,2024-07-02,16:56:46,Biryani,Veg Dum Biryani,1,240.0,30.0,0.0,UPI,Pending,28,0.0
ORD_00216,CUST_0707,REST_126,Theobroma,Ahmedabad,2024-03-08,12:54:10,Desserts,Chocolate Truffle Pastry,1,140.0,50.0,51.29,UPI,Delivered,40,4.5
ORD_00217,CUST_0745,REST_132,Chai Point,Bangalore,2024-07-29,12:16:41,Beverages,Cold Coffee with Ice Cream,1,150.0,50.0,118.25,Cash,Pending,41,0.0
ORD_00218,CUST_0532,REST_126,Theobroma,Delhi,2024-06-26,14:24:09,Desserts,Gulab Jamun (2 pcs),3,80.0,50.0,120.97,UPI,Cancelled,0,0.0
ORD_00219,CUST_0481,REST_109,Paradise Biryani,Ahmedabad,2024-06-13,21:03:32,Biryani,Kolkata Special Biryani,1,350.0,40.0,32.92,Cash,Delivered,46,5.0
ORD_00220,CUST_0324,REST_129,Starbucks,Delhi,2024-07-25,14:35:00,Beverages,Cold Coffee with Ice Cream,3,150.0,50.0,122.82,Debit Card,Delivered,59,4.0
ORD_00221,CUST_0373,REST_116,Saravanaa Bhavan,Mumbai,2024-10-13,23:45:42,Indian,Dal Makhani,1,220.0,40.0,0.0,Credit Card,Delivered,39,4.5
ORD_00222,CUST_0299,REST_105,Burger King,Kolkata,2024-09-09,22:06:16,Burger,Double Whopper,2,299.0,20.0,0.0,Debit Card,Delivered,30,4.0
ORD_00223,CUST_0425,REST_108,The Burger Club,Mumbai,2024-12-03,14:08:31,Burger,Fiery Paneer Burger,1,179.0,0.0,43.8,Cash,Cancelled,0,0.0
ORD_00224,CUST_0182,REST_109,Paradise Biryani,Bangalore,2024-12-02,13:32:56,Biryani,Kolkata Special Biryani,1,350.0,50.0,132.18,UPI,Pending,29,0.0
ORD_00225,CUST_0137,REST_127,Naturals Ice Cream,Bangalore,2024-06-09,14:12:13,Desserts,Nutella Brownie,2,130.0,30.0,70.67,UPI,Delivered,29,4.5
ORD_00226,CUST_0331,REST_124,Faasos,Delhi,2024-10-19,21:43:47,Fast Food,Paneer Wrap,3,160.0,50.0,0.0,Debit Card,Delivered,51,5.0
ORD_00227,CUST_0055,REST_115,Haldiram's,Mumbai,2024-05-26,12:53:03,Indian,Butter Chicken,2,360.0,30.0,0.0,Cash,Delivered,46,5.0
ORD_00228,CUST_0758,REST_126,Theobroma,Hyderabad,2024-12-22,19:59:24,Desserts,Nutella Brownie,1,130.0,30.0,79.04,Credit Card,Delivered,46,3.5
ORD_00229,,REST_114,Barbeque Nation,Kolkata,2024-08-17,19:11:11,Indian,Dal Makhani,2,220.0,0.0,43.57,Cash,Delivered,55,3.5
ORD_00230,CUST_0478,REST_102,Pizza Hut,Bangalore,2024-11-01,21:31:50,Pizza,Farmhouse Supreme,2,399.0,30.0,0.0,Credit Card,Delivered,29,4.5
ORD_00231,CUST_0164,REST_125,Baskin Robbins,Pune,2024-04-23,18:21:23,Desserts,Belgian Chocolate Waffle,1,160.0,50.0,74.81,Credit Card,Pending,20,0.0
ORD_00232,CUST_0355,REST_114,Barbeque Nation,Ahmedabad,2024-12-15,20:58:50,Indian,Paneer Butter Masala,4,280.0,40.0,0.0,Credit Card,Delivered,51,3.5
ORD_00233,CUST_0521,REST_129,Starbucks,Ahmedabad,2024-11-29,19:06:10,Beverages,Masala Chai (Flask),5,110.0,50.0,54.48,UPI,Delivered,31,3.5
ORD_00234,CUST_0107,REST_125,Baskin Robbins,Hyderabad,2024-01-13,13:02:05,Desserts,Red Velvet Jar Cake,1,175.0,20.0,116.86,Cash,Delivered,34,4.5
ORD_00235,CUST_0415,REST_121,Subway,Pune,2024-12-10,19:41:46,Fast Food,Chicken Zinger Meal,2,299.0,50.0,0.0,Debit Card,Delivered,50,5.0
ORD_00236,CUST_0309,REST_120,Berco's,Delhi,2024-07-21,08:30:10,Chinese,Schezwan Veg Momos,1,150.0,20.0,63.82,Debit Card,Delivered,58,5.0
ORD_00237,CUST_0747,REST_102,Pizza Hut,Kolkata,2024-01-22,22:34:35,Pizza,Margherita Pizza,4,249.0,30.0,0.0,Credit Card,Delivered,31,4.5
ORD_00238,CUST_0525,REST_110,Behrouz Biryani,Bangalore,2024-11-11,14:07:11,Biryani,Mutton Dum Biryani,2,450.0,50.0,138.85,Wallet,Pending,34,0.0
ORD_00239,CUST_0075,REST_107,Wendy's,Chennai,2024-04-11,23:21:22,Burger,Crispy Veg Burger,1,129.0,20.0,0.0,Cash,Cancelled,0,0.0
ORD_00240,CUST_0462,REST_118,Wow! Momo,Kolkata,2024-10-17,21:27:10,Chinese,Manchurian Gravy,1,210.0,20.0,128.41,Cash,Delivered,41,5.0
ORD_00241,CUST_0492,REST_131,Cafe Coffee Day,Ahmedabad,2024-09-06,12:41:38,Beverages,Masala Chai (Flask),1,110.0,30.0,85.5,Cash,Delivered,58,5.0
ORD_00242,CUST_0020,REST_126,Theobroma,Mumbai,2024-10-09,22:41:49,Desserts,Chocolate Truffle Pastry,1,140.0,40.0,0.0,Credit Card,Delivered,36,5.0
ORD_00243,CUST_0093,REST_121,Subway,Pune,2024-11-10,14:08:28,Fast Food,Veggie Delight Sub,1,190.0,50.0,124.46,Wallet,Delivered,48,3.0
ORD_00244,CUST_0780,REST_113,Punjab Grill,Ahmedabad,2024-07-08,20:33:58,Indian,Dal Makhani,2,220.0,40.0,45.01,UPI,Pending,30,0.0
ORD_00245,CUST_0534,REST_118,Wow! Momo,Chennai,2024-11-30,19:33:16,Chinese,Schezwan Veg Momos,1,-50.0,20.0,39.41,Debit Card,Delivered,48,3.5
ORD_00246,CUST_0143,REST_110,Behrouz Biryani,Ahmedabad,2024-09-20,12:09:11,Biryani,Hyderabadi Chicken Biryani,1,320.0,50.0,26.51,UPI,Delivered,64,5.0
ORD_00247,CUST_0491,REST_112,Meghana Foods,Hyderabad,2024-05-04,20:08:40,Biryani,Hyderabadi Chicken Biryani,1,320.0,50.0,0.0,UPI,Cancelled,0,0.0
ORD_00248,CUST_0416,REST_117,Mainland China,Mumbai,2024-08-17,13:55:30,Chinese,Chicken Fried Rice,1,230.0,40.0,63.7,Credit Card,Delivered,60,4.5
ORD_00249,CUST_0703,REST_129,Starbucks,Kolkata,2024-07-12,19:01:12,Beverages,Caffe Latte,1,220.0,50.0,65.46,Cash,Delivered,57,4.5
ORD_00250,CUST_0545,REST_108,The Burger Club,Delhi,2024-11-04,12:57:49,Burger,Double Whopper,2,299.0,40.0,40.37,UPI,Delivered,32,3.0
ORD_00251,CUST_0788,REST_121,Subway,Pune,2024-03-09,20:58:54,Fast Food,Chicken Zinger Meal,1,299.0,50.0,105.65,UPI,Delivered,18,4.5
ORD_00252,CUST_0008,REST_115,Haldiram's,Pune,2024-07-04,22:41:37,Indian,Garlic Naan Combo,1,160.0,50.0,40.11,UPI,Delivered,31,4.5
ORD_00253,CUST_0495,REST_124,Faasos,Bangalore,2024-06-06,14:25:47,Fast Food,Cheesy French Fries,1,120.0,0.0,44.56,Credit Card,Delivered,31,4.5
ORD_00254,CUST_0564,REST_112,Meghana Foods,Mumbai,2024-02-16,23:59:38,Biryani,Hyderabadi Chicken Biryani,1,320.0,0.0,0.0,UPI,Delivered,64,4.5
ORD_00255,CUST_0629,REST_102,Pizza Hut,Chennai,2024-08-12,21:12:02,Pizza,Paneer Tikka Pizza,2,349.0,50.0,32.74,UPI,Delivered,33,4.0
ORD_00256,CUST_0089,REST_127,Naturals Ice Cream,Chennai,2024-07-26,14:00:47,Desserts,Gulab Jamun (2 pcs),2,80.0,0.0,59.94,Cash,Delivered,40,2.5
ORD_00257,CUST_0621,REST_132,Chai Point,Hyderabad,2024-01-03,22:32:06,Beverages,Iced Green Tea,2,130.0,50.0,0.0,Wallet,Delivered,34,3.5
ORD_00258,CUST_0589,REST_132,Chai Point,Chennai,2024-09-04,18:49:29,Beverages,Iced Green Tea,2,130.0,50.0,111.15,UPI,Delivered,32,4.0
ORD_00259,CUST_0324,REST_121,Subway,Pune,2024-05-07,22:43:47,Fast Food,Cheesy French Fries,3,120.0,0.0,29.82,UPI,Delivered,54,5.0
ORD_00260,CUST_0700,REST_130,Chaayos,Hyderabad,2024-05-03,14:14:12,Beverages,Caffe Latte,3,-50.0,50.0,62.84,UPI,Delivered,60,4.5
ORD_00261,CUST_0555,REST_131,Cafe Coffee Day,Mumbai,2024-06-10,14:55:17,Beverages,Iced Green Tea,1,130.0,50.0,0.0,UPI,Delivered,21,4.5
ORD_00262,CUST_0554,REST_124,Faasos,Mumbai,2024-08-22,22:20:44,Fast Food,Veggie Delight Sub,1,190.0,20.0,25.54,UPI,Cancelled,0,0.0
ORD_00263,CUST_0270,REST_120,Berco's,Hyderabad,2024-06-24,22:27:13,Chinese,Manchurian Gravy,1,210.0,30.0,42.03,Cash,Delivered,54,4.0
ORD_00264,CUST_0739,REST_116,Saravanaa Bhavan,Chennai,2024-04-10,20:30:51,Indian,Garlic Naan Combo,1,160.0,40.0,74.76,Debit Card,Delivered,64,5.0
ORD_00265,CUST_0257,REST_125,Baskin Robbins,Mumbai,2024-01-31,21:30:53,Desserts,Red Velvet Jar Cake,2,175.0,40.0,34.29,UPI,Delivered,34,5.0
ORD_00266,CUST_0360,REST_111,Bawarchi,Hyderabad,2024-06-15,13:49:47,Biryani,Veg Dum Biryani,1,240.0,0.0,35.76,Cash,Delivered,28,4.0
ORD_00267,CUST_0432,REST_105,Burger King,Pune,2024-06-24,21:41:18,Burger,Double Whopper,2,299.0,50.0,34.92,UPI,Cancelled,0,0.0
ORD_00268,CUST_0602,REST_126,Theobroma,Ahmedabad,2024-01-12,20:42:16,Desserts,Red Velvet Jar Cake,4,175.0,0.0,0.0,upi,Delivered,48,4.5
ORD_00269,CUST_0407,REST_107,Wendy's,Delhi,2024-03-20,22:19:14,Burger,Smoky BBQ Burger,1,249.0,30.0,26.95,Cash,Delivered,20,4.0
ORD_00270,CUST_0334,REST_131,Cafe Coffee Day,Ahmedabad,2024-08-15,20:37:38,Beverages,Iced Green Tea,1,130.0,50.0,55.19,Cash,Cancelled,0,0.0
ORD_00271,CUST_0233,REST_131,Cafe Coffee Day,Delhi,2024-07-30,21:00:00,Beverages,Masala Chai (Flask),1,110.0,20.0,0.0,Cash,Delivered,49,2.5
ORD_00272,CUST_0010,REST_118,Wow! Momo,Pune,2024-10-07,22:56:35,Chinese,Veg Hakka Noodles,1,180.0,20.0,0.0,Credit Card,Delivered,42,5.0
ORD_00273,CUST_0641,REST_119,Wok Express,Hyderabad,2024-05-17,12:11:08,Chinese,Manchurian Gravy,1,210.0,40.0,34.97,Cash,Delivered,19,5.0
ORD_00274,CUST_0023,REST_107,Wendy's,Bangalore,2024-03-05,08:14:05,Burger,Classic Chicken Burger,1,199.0,40.0,0.0,UPI,Delivered,49,1.0
ORD_00275,CUST_0033,REST_106,McDonald's,Kolkata,2024-05-16,10:34:30,Burger,Crispy Veg Burger,1,129.0,30.0,137.12,UPI,Delivered,33,4.5
ORD_00276,CUST_0254,REST_116,Saravanaa Bhavan,Mumbai,2024-09-23,12:30:24,Indian,Paneer Butter Masala,2,280.0,30.0,86.9,Credit Card,Delivered,53,4.5
ORD_00277,CUST_0654,REST_115,Haldiram's,Chennai,2024-12-07,19:15:40,Indian,Paneer Butter Masala,1,280.0,0.0,0.0,UPI,Delivered,33,5.0
ORD_00278,CUST_0708,REST_111,Bawarchi,Ahmedabad,2024-05-07,19:43:39,Biryani,Hyderabadi Chicken Biryani,1,320.0,0.0,0.0,Cash,Delivered,24,5.0
ORD_00279,CUST_0572,REST_130,Chaayos,Kolkata,2024-12-18,20:16:57,Beverages,Cold Coffee with Ice Cream,1,150.0,40.0,49.85,Cash,Delivered,52,5.0
ORD_00280,CUST_0282,REST_106,McDonald's,Bangalore,2024-05-31,19:29:00,Burger,Fiery Paneer Burger,2,179.0,50.0,30.2,UPI,Cancelled,0,0.0
ORD_00281,CUST_0245,REST_108,The Burger Club,Kolkata,2024-09-25,14:09:39,Burger,Double Whopper,1,299.0,40.0,26.08,Cash,Delivered,26,
ORD_00282,CUST_0110,REST_113,Punjab Grill,Ahmedabad,2024-10-19,13:42:31,Indian,Paneer Butter Masala,1,280.0,50.0,0.0,UPI,Delivered,22,5.0
ORD_00283,CUST_0672,REST_108,The Burger Club,Ahmedabad,2024-07-03,13:52:23,Burger,Crispy Veg Burger,2,129.0,0.0,94.94,UPI,Delivered,37,5.0
ORD_00284,CUST_0532,REST_106,McDonald's,Delhi,2024-07-16,20:36:40,Burger,Smoky BBQ Burger,4,249.0,50.0,42.84,UPI,Delivered,40,4.0
ORD_00285,CUST_0438,REST_110,Behrouz Biryani,Delhi,2024-07-24,14:10:34,Biryani,Paneer Biryani,5,260.0,40.0,142.69,Cash,Pending,31,0.0
ORD_00286,CUST_0649,REST_122,KFC,Pune,2024-10-06,21:23:28,Fast Food,Paneer Wrap,1,160.0,40.0,0.0,UPI,Delivered,19,4.5
ORD_00287,CUST_0310,REST_118,Wow! Momo,Mumbai,2024-06-10,21:58:35,Chinese,Chicken Fried Rice,1,230.0,50.0,86.6,UPI,Delivered,26,5.0
ORD_00288,CUST_0256,REST_119,Wok Express,Hyderabad,2024-10-19,20:46:04,Chinese,Veg Hakka Noodles,2,180.0,40.0,0.0,Credit Card,Delivered,54,3.5
ORD_00289,CUST_0658,REST_104,La Pino'z Pizza,Chennai,2024-01-29,18:22:56,Pizza,Margherita Pizza,3,249.0,40.0,84.04,Credit Card,Delivered,56,3.0
ORD_00290,CUST_0648,REST_103,Ovenstory Pizza,Pune,2024-01-22,20:20:32,Pizza,Cheese Burst Pizza,2,429.0,20.0,0.0,Credit Card,Delivered,46,4.0
ORD_00291,CUST_0093,REST_127,Naturals Ice Cream,Hyderabad,2024-03-16,19:30:36,Desserts,Gulab Jamun (2 pcs),2,80.0,50.0,24.68,Cash,Delivered,26,4.0
ORD_00292,CUST_0203,REST_126,Theobroma,Ahmedabad,2024-11-11,15:15:04,Desserts,Nutella Brownie,1,130.0,40.0,0.0,Debit Card,Delivered,60,4.5
ORD_00293,CUST_0196,REST_121,Subway,Kolkata,2024-03-27,22:39:09,Fast Food,Cheesy French Fries,1,120.0,20.0,0.0,UPI,Delivered,23,5.0
ORD_00294,CUST_0636,REST_117,Mainland China,Bangalore,2024-12-21,17:28:30,Chinese,Chilli Chicken Gravy,1,270.0,20.0,31.65,Cash,Delivered,53,4.5
ORD_00295,CUST_0145,REST_125,Baskin Robbins,Mumbai,2024-03-28,20:50:44,Desserts,Belgian Chocolate Waffle,2,160.0,0.0,71.98,UPI,Delivered,60,3.5
ORD_00296,CUST_0111,REST_120,Berco's,Mumbai,2024-07-13,14:06:57,Chinese,Chicken Fried Rice,1,230.0,50.0,30.25,Cash,Delivered,63,5.0
ORD_00297,CUST_0543,REST_124,Faasos,Chennai,2024-03-21,21:22:40,Fast Food,Chicken Zinger Meal,1,299.0,50.0,0.0,UPI,Delivered,42,3.0
ORD_00298,CUST_0031,REST_114,Barbeque Nation,Chennai,2024-07-20,12:46:24,Indian,Dal Makhani,1,220.0,50.0,126.49,UPI,Delivered,45,2.0
ORD_00299,CUST_0338,REST_110,Behrouz Biryani,Ahmedabad,2024-10-24,12:55:08,Biryani,Mutton Dum Biryani,1,450.0,50.0,107.25,Debit Card,Delivered,59,3.0
ORD_00300,CUST_0326,REST_106,McDonald's,Delhi,2024-03-15,18:56:26,Burger,Classic Chicken Burger,4,199.0,30.0,71.36,Debit Card,Cancelled,0,0.0
ORD_00301,CUST_0798,REST_106,McDonald's,Hyderabad,2024-01-14,16:38:36,Burger,Double Whopper,2,299.0,50.0,0.0,Credit Card,Delivered,62,4.0
ORD_00302,CUST_0620,REST_122,KFC,Ahmedabad,2024-09-08,12:12:14,Fast Food,Chicken Zinger Meal,1,299.0,0.0,146.26,UPI,Delivered,30,4.0
ORD_00303,CUST_0450,REST_124,Faasos,Ahmedabad,2024-08-06,12:38:47,Fast Food,Veggie Delight Sub,3,190.0,30.0,71.65,Cash,Delivered,59,3.5
ORD_00304,CUST_0534,REST_132,Chai Point,Delhi,2024-05-05,13:47:02,Beverages,Cold Coffee with Ice Cream,2,150.0,50.0,147.19,UPI,Delivered,37,4.0
ORD_00305,CUST_0171,REST_117,Mainland China,Pune,2024-03-13,14:28:05,Chinese,Manchurian Gravy,2,210.0,0.0,0.0,Cash,Cancelled,0,0.0
ORD_00306,CUST_0403,REST_124,Faasos,Pune,2024-04-01,14:57:12,Fast Food,Crispy Chicken Bucket,3,480.0,0.0,0.0,Credit Card,Cancelled,0,0.0
ORD_00307,CUST_0736,REST_105,Burger King,Delhi,2024-11-20,22:46:50,Burger,Fiery Paneer Burger,5,179.0,50.0,103.4,UPI,Delivered,39,4.5
ORD_00308,CUST_0154,REST_110,Behrouz Biryani,Bangalore,2024-08-02,22:18:40,Biryani,Hyderabadi Chicken Biryani,1,320.0,20.0,75.26,Credit Card,Delivered,49,3.5
ORD_00309,CUST_0006,REST_114,Barbeque Nation,Ahmedabad,2024-12-03,13:28:05,Indian,Kadhai Paneer,2,270.0,0.0,0.0,Cash,Delivered,53,3.5
ORD_00310,CUST_0190,REST_103,Ovenstory Pizza,Bangalore,2024-03-15,17:21:58,Pizza,Margherita Pizza,1,249.0,0.0,29.8,Credit Card,Delivered,62,4.0
ORD_00311,CUST_0576,REST_131,Cafe Coffee Day,Bangalore,2024-02-17,18:23:57,Beverages,Cold Coffee with Ice Cream,1,150.0,0.0,138.25,UPI,Delivered,25,4.0
ORD_00312,CUST_0540,REST_114,Barbeque Nation,Pune,2024-01-30,19:30:46,Indian,Kadhai Paneer,2,270.0,30.0,66.63,UPI,Delivered,57,4.5
ORD_00313,CUST_0577,REST_132,Chai Point,Ahmedabad,2024-11-08,21:12:00,Beverages,Caffe Latte,1,220.0,40.0,26.49,Debit Card,Delivered,44,4.5
ORD_00314,CUST_0574,REST_102,Pizza Hut,Hyderabad,2024-05-10,17:19:32,Pizza,Farmhouse Supreme,1,399.0,0.0,0.0,upi,Delivered,54,4.5
ORD_00315,CUST_0180,REST_123,Taco Bell,Hyderabad,2024-08-30,12:30:09,Fast Food,Chicken Zinger Meal,2,299.0,50.0,109.69,Credit Card,Cancelled,0,0.0
ORD_00316,CUST_0534,REST_121,Subway,Chennai,2024-10-22,13:04:09,Fast Food,Veggie Delight Sub,1,190.0,0.0,0.0,UPI,Delivered,28,4.5
ORD_00317,CUST_0610,REST_119,Wok Express,Delhi,2024-05-19,13:56:15,Chinese,Veg Hakka Noodles,1,180.0,30.0,0.0,UPI,Delivered,20,4.0
ORD_00318,CUST_0455,REST_130,Chaayos,Mumbai,2024-06-23,17:49:20,Beverages,Caffe Latte,1,220.0,0.0,145.35,Credit Card,Delivered,64,5.0
ORD_00319,CUST_0535,REST_103,Ovenstory Pizza,Delhi,2024-12-17,10:21:29,Pizza,Margherita Pizza,3,249.0,0.0,56.24,UPI,Delivered,37,4.0
ORD_00320,CUST_0206,REST_119,Wok Express,Hyderabad,2024-06-12,11:17:09,Chinese,Manchurian Gravy,1,210.0,0.0,0.0,Cash,Delivered,31,4.5
ORD_00321,CUST_0278,REST_118,Wow! Momo,Bangalore,2024-02-06,21:34:28,Chinese,Chicken Fried Rice,1,230.0,0.0,57.15,UPI,Delivered,45,4.5
ORD_00322,CUST_0607,REST_123,Taco Bell,Ahmedabad,2024-04-11,10:59:48,Fast Food,Cheesy French Fries,2,120.0,50.0,0.0,Credit Card,Cancelled,0,0.0
ORD_00323,CUST_0467,REST_132,Chai Point,Chennai,2024-04-24,21:58:23,Beverages,Caffe Latte,1,220.0,30.0,141.18,Cash,Delivered,48,5.0
ORD_00324,CUST_0175,REST_122,KFC,Chennai,2024-02-22,14:50:06,Fast Food,Paneer Wrap,1,160.0,0.0,114.96,UPI,Delivered,57,5.0
ORD_00325,CUST_0494,REST_107,Wendy's,Pune,2024-12-21,13:36:50,Burger,Double Whopper,1,299.0,20.0,0.0,Credit Card,Delivered,63,4.5
ORD_00326,CUST_0607,REST_121,Subway,Ahmedabad,2024-03-31,22:04:38,Fast Food,Chicken Zinger Meal,1,299.0,50.0,103.42,Cash,Delivered,23,5.0
ORD_00327,CUST_0595,REST_110,Behrouz Biryani,Mumbai,2024-09-29,22:12:13,Biryani,Kolkata Special Biryani,2,350.0,30.0,0.0,Credit Card,Delivered,45,4.0
ORD_00328,CUST_0092,REST_126,Theobroma,Mumbai,2024-02-01,19:00:45,Desserts,Belgian Chocolate Waffle,2,160.0,30.0,0.0,UPI,Delivered,45,4.0
ORD_00329,CUST_0326,REST_128,Belgian Waffle Co,Pune,2024-10-06,20:30:08,Desserts,Gulab Jamun (2 pcs),1,-50.0,40.0,102.02,UPI,Delivered,60,5.0
ORD_00330,CUST_0664,REST_112,Meghana Foods,Mumbai,2024-03-10,22:55:29,Biryani,Kolkata Special Biryani,3,350.0,50.0,121.74,Cash,Delivered,46,4.5
ORD_00331,CUST_0435,REST_130,Chaayos,Mumbai,2024-05-17,14:36:23,Beverages,Iced Green Tea,1,130.0,0.0,58.77,UPI,Delivered,62,5.0
ORD_00332,CUST_0540,REST_129,Starbucks,Chennai,2024-11-08,22:40:47,Beverages,Iced Green Tea,2,-50.0,0.0,49.66,Cash,Delivered,39,4.5
ORD_00333,CUST_0465,REST_124,Faasos,Ahmedabad,2024-05-30,19:44:59,Fast Food,Cheesy French Fries,2,120.0,30.0,51.0,UPI,Delivered,28,4.5
ORD_00334,CUST_0299,REST_120,Berco's,Mumbai,2024-03-05,13:16:08,Chinese,Veg Hakka Noodles,2,180.0,30.0,76.07,UPI,Delivered,55,4.0
ORD_00335,CUST_0379,REST_118,Wow! Momo,Bangalore,2024-04-02,09:21:05,Chinese,Schezwan Veg Momos,4,150.0,50.0,86.56,Cash,Pending,44,0.0
ORD_00336,CUST_0677,REST_110,Behrouz Biryani,Ahmedabad,2024-06-25,21:48:52,Biryani,Paneer Biryani,1,260.0,20.0,46.19,Cash,Cancelled,0,0.0
ORD_00337,CUST_0240,REST_128,Belgian Waffle Co,Pune,2024-03-15,13:00:18,Desserts,Belgian Chocolate Waffle,4,160.0,40.0,37.36,Cash,Pending,23,0.0
ORD_00338,CUST_0653,REST_127,Naturals Ice Cream,Kolkata,2024-05-18,19:16:41,Desserts,Belgian Chocolate Waffle,2,160.0,40.0,131.18,Credit Card,Delivered,30,4.5
ORD_00339,CUST_0185,REST_101,Domino's Pizza,Kolkata,2024-01-07,14:06:43,Pizza,Margherita Pizza,1,249.0,20.0,33.85,UPI,Delivered,21,3.0
ORD_00340,CUST_0223,REST_105,Burger King,Delhi,2024-03-07,20:57:07,Burger,Smoky BBQ Burger,2,249.0,30.0,0.0,Credit Card,Delivered,47,3.0
ORD_00341,CUST_0438,REST_118,Wow! Momo,Kolkata,2024-05-21,20:24:21,Chinese,Veg Hakka Noodles,5,180.0,30.0,94.85,UPI,Delivered,30,4.5
ORD_00342,CUST_0504,REST_112,Meghana Foods,Delhi,2024-11-10,13:45:16,Biryani,Mutton Dum Biryani,1,450.0,0.0,0.0,Credit Card,Delivered,19,3.0
ORD_00343,,REST_104,La Pino'z Pizza,Mumbai,2024-03-18,20:36:00,Pizza,Farmhouse Supreme,1,399.0,40.0,42.22,Credit Card,Delivered,22,4.5
ORD_00344,CUST_0706,REST_107,Wendy's,Ahmedabad,2024-12-15,19:40:41,Burger,Classic Chicken Burger,1,199.0,50.0,100.5,Debit Card,Delivered,36,4.0
ORD_00345,CUST_0041,REST_115,Haldiram's,Pune,2024-02-24,13:31:05,Indian,Garlic Naan Combo,3,160.0,40.0,27.7,UPI,Delivered,55,5.0
ORD_00346,CUST_0554,REST_132,Chai Point,Chennai,2024-01-19,21:50:46,Beverages,Cold Coffee with Ice Cream,1,150.0,0.0,0.0,Credit Card,Delivered,61,3.5
ORD_00347,CUST_0759,REST_105,Burger King,Hyderabad,2024-09-07,13:58:58,Burger,Double Whopper,2,299.0,20.0,27.18,UPI,Delivered,37,3.5
ORD_00348,CUST_0626,REST_105,Burger King,Bangalore,2024-09-11,14:14:04,Burger,Crispy Veg Burger,3,129.0,40.0,0.0,Debit Card,Delivered,43,5.0
ORD_00349,CUST_0590,REST_122,KFC,Bangalore,2024-10-30,19:07:17,Fast Food,Crispy Chicken Bucket,1,480.0,40.0,0.0,UPI,Delivered,33,3.0
ORD_00350,CUST_0103,REST_109,Paradise Biryani,Pune,2024-02-11,20:59:05,Biryani,Kolkata Special Biryani,2,350.0,50.0,106.22,Credit Card,Delivered,62,5.0
ORD_00351,CUST_0278,REST_126,Theobroma,Ahmedabad,2024-11-08,14:11:45,Desserts,Red Velvet Jar Cake,1,175.0,0.0,63.04,UPI,Delivered,33,5.0
ORD_00352,CUST_0098,REST_116,Saravanaa Bhavan,Kolkata,2024-05-21,19:50:09,Indian,Butter Chicken,2,360.0,40.0,28.79,Debit Card,Delivered,41,5.0
ORD_00353,CUST_0343,REST_101,Domino's Pizza,Ahmedabad,2024-10-02,19:31:32,Pizza,Margherita Pizza,1,249.0,20.0,52.6,UPI,Delivered,61,3.0
ORD_00354,CUST_0113,REST_113,Punjab Grill,Kolkata,2024-07-30,20:57:14,Indian,Butter Chicken,1,360.0,50.0,68.98,UPI,Cancelled,0,0.0
ORD_00355,CUST_0397,REST_112,Meghana Foods,Kolkata,2024-11-19,21:12:21,Biryani,Mutton Dum Biryani,1,450.0,50.0,0.0,UPI,Cancelled,0,0.0
ORD_00356,CUST_0176,REST_115,Haldiram's,Kolkata,2024-03-21,13:36:35,Indian,Kadhai Paneer,3,270.0,0.0,48.7,Debit Card,Delivered,48,3.5
ORD_00357,CUST_0748,REST_114,Barbeque Nation,Pune,2024-08-10,14:09:58,Indian,Dal Makhani,2,220.0,0.0,22.43,Wallet,Delivered,50,5.0
ORD_00358,CUST_0491,REST_132,Chai Point,Delhi,2024-02-12,12:44:46,Beverages,Caffe Latte,1,220.0,20.0,0.0,UPI,Delivered,23,5.0
ORD_00359,CUST_0166,REST_104,La Pino'z Pizza,Ahmedabad,2024-03-11,20:11:50,Pizza,Paneer Tikka Pizza,3,349.0,40.0,20.08,Cash,Delivered,62,
ORD_00360,CUST_0437,REST_113,Punjab Grill,Chennai,2024-06-20,09:32:58,Indian,Kadhai Paneer,2,270.0,0.0,0.0,UPI,Delivered,41,4.5
ORD_00361,CUST_0722,REST_114,Barbeque Nation,Delhi,2024-05-02,14:30:47,Indian,Dal Makhani,4,220.0,50.0,127.71,Credit Card,Delivered,38,4.5
ORD_00362,CUST_0697,REST_117,Mainland China,Pune,2024-07-09,22:32:33,Chinese,Veg Hakka Noodles,3,180.0,40.0,57.31,Cash,Delivered,57,4.5
ORD_00363,CUST_0710,REST_116,Saravanaa Bhavan,Delhi,2024-02-11,20:18:04,Indian,Paneer Butter Masala,1,280.0,30.0,0.0,UPI,Delivered,31,4.5
ORD_00364,CUST_0301,REST_112,Meghana Foods,Pune,2024-08-03,14:01:18,Biryani,Veg Dum Biryani,1,240.0,0.0,92.42,Wallet,Delivered,44,4.5
ORD_00365,CUST_0335,REST_132,Chai Point,Ahmedabad,2024-10-17,21:10:50,Beverages,Masala Chai (Flask),1,110.0,40.0,35.85,Debit Card,Delivered,36,4.5
ORD_00366,CUST_0165,REST_110,Behrouz Biryani,Chennai,2024-03-23,19:20:36,Biryani,Mutton Dum Biryani,1,450.0,30.0,31.28,Credit Card,Delivered,40,5.0
ORD_00367,CUST_0167,REST_105,Burger King,Chennai,2024-09-12,22:59:20,Burger,Fiery Paneer Burger,1,179.0,50.0,99.85,Credit Card,Delivered,36,2.5
ORD_00368,CUST_0588,REST_131,Cafe Coffee Day,Bangalore,2024-09-02,12:43:35,Beverages,Cold Coffee with Ice Cream,1,150.0,0.0,66.25,UPI,Delivered,21,4.5
ORD_00369,CUST_0540,REST_118,Wow! Momo,Hyderabad,2024-02-12,13:43:42,Chinese,Veg Hakka Noodles,4,180.0,50.0,46.98,Cash,Delivered,21,3.0
ORD_00370,CUST_0152,REST_124,Faasos,Pune,2024-01-07,21:19:28,Fast Food,Cheesy French Fries,3,120.0,0.0,0.0,Debit Card,Delivered,44,4.0
ORD_00371,CUST_0746,REST_126,Theobroma,Pune,2024-11-02,20:19:30,Desserts,Nutella Brownie,5,130.0,50.0,79.96,Wallet,Delivered,23,5.0
ORD_00372,CUST_0280,REST_112,Meghana Foods,Pune,2024-03-11,22:18:35,Biryani,Paneer Biryani,1,260.0,30.0,97.79,Cash,Delivered,19,4.0
ORD_00373,CUST_0308,REST_107,Wendy's,Ahmedabad,2024-04-01,14:41:15,Burger,Fiery Paneer Burger,1,179.0,30.0,73.38,Cash,Delivered,48,4.5
ORD_00374,CUST_0644,REST_107,Wendy's,Ahmedabad,2024-10-21,21:10:37,Burger,Smoky BBQ Burger,1,249.0,30.0,58.13,UPI,Delivered,41,4.5
ORD_00375,CUST_0365,REST_119,Wok Express,Mumbai,2024-11-23,14:49:40,Chinese,Manchurian Gravy,1,210.0,0.0,29.19,UPI,Delivered,61,4.0
ORD_00376,CUST_0715,REST_107,Wendy's,Kolkata,2024-01-07,21:23:49,Burger,Double Whopper,1,299.0,30.0,87.23,UPI,Delivered,30,4.0
ORD_00377,CUST_0707,REST_128,Belgian Waffle Co,Delhi,2024-02-29,08:30:22,Desserts,Chocolate Truffle Pastry,1,140.0,30.0,0.0,UPI,Pending,36,0.0
ORD_00378,CUST_0351,REST_117,Mainland China,Bangalore,2024-04-23,20:44:14,Chinese,Veg Hakka Noodles,1,180.0,20.0,0.0,UPI,Delivered,25,5.0
ORD_00379,CUST_0776,REST_102,Pizza Hut,Pune,2024-01-17,09:30:07,Pizza,Margherita Pizza,3,249.0,0.0,0.0,Credit Card,Delivered,25,3.0
ORD_00380,CUST_0205,REST_121,Subway,Bangalore,2024-03-15,16:37:22,Fast Food,Crispy Chicken Bucket,1,480.0,50.0,120.97,Cash,Delivered,55,4.0
ORD_00381,CUST_0733,REST_118,Wow! Momo,Hyderabad,2024-01-03,11:59:13,Chinese,Manchurian Gravy,4,210.0,40.0,52.42,UPI,Pending,25,0.0
ORD_00382,CUST_0389,REST_114,Barbeque Nation,Pune,2024-02-27,18:07:29,Indian,Garlic Naan Combo,1,160.0,20.0,39.87,UPI,Delivered,23,5.0
ORD_00383,CUST_0291,REST_120,Berco's,Ahmedabad,2024-10-10,13:12:54,Chinese,Chicken Fried Rice,1,230.0,40.0,102.56,UPI,Delivered,61,5.0
ORD_00384,CUST_0675,REST_106,McDonald's,Delhi,2024-07-24,12:47:59,Burger,Fiery Paneer Burger,3,179.0,20.0,0.0,Wallet,Delivered,56,3.5
ORD_00385,CUST_0239,REST_131,Cafe Coffee Day,Pune,2024-10-30,22:22:30,Beverages,Iced Green Tea,2,130.0,40.0,113.36,UPI,Delivered,25,5.0
ORD_00386,CUST_0644,REST_101,Domino's Pizza,Bangalore,2024-02-04,12:11:24,Pizza,Margherita Pizza,2,249.0,30.0,0.0,Cash,Delivered,22,4.0
ORD_00387,CUST_0505,REST_115,Haldiram's,Ahmedabad,2024-09-08,14:21:51,Indian,Garlic Naan Combo,3,160.0,50.0,0.0,Credit Card,Pending,23,0.0
ORD_00388,CUST_0323,REST_132,Chai Point,Pune,2024-01-17,21:56:45,Beverages,Cold Coffee with Ice Cream,1,150.0,40.0,0.0,Credit Card,Delivered,25,4.5
ORD_00389,CUST_0568,REST_130,Chaayos,Ahmedabad,2024-01-29,22:37:24,Beverages,Iced Green Tea,2,130.0,30.0,96.33,UPI,Delivered,26,3.5
ORD_00390,CUST_0760,REST_124,Faasos,Mumbai,2024-08-07,21:26:22,Fast Food,Crispy Chicken Bucket,1,480.0,20.0,0.0,Cash,Delivered,62,5.0
ORD_00391,CUST_0346,REST_103,Ovenstory Pizza,Bangalore,2024-08-23,13:36:32,Pizza,Margherita Pizza,3,249.0,30.0,0.0,Cash,Delivered,38,4.5
ORD_00392,CUST_0587,REST_129,Starbucks,Delhi,2024-06-21,14:21:10,Beverages,Caffe Latte,2,220.0,30.0,90.13,Cash,Pending,22,0.0
ORD_00393,CUST_0549,REST_119,Wok Express,Hyderabad,2024-06-01,20:51:14,Chinese,Veg Hakka Noodles,2,180.0,0.0,51.8,Cash,Delivered,54,4.0
ORD_00394,CUST_0215,REST_107,Wendy's,Kolkata,2024-06-02,14:20:12,Burger,Smoky BBQ Burger,1,249.0,30.0,44.93,Credit Card,Delivered,19,4.5
ORD_00395,CUST_0192,REST_116,Saravanaa Bhavan,Ahmedabad,2024-11-22,14:54:49,Indian,Dal Makhani,3,220.0,50.0,23.29,UPI,Delivered,33,5.0
ORD_00396,CUST_0308,REST_127,Naturals Ice Cream,Pune,2024-11-20,22:17:52,Desserts,Chocolate Truffle Pastry,1,140.0,20.0,0.0,cash,Delivered,25,5.0
ORD_00397,CUST_0318,REST_132,Chai Point,Ahmedabad,2024-11-27,14:10:17,Beverages,Mango Smoothie,1,160.0,30.0,95.83,Cash,Delivered,20,2.5
ORD_00398,CUST_0021,REST_107,Wendy's,Mumbai,2024-06-01,21:57:23,Burger,Smoky BBQ Burger,2,249.0,0.0,66.19,Debit Card,Delivered,54,4.0
ORD_00399,CUST_0535,REST_129,Starbucks,Chennai,2024-11-03,21:21:53,Beverages,Caffe Latte,2,220.0,40.0,130.8,Wallet,Delivered,24,5.0
ORD_00400,CUST_0451,REST_117,Mainland China,Pune,2024-09-30,19:20:34,Chinese,Schezwan Veg Momos,1,150.0,20.0,140.96,Wallet,Delivered,63,4.5
ORD_00401,CUST_0661,REST_102,Pizza Hut,Mumbai,2024-10-09,21:57:51,Pizza,Farmhouse Supreme,2,399.0,50.0,139.32,UPI,Cancelled,0,0.0
ORD_00402,CUST_0262,REST_106,McDonald's,Chennai,2024-04-17,13:58:28,Burger,Classic Chicken Burger,2,199.0,40.0,95.55,UPI,Delivered,49,4.5
ORD_00403,CUST_0341,REST_106,McDonald's,Pune,2024-09-16,22:38:46,Burger,Classic Chicken Burger,3,199.0,30.0,21.5,UPI,Delivered,58,4.5
ORD_00404,CUST_0004,REST_115,Haldiram's,Pune,2024-10-21,20:15:33,Indian,Dal Makhani,2,220.0,20.0,126.43,Credit Card,Delivered,48,3.5
ORD_00405,CUST_0178,REST_118,Wow! Momo,Kolkata,2024-07-31,22:56:24,Chinese,Veg Hakka Noodles,4,180.0,50.0,0.0,Wallet,Cancelled,0,0.0
ORD_00406,CUST_0642,REST_108,The Burger Club,Hyderabad,2024-05-14,13:03:25,Burger,Double Whopper,2,299.0,50.0,0.0,UPI,Delivered,54,5.0
ORD_00407,CUST_0446,REST_129,Starbucks,Ahmedabad,2024-12-31,21:18:47,Beverages,Caffe Latte,1,220.0,20.0,31.36,UPI,Delivered,64,4.0
ORD_00408,CUST_0419,REST_103,Ovenstory Pizza,Bangalore,2024-04-30,12:23:37,Pizza,Farmhouse Supreme,2,399.0,40.0,0.0,Cash,Cancelled,0,0.0
ORD_00409,CUST_0408,REST_128,Belgian Waffle Co,Hyderabad,2024-05-11,19:03:21,Desserts,Nutella Brownie,4,130.0,40.0,149.76,Wallet,Pending,39,0.0
ORD_00410,CUST_0047,REST_120,Berco's,Mumbai,2024-07-21,12:57:35,Chinese,Chilli Chicken Gravy,1,270.0,20.0,0.0,Cash,Cancelled,0,0.0
ORD_00411,CUST_0136,REST_124,Faasos,Delhi,2024-05-13,19:08:31,Fast Food,Veggie Delight Sub,3,190.0,30.0,70.94,UPI,Cancelled,0,0.0
ORD_00412,CUST_0780,REST_124,Faasos,Chennai,2024-06-10,23:48:09,Fast Food,Veggie Delight Sub,2,190.0,40.0,0.0,UPI,Delivered,20,4.5
ORD_00413,CUST_0479,REST_108,The Burger Club,Pune,2024-08-14,22:29:31,Burger,Crispy Veg Burger,1,129.0,20.0,0.0,UPI,Cancelled,0,0.0
ORD_00414,CUST_0173,REST_113,Punjab Grill,Chennai,2024-10-19,19:15:49,Indian,Kadhai Paneer,1,270.0,0.0,76.95,Credit Card,Delivered,43,4.5
ORD_00415,CUST_0109,REST_109,Paradise Biryani,Kolkata,2024-08-23,23:29:40,Biryani,Hyderabadi Chicken Biryani,4,320.0,50.0,38.12,UPI,Delivered,46,5.0
ORD_00416,CUST_0752,REST_113,Punjab Grill,Bangalore,2024-06-14,10:35:38,Indian,Dal Makhani,1,220.0,40.0,0.0,UPI,Delivered,43,5.0
ORD_00417,CUST_0167,REST_127,Naturals Ice Cream,Pune,2024-03-02,22:47:51,Desserts,Red Velvet Jar Cake,4,175.0,50.0,0.0,Credit Card,Delivered,50,5.0
ORD_00418,CUST_0398,REST_120,Berco's,Ahmedabad,2024-08-04,13:27:40,Chinese,Veg Hakka Noodles,1,180.0,0.0,73.53,Credit Card,Delivered,63,5.0
ORD_00419,CUST_0645,REST_120,Berco's,Delhi,2024-02-10,23:19:09,Chinese,Schezwan Veg Momos,5,150.0,30.0,114.23,UPI,Delivered,22,3.0
ORD_00420,CUST_0523,REST_125,Baskin Robbins,Pune,2024-12-04,16:22:16,Desserts,Gulab Jamun (2 pcs),2,80.0,50.0,0.0,Credit Card,Delivered,29,3.5
ORD_00421,CUST_0427,REST_124,Faasos,Chennai,2024-11-15,18:58:55,Fast Food,Chicken Zinger Meal,3,299.0,20.0,0.0,Credit Card,Delivered,61,5.0
ORD_00422,CUST_0006,REST_105,Burger King,Pune,2024-12-01,14:25:55,Burger,Double Whopper,2,299.0,50.0,36.65,Credit Card,Delivered,62,4.0
ORD_00423,CUST_0405,REST_106,McDonald's,Chennai,2024-01-08,19:44:12,Burger,Double Whopper,3,299.0,20.0,27.98,UPI,Delivered,52,5.0
ORD_00424,CUST_0475,REST_132,Chai Point,Bangalore,2024-02-29,20:47:44,Beverages,Cold Coffee with Ice Cream,1,150.0,40.0,67.29,Cash,Delivered,54,3.5
ORD_00425,CUST_0342,REST_108,The Burger Club,Mumbai,2024-09-10,17:02:31,Burger,Fiery Paneer Burger,1,179.0,50.0,53.63,Credit Card,Delivered,49,5.0
ORD_00426,CUST_0020,REST_121,Subway,Pune,2024-11-27,13:07:31,Fast Food,Cheesy French Fries,2,120.0,30.0,43.99,UPI,Delivered,48,5.0
ORD_00427,CUST_0225,REST_130,Chaayos,Kolkata,2024-12-30,22:53:43,Beverages,Masala Chai (Flask),2,110.0,30.0,134.98,Debit Card,Delivered,36,4.0
ORD_00428,CUST_0495,REST_110,Behrouz Biryani,Bangalore,2024-11-06,13:31:19,Biryani,Mutton Dum Biryani,1,450.0,50.0,0.0,UPI,Cancelled,0,0.0
ORD_00429,CUST_0163,REST_101,Domino's Pizza,Bangalore,2024-08-08,20:07:35,Pizza,Farmhouse Supreme,1,399.0,30.0,133.87,Credit Card,Delivered,53,5.0
ORD_00430,CUST_0707,REST_104,La Pino'z Pizza,Delhi,2024-02-26,11:52:35,Pizza,Paneer Tikka Pizza,1,349.0,0.0,0.0,UPI,Delivered,41,5.0
ORD_00431,CUST_0453,REST_106,McDonald's,Ahmedabad,2024-06-20,11:54:12,Burger,Classic Chicken Burger,1,199.0,40.0,75.49,Debit Card,Delivered,36,4.5
ORD_00432,CUST_0382,REST_122,KFC,Pune,2024-09-28,12:08:51,Fast Food,Veggie Delight Sub,1,190.0,40.0,146.39,Cash,Delivered,19,4.5
ORD_00433,CUST_0735,REST_107,Wendy's,Delhi,2024-07-24,13:27:03,Burger,Classic Chicken Burger,1,199.0,0.0,55.28,Debit Card,Delivered,58,2.0
ORD_00434,CUST_0533,REST_128,Belgian Waffle Co,Chennai,2024-06-04,18:58:22,Desserts,Nutella Brownie,1,130.0,30.0,120.78,UPI,Delivered,59,5.0
ORD_00435,CUST_0634,REST_124,Faasos,Ahmedabad,2024-06-03,21:24:46,Fast Food,Veggie Delight Sub,2,190.0,20.0,49.74,UPI,Delivered,37,4.5
ORD_00436,CUST_0164,REST_103,Ovenstory Pizza,Mumbai,2024-06-04,11:46:03,Pizza,Pepperoni Feast,3,499.0,30.0,39.5,UPI,Delivered,25,4.5
ORD_00437,CUST_0006,REST_122,KFC,Ahmedabad,2024-10-16,15:22:19,Fast Food,Paneer Wrap,1,160.0,50.0,59.29,Cash,Delivered,38,4.5
ORD_00438,CUST_0798,REST_129,Starbucks,Kolkata,2024-12-30,13:05:05,Beverages,Caffe Latte,1,220.0,20.0,44.54,UPI,Delivered,55,4.5
ORD_00439,CUST_0271,REST_128,Belgian Waffle Co,Ahmedabad,2024-08-01,12:32:08,Desserts,Gulab Jamun (2 pcs),1,80.0,40.0,0.0,Credit Card,Cancelled,0,0.0
ORD_00440,CUST_0218,REST_129,Starbucks,Ahmedabad,2024-10-13,19:38:54,Beverages,Caffe Latte,1,220.0,0.0,35.93,Cash,Delivered,37,1.0
ORD_00441,CUST_0498,REST_110,Behrouz Biryani,Mumbai,2024-08-03,21:56:18,Biryani,Paneer Biryani,1,260.0,40.0,0.0,Cash,Delivered,20,4.5
ORD_00442,CUST_0580,REST_124,Faasos,Ahmedabad,2024-11-06,20:32:40,Fast Food,Chicken Zinger Meal,1,299.0,40.0,28.19,Credit Card,Delivered,57,4.0
ORD_00443,CUST_0239,REST_121,Subway,Pune,2024-05-22,12:45:01,Fast Food,Chicken Zinger Meal,2,299.0,30.0,26.81,Cash,Delivered,57,4.5
ORD_00444,CUST_0584,REST_129,Starbucks,Hyderabad,2024-12-03,13:01:17,Beverages,Cold Coffee with Ice Cream,2,150.0,20.0,137.92,Cash,Delivered,52,4.5
ORD_00445,CUST_0047,REST_103,Ovenstory Pizza,Ahmedabad,2024-04-02,14:20:24,Pizza,Paneer Tikka Pizza,1,349.0,0.0,115.63,UPI,Delivered,23,5.0
ORD_00446,CUST_0695,REST_103,Ovenstory Pizza,Bangalore,2024-01-14,17:24:06,Pizza,Pepperoni Feast,1,499.0,40.0,94.35,Wallet,Cancelled,0,0.0
ORD_00447,CUST_0246,REST_132,Chai Point,Hyderabad,2024-05-17,22:35:26,Beverages,Cold Coffee with Ice Cream,1,150.0,0.0,32.86,Debit Card,Delivered,55,4.0
ORD_00448,CUST_0569,REST_120,Berco's,Bangalore,2024-02-12,14:50:09,Chinese,Schezwan Veg Momos,1,150.0,20.0,115.32,UPI,Cancelled,0,0.0
ORD_00449,CUST_0002,REST_118,Wow! Momo,Ahmedabad,2024-01-31,23:17:38,Chinese,Veg Hakka Noodles,1,180.0,40.0,138.18,UPI,Delivered,36,5.0
ORD_00450,CUST_0577,REST_117,Mainland China,Delhi,2024-12-23,20:46:35,Chinese,Schezwan Veg Momos,5,150.0,40.0,0.0,Cash,Delivered,61,2.5
ORD_00451,CUST_0771,REST_118,Wow! Momo,Ahmedabad,2024-06-23,21:01:58,Chinese,Chilli Chicken Gravy,2,270.0,0.0,20.24,UPI,Delivered,53,3.0
ORD_00452,CUST_0781,REST_105,Burger King,Pune,2024-01-16,22:43:07,Burger,Smoky BBQ Burger,1,249.0,40.0,101.85,UPI,Delivered,62,2.0
ORD_00453,CUST_0380,REST_129,Starbucks,Hyderabad,2024-01-11,19:12:05,Beverages,Caffe Latte,3,220.0,30.0,91.59,Wallet,Pending,21,0.0
ORD_00454,CUST_0721,REST_102,Pizza Hut,Hyderabad,2024-02-26,23:10:35,Pizza,Paneer Tikka Pizza,1,349.0,50.0,53.16,UPI,Delivered,65,5.0
ORD_00455,CUST_0584,REST_118,Wow! Momo,Hyderabad,2024-12-20,14:16:43,Chinese,Veg Hakka Noodles,2,180.0,40.0,0.0,UPI,Delivered,59,5.0
ORD_00456,CUST_0443,REST_117,Mainland China,Pune,2024-08-26,14:48:02,Chinese,Manchurian Gravy,3,210.0,20.0,0.0,Debit Card,Delivered,38,5.0
ORD_00457,CUST_0084,REST_116,Saravanaa Bhavan,Mumbai,2024-05-07,21:19:04,Indian,Paneer Butter Masala,2,280.0,0.0,0.0,UPI,Delivered,58,3.0
ORD_00458,CUST_0254,REST_130,Chaayos,Delhi,2024-01-28,15:04:49,Beverages,Masala Chai (Flask),2,110.0,40.0,121.9,Cash,Delivered,21,3.0
ORD_00459,CUST_0711,REST_109,Paradise Biryani,Delhi,2024-01-29,22:04:06,Biryani,Kolkata Special Biryani,2,350.0,50.0,0.0,Debit Card,Delivered,57,4.0
ORD_00460,CUST_0614,REST_132,Chai Point,Mumbai,2024-08-07,11:21:41,Beverages,Mango Smoothie,4,160.0,0.0,38.05,UPI,Delivered,56,4.0
ORD_00461,CUST_0199,REST_119,Wok Express,Bangalore,2024-09-03,22:11:15,Chinese,Schezwan Veg Momos,1,150.0,0.0,0.0,UPI,Delivered,59,4.0
ORD_00462,CUST_0555,REST_112,Meghana Foods,Bangalore,2024-11-04,21:00:33,Biryani,Veg Dum Biryani,2,240.0,20.0,0.0,Cash,Delivered,21,4.5
ORD_00463,CUST_0206,REST_107,Wendy's,Hyderabad,2024-12-07,14:29:38,Burger,Double Whopper,2,299.0,50.0,38.46,UPI,Delivered,24,4.5
ORD_00464,CUST_0044,REST_113,Punjab Grill,Ahmedabad,2024-12-20,20:15:30,Indian,Butter Chicken,2,360.0,30.0,103.19,UPI,Delivered,18,4.5
ORD_00465,CUST_0031,REST_111,Bawarchi,Delhi,2024-04-09,13:02:01,Biryani,Kolkata Special Biryani,1,350.0,30.0,0.0,Debit Card,Delivered,39,3.5
ORD_00466,CUST_0201,REST_111,Bawarchi,Mumbai,2024-01-11,12:24:41,Biryani,Hyderabadi Chicken Biryani,2,320.0,0.0,0.0,UPI,Delivered,41,4.0
ORD_00467,CUST_0540,REST_105,Burger King,Pune,2024-03-07,14:34:24,Burger,Double Whopper,2,299.0,30.0,73.73,UPI,Delivered,57,4.5
ORD_00468,CUST_0302,REST_122,KFC,Bangalore,2024-11-18,12:54:32,Fast Food,Crispy Chicken Bucket,4,480.0,40.0,0.0,UPI,Delivered,60,4.5
ORD_00469,CUST_0398,REST_132,Chai Point,Kolkata,2024-06-13,23:45:31,Beverages,Caffe Latte,1,220.0,50.0,70.67,Cash,Delivered,32,3.0
ORD_00470,CUST_0241,REST_115,Haldiram's,Pune,2024-07-12,13:16:35,Indian,Garlic Naan Combo,1,160.0,0.0,0.0,Cash,Delivered,20,4.5
ORD_00471,CUST_0437,REST_132,Chai Point,Ahmedabad,2024-07-07,18:17:24,Beverages,Mango Smoothie,1,160.0,40.0,0.0,Cash,Delivered,23,5.0
ORD_00472,CUST_0560,REST_118,Wow! Momo,Delhi,2024-03-01,19:34:12,Chinese,Veg Hakka Noodles,1,180.0,30.0,0.0,Credit Card,Delivered,35,5.0
ORD_00473,CUST_0142,REST_103,Ovenstory Pizza,Chennai,2024-06-26,20:25:52,Pizza,Farmhouse Supreme,2,399.0,0.0,48.2,Credit Card,Delivered,43,5.0
ORD_00474,CUST_0215,REST_116,Saravanaa Bhavan,Ahmedabad,2024-06-23,18:54:12,Indian,Garlic Naan Combo,1,160.0,40.0,0.0,UPI,Delivered,41,5.0
ORD_00475,CUST_0313,REST_131,Cafe Coffee Day,Mumbai,2024-04-25,14:48:25,Beverages,Masala Chai (Flask),2,110.0,50.0,0.0,Cash,Delivered,20,3.0
ORD_00476,CUST_0339,REST_126,Theobroma,Pune,2024-02-02,12:30:06,Desserts,Gulab Jamun (2 pcs),1,80.0,40.0,36.76,UPI,Delivered,29,5.0
ORD_00477,CUST_0501,REST_110,Behrouz Biryani,Mumbai,2024-07-16,20:18:42,Biryani,Hyderabadi Chicken Biryani,1,320.0,40.0,0.0,Cash,Delivered,44,4.5
ORD_00478,CUST_0133,REST_129,Starbucks,Pune,2024-04-15,20:19:27,Beverages,Mango Smoothie,3,160.0,40.0,0.0,Cash,Delivered,30,4.5
ORD_00479,CUST_0283,REST_102,Pizza Hut,Hyderabad,2024-02-02,15:33:21,Pizza,Paneer Tikka Pizza,3,349.0,40.0,51.69,Credit Card,Delivered,47,5.0
ORD_00480,CUST_0305,REST_112,Meghana Foods,Pune,2024-04-01,21:29:24,Biryani,Mutton Dum Biryani,3,450.0,20.0,25.25,Credit Card,Delivered,28,5.0
ORD_00481,CUST_0299,REST_116,Saravanaa Bhavan,Delhi,2024-10-10,21:04:48,Indian,Garlic Naan Combo,1,160.0,30.0,29.07,UPI,Delivered,19,5.0
ORD_00482,CUST_0768,REST_127,Naturals Ice Cream,Ahmedabad,2024-04-09,19:16:07,Desserts,Gulab Jamun (2 pcs),2,80.0,20.0,0.0,Credit Card,Delivered,22,5.0
ORD_00483,CUST_0731,REST_112,Meghana Foods,Ahmedabad,2024-03-23,19:38:06,Biryani,Veg Dum Biryani,1,240.0,0.0,41.5,UPI,Delivered,61,5.0
ORD_00484,CUST_0183,REST_102,Pizza Hut,Hyderabad,2024-12-22,19:24:44,Pizza,Paneer Tikka Pizza,1,349.0,0.0,22.68,UPI,Delivered,33,4.5
ORD_00485,CUST_0094,REST_125,Baskin Robbins,Mumbai,2024-06-21,10:14:56,Desserts,Chocolate Truffle Pastry,1,140.0,20.0,22.42,Cash,Delivered,38,4.5
ORD_00486,CUST_0213,REST_125,Baskin Robbins,Pune,2024-04-19,21:11:00,Desserts,Red Velvet Jar Cake,1,175.0,30.0,0.0,UPI,Delivered,60,3.5
ORD_00487,CUST_0378,REST_106,McDonald's,Mumbai,2024-06-03,23:06:45,Burger,Fiery Paneer Burger,1,179.0,50.0,0.0,Wallet,Delivered,58,4.0
ORD_00488,CUST_0790,REST_122,KFC,Bangalore,2024-12-07,13:01:38,Fast Food,Cheesy French Fries,3,120.0,40.0,55.23,UPI,Delivered,18,5.0
ORD_00489,CUST_0128,REST_116,Saravanaa Bhavan,Chennai,2024-11-13,20:23:31,Indian,Butter Chicken,1,360.0,20.0,55.31,UPI,Delivered,46,4.0
ORD_00490,CUST_0285,REST_104,La Pino'z Pizza,Kolkata,2024-01-13,21:21:15,Pizza,Farmhouse Supreme,1,399.0,0.0,124.88,UPI,Delivered,64,5.0
ORD_00491,CUST_0534,REST_112,Meghana Foods,Kolkata,2024-02-03,10:12:03,Biryani,Hyderabadi Chicken Biryani,2,320.0,20.0,84.42,UPI,Delivered,31,5.0
ORD_00492,CUST_0743,REST_118,Wow! Momo,Ahmedabad,2024-05-05,14:15:19,Chinese,Chicken Fried Rice,1,230.0,40.0,90.11,Debit Card,Delivered,41,4.5
ORD_00493,CUST_0452,REST_126,Theobroma,Pune,2024-01-11,21:54:05,Desserts,Gulab Jamun (2 pcs),2,80.0,30.0,28.4,Credit Card,Delivered,47,5.0
ORD_00494,CUST_0576,REST_107,Wendy's,Ahmedabad,2024-08-28,20:00:00,Burger,Double Whopper,3,299.0,30.0,70.91,Wallet,Pending,31,0.0
ORD_00495,CUST_0316,REST_125,Baskin Robbins,Delhi,2024-07-16,13:12:48,Desserts,Chocolate Truffle Pastry,1,140.0,30.0,131.37,UPI,Delivered,58,4.0
ORD_00496,CUST_0667,REST_126,Theobroma,Pune,2024-09-01,21:40:45,Desserts,Red Velvet Jar Cake,2,175.0,20.0,0.0,Cash,Delivered,34,5.0
ORD_00497,CUST_0679,REST_101,Domino's Pizza,Bangalore,2024-11-25,20:25:45,Pizza,Margherita Pizza,2,249.0,0.0,30.39,UPI,Delivered,34,4.0
ORD_00498,,REST_120,Berco's,Pune,2024-02-25,13:52:09,Chinese,Veg Hakka Noodles,1,180.0,20.0,104.85,UPI,Pending,35,0.0
ORD_00499,CUST_0072,REST_127,Naturals Ice Cream,Pune,2024-03-28,20:45:08,Desserts,Gulab Jamun (2 pcs),1,80.0,20.0,26.06,Cash,Delivered,30,5.0
ORD_00500,CUST_0778,REST_120,Berco's,Hyderabad,2024-11-16,11:55:40,Chinese,Schezwan Veg Momos,1,150.0,30.0,0.0,UPI,Delivered,19,4.5
ORD_00501,CUST_0689,REST_101,Domino's Pizza,Delhi,2024-01-04,12:06:13,Pizza,Farmhouse Supreme,1,399.0,0.0,48.6,Wallet,Delivered,49,4.5
ORD_00502,CUST_0440,REST_123,Taco Bell,Kolkata,2024-05-02,20:24:39,Fast Food,Cheesy French Fries,1,120.0,30.0,135.47,UPI,Cancelled,0,0.0
ORD_00503,CUST_0143,REST_107,Wendy's,Mumbai,2024-07-07,14:42:55,Burger,Double Whopper,1,299.0,40.0,20.17,Cash,Cancelled,0,0.0
ORD_00504,CUST_0649,REST_103,Ovenstory Pizza,Kolkata,2024-04-29,13:47:39,Pizza,Paneer Tikka Pizza,2,349.0,30.0,71.23,Wallet,Pending,42,0.0
ORD_00505,CUST_0752,REST_118,Wow! Momo,Pune,2024-09-23,09:08:31,Chinese,Chicken Fried Rice,2,230.0,30.0,149.72,Wallet,Delivered,46,2.5
ORD_00506,CUST_0554,REST_114,Barbeque Nation,Hyderabad,2024-12-03,12:27:45,Indian,Butter Chicken,1,360.0,30.0,132.47,UPI,Delivered,48,2.5
ORD_00507,CUST_0682,REST_129,Starbucks,Bangalore,2024-04-24,10:41:21,Beverages,Masala Chai (Flask),1,110.0,40.0,63.18,Wallet,Delivered,32,5.0
ORD_00508,CUST_0090,REST_107,Wendy's,Delhi,2024-04-06,11:36:23,Burger,Smoky BBQ Burger,1,249.0,30.0,118.27,UPI,Delivered,52,5.0
ORD_00509,CUST_0434,REST_122,KFC,Kolkata,2024-12-05,12:06:25,Fast Food,Paneer Wrap,1,160.0,40.0,0.0,Credit Card,Delivered,32,4.5
ORD_00510,CUST_0616,REST_109,Paradise Biryani,Chennai,2024-06-12,19:17:54,Biryani,Paneer Biryani,2,260.0,40.0,31.86,UPI,Pending,21,0.0
ORD_00511,CUST_0342,REST_114,Barbeque Nation,Bangalore,2024-04-01,20:19:52,Indian,Paneer Butter Masala,2,280.0,20.0,116.1,UPI,Delivered,40,4.0
ORD_00512,CUST_0541,REST_118,Wow! Momo,Chennai,2024-07-20,21:48:50,Chinese,Manchurian Gravy,2,210.0,0.0,128.22,Cash,Delivered,26,4.5
ORD_00513,CUST_0149,REST_114,Barbeque Nation,Hyderabad,2024-07-04,11:43:50,Indian,Paneer Butter Masala,5,280.0,20.0,74.05,Credit Card,Delivered,21,5.0
ORD_00514,CUST_0184,REST_107,Wendy's,Mumbai,2024-08-10,20:15:02,Burger,Smoky BBQ Burger,1,249.0,40.0,57.84,Wallet,Delivered,42,4.0
ORD_00515,CUST_0687,REST_132,Chai Point,Delhi,2024-11-19,13:00:07,Beverages,Masala Chai (Flask),1,110.0,0.0,56.78,Cash,Delivered,54,2.0
ORD_00516,CUST_0711,REST_112,Meghana Foods,Delhi,2024-11-26,17:36:08,Biryani,Kolkata Special Biryani,1,350.0,0.0,67.42,Cash,Delivered,62,5.0
ORD_00517,CUST_0550,REST_105,Burger King,Ahmedabad,2024-12-03,13:55:38,Burger,Double Whopper,2,299.0,0.0,64.03,UPI,Delivered,31,4.0
ORD_00518,CUST_0263,REST_105,Burger King,Mumbai,2024-06-01,20:27:42,Burger,Smoky BBQ Burger,1,249.0,30.0,0.0,Wallet,Cancelled,0,0.0
ORD_00519,CUST_0547,REST_112,Meghana Foods,Ahmedabad,2024-09-24,19:38:34,Biryani,Veg Dum Biryani,1,240.0,0.0,22.46,UPI,Delivered,31,2.5
ORD_00520,CUST_0222,REST_118,Wow! Momo,Kolkata,2024-08-04,21:16:24,Chinese,Manchurian Gravy,2,210.0,20.0,24.58,UPI,Delivered,62,5.0
ORD_00521,CUST_0645,REST_115,Haldiram's,Chennai,2024-12-02,14:38:10,Indian,Kadhai Paneer,1,270.0,20.0,0.0,Credit Card,Delivered,56,5.0
ORD_00522,CUST_0545,REST_125,Baskin Robbins,Delhi,2024-11-23,21:49:17,Desserts,Belgian Chocolate Waffle,1,160.0,20.0,0.0,UPI,Pending,27,0.0
ORD_00523,CUST_0108,REST_111,Bawarchi,Delhi,2024-09-07,21:44:36,Biryani,Paneer Biryani,3,260.0,50.0,0.0,UPI,Delivered,38,2.5
ORD_00524,CUST_0354,REST_130,Chaayos,Pune,2024-01-05,14:09:42,Beverages,Masala Chai (Flask),1,110.0,40.0,34.71,Debit Card,Delivered,41,4.0
ORD_00525,CUST_0624,REST_130,Chaayos,Pune,2024-06-30,17:17:27,Beverages,Mango Smoothie,1,160.0,20.0,0.0,Debit Card,Cancelled,0,0.0
ORD_00526,CUST_0321,REST_105,Burger King,Delhi,2024-02-17,19:05:47,Burger,Double Whopper,1,299.0,40.0,75.8,Wallet,Delivered,64,5.0
ORD_00527,CUST_0702,REST_125,Baskin Robbins,Delhi,2024-04-07,08:45:27,Desserts,Nutella Brownie,2,130.0,30.0,0.0,Credit Card,Pending,36,0.0
ORD_00528,CUST_0044,REST_110,Behrouz Biryani,Ahmedabad,2024-02-08,20:32:22,Biryani,Mutton Dum Biryani,4,450.0,40.0,29.38,Wallet,Delivered,61,5.0
ORD_00529,CUST_0785,REST_119,Wok Express,Delhi,2024-05-30,19:47:40,Chinese,Schezwan Veg Momos,2,150.0,20.0,144.68,Wallet,Delivered,20,3.0
ORD_00530,CUST_0500,REST_121,Subway,Mumbai,2024-08-23,21:06:00,Fast Food,Paneer Wrap,1,160.0,20.0,20.49,UPI,Delivered,51,4.5
ORD_00531,CUST_0127,REST_102,Pizza Hut,Ahmedabad,2024-04-25,13:19:23,Pizza,Farmhouse Supreme,1,399.0,20.0,34.82,Wallet,Delivered,46,5.0
ORD_00532,CUST_0445,REST_122,KFC,Mumbai,2024-04-07,20:25:26,Fast Food,Crispy Chicken Bucket,2,480.0,0.0,0.0,UPI,Delivered,60,2.0
ORD_00533,CUST_0501,REST_111,Bawarchi,Ahmedabad,2024-09-13,20:08:07,Biryani,Kolkata Special Biryani,4,350.0,0.0,0.0,UPI,Delivered,61,5.0
ORD_00534,CUST_0351,REST_104,La Pino'z Pizza,Pune,2024-05-28,19:48:27,Pizza,Paneer Tikka Pizza,1,349.0,20.0,30.28,UPI,Delivered,34,1.0
ORD_00535,CUST_0440,REST_129,Starbucks,Hyderabad,2024-11-08,20:14:07,Beverages,Iced Green Tea,1,130.0,0.0,0.0,UPI,Delivered,19,4.5
ORD_00536,CUST_0053,REST_127,Naturals Ice Cream,Pune,2024-04-23,22:03:32,Desserts,Red Velvet Jar Cake,1,175.0,0.0,0.0,UPI,Delivered,40,4.0
ORD_00537,CUST_0049,REST_101,Domino's Pizza,Bangalore,2024-12-04,14:18:30,Pizza,Margherita Pizza,1,249.0,50.0,0.0,UPI,Cancelled,0,0.0
ORD_00538,CUST_0312,REST_105,Burger King,Delhi,2024-03-07,21:47:49,Burger,Smoky BBQ Burger,2,249.0,50.0,55.76,UPI,Delivered,24,5.0
ORD_00539,CUST_0124,REST_114,Barbeque Nation,Mumbai,2024-02-20,21:19:46,Indian,Garlic Naan Combo,1,160.0,20.0,28.45,UPI,Delivered,63,5.0
ORD_00540,CUST_0574,REST_124,Faasos,Kolkata,2024-08-11,22:33:59,Fast Food,Crispy Chicken Bucket,4,480.0,0.0,0.0,UPI,Pending,29,0.0
ORD_00541,CUST_0580,REST_116,Saravanaa Bhavan,Mumbai,2024-12-16,14:04:10,Indian,Garlic Naan Combo,1,160.0,50.0,62.87,UPI,Delivered,29,5.0
ORD_00542,CUST_0607,REST_131,Cafe Coffee Day,Mumbai,2024-04-22,21:35:07,Beverages,Masala Chai (Flask),1,110.0,0.0,36.05,Cash,Cancelled,0,0.0
ORD_00543,CUST_0137,REST_102,Pizza Hut,Chennai,2024-09-30,21:40:38,Pizza,Pepperoni Feast,5,499.0,30.0,0.0,Credit Card,Delivered,64,5.0
ORD_00544,CUST_0302,REST_101,Domino's Pizza,Kolkata,2024-04-22,16:11:16,Pizza,Farmhouse Supreme,5,399.0,50.0,67.74,Wallet,Delivered,64,4.0
ORD_00545,CUST_0670,REST_116,Saravanaa Bhavan,Chennai,2024-06-15,22:09:28,Indian,Butter Chicken,1,360.0,40.0,69.62,UPI,Delivered,29,3.5
ORD_00546,CUST_0584,REST_111,Bawarchi,Ahmedabad,2024-06-07,20:52:25,Biryani,Hyderabadi Chicken Biryani,2,320.0,20.0,0.0,UPI,Delivered,59,2.0
ORD_00547,CUST_0540,REST_101,Domino's Pizza,Bangalore,2024-07-15,19:48:53,Pizza,Paneer Tikka Pizza,2,349.0,0.0,0.0,Credit Card,Delivered,58,4.5
ORD_00548,CUST_0010,REST_121,Subway,Delhi,2024-03-12,14:57:28,Fast Food,Veggie Delight Sub,3,190.0,30.0,0.0,UPI,Delivered,62,5.0
ORD_00549,CUST_0022,REST_107,Wendy's,Mumbai,2024-09-18,21:09:00,Burger,Crispy Veg Burger,3,129.0,0.0,0.0,UPI,Delivered,36,5.0
ORD_00550,CUST_0394,REST_130,Chaayos,Delhi,2024-04-24,21:22:04,Beverages,Cold Coffee with Ice Cream,2,150.0,0.0,70.86,UPI,Delivered,27,5.0
ORD_00551,CUST_0615,REST_126,Theobroma,Bangalore,2024-11-15,19:56:06,Desserts,Belgian Chocolate Waffle,1,160.0,40.0,71.31,Credit Card,Delivered,22,4.0
ORD_00552,CUST_0153,REST_122,KFC,Bangalore,2024-08-16,23:52:04,Fast Food,Chicken Zinger Meal,1,299.0,40.0,95.89,UPI,Pending,25,0.0
ORD_00553,CUST_0362,REST_132,Chai Point,Kolkata,2024-12-21,18:08:51,Beverages,Mango Smoothie,4,160.0,20.0,50.21,Cash,Delivered,52,3.5
ORD_00554,CUST_0595,REST_113,Punjab Grill,Pune,2024-07-04,19:23:35,Indian,Butter Chicken,1,360.0,20.0,79.47,UPI,Delivered,26,5.0
ORD_00555,CUST_0565,REST_114,Barbeque Nation,Pune,2024-01-29,11:44:45,Indian,Butter Chicken,1,360.0,0.0,43.36,UPI,Delivered,55,5.0
ORD_00556,CUST_0162,REST_111,Bawarchi,Mumbai,2024-02-10,19:36:53,Biryani,Mutton Dum Biryani,3,450.0,20.0,110.23,UPI,Delivered,37,4.5
ORD_00557,CUST_0455,REST_117,Mainland China,Mumbai,2024-01-31,09:38:48,Chinese,Chicken Fried Rice,1,230.0,20.0,0.0,Debit Card,Delivered,47,4.5
ORD_00558,CUST_0586,REST_116,Saravanaa Bhavan,Chennai,2024-05-19,20:08:47,Indian,Butter Chicken,1,360.0,50.0,0.0,UPI,Delivered,53,4.5
ORD_00559,CUST_0710,REST_131,Cafe Coffee Day,Ahmedabad,2024-07-13,21:41:27,Beverages,Mango Smoothie,1,160.0,0.0,0.0,UPI,Delivered,39,5.0
ORD_00560,CUST_0555,REST_106,McDonald's,Delhi,2024-01-06,17:12:35,Burger,Smoky BBQ Burger,1,249.0,0.0,0.0,UPI,Delivered,20,4.5
ORD_00561,CUST_0047,REST_121,Subway,Mumbai,2024-01-05,17:25:32,Fast Food,Cheesy French Fries,1,120.0,40.0,73.56,Credit Card,Delivered,44,3.0
ORD_00562,CUST_0515,REST_104,La Pino'z Pizza,Bangalore,2024-10-27,09:18:10,Pizza,Paneer Tikka Pizza,1,349.0,40.0,0.0,Cash,Pending,27,0.0
ORD_00563,CUST_0698,REST_111,Bawarchi,Bangalore,2024-03-08,21:39:54,Biryani,Kolkata Special Biryani,4,350.0,0.0,133.06,UPI,Delivered,57,4.5
ORD_00564,CUST_0581,REST_105,Burger King,Ahmedabad,2024-06-07,12:31:06,Burger,Double Whopper,1,299.0,20.0,87.11,UPI,Delivered,23,5.0
ORD_00565,CUST_0472,REST_131,Cafe Coffee Day,Chennai,2024-11-28,11:36:31,Beverages,Mango Smoothie,1,160.0,30.0,67.14,Debit Card,Delivered,41,4.5
ORD_00566,CUST_0322,REST_108,The Burger Club,Kolkata,2024-08-18,19:39:41,Burger,Smoky BBQ Burger,1,249.0,20.0,50.84,UPI,Delivered,42,5.0
ORD_00567,CUST_0075,REST_128,Belgian Waffle Co,Hyderabad,2024-06-27,14:34:57,Desserts,Chocolate Truffle Pastry,3,140.0,0.0,0.0,Credit Card,Cancelled,0,0.0
ORD_00568,CUST_0787,REST_116,Saravanaa Bhavan,Pune,2024-02-03,22:13:44,Indian,Dal Makhani,2,220.0,0.0,0.0,UPI,Delivered,48,5.0
ORD_00569,CUST_0582,REST_125,Baskin Robbins,Mumbai,2024-08-08,14:03:13,Desserts,Belgian Chocolate Waffle,3,160.0,40.0,0.0,Cash,Delivered,22,5.0
ORD_00570,CUST_0730,REST_126,Theobroma,Ahmedabad,2024-04-04,10:57:57,Desserts,Belgian Chocolate Waffle,1,160.0,30.0,0.0,UPI,Delivered,48,4.5
ORD_00571,CUST_0714,REST_124,Faasos,Pune,2024-10-14,14:04:46,Fast Food,Crispy Chicken Bucket,2,480.0,50.0,0.0,Credit Card,Delivered,64,4.0
ORD_00572,CUST_0325,REST_112,Meghana Foods,Mumbai,2024-09-12,11:50:43,Biryani,Mutton Dum Biryani,1,450.0,50.0,74.35,Wallet,Cancelled,0,0.0
ORD_00573,CUST_0655,REST_102,Pizza Hut,Delhi,2024-08-03,12:38:24,Pizza,Pepperoni Feast,1,499.0,20.0,147.88,Cash,Delivered,41,5.0
ORD_00574,CUST_0515,REST_132,Chai Point,Delhi,2024-07-29,22:33:48,Beverages,Mango Smoothie,1,160.0,20.0,40.52,Cash,Delivered,45,4.5
ORD_00575,CUST_0706,REST_117,Mainland China,Pune,2024-02-23,19:39:59,Chinese,Veg Hakka Noodles,1,180.0,40.0,54.31,Cash,Delivered,50,
ORD_00576,CUST_0297,REST_114,Barbeque Nation,Pune,2024-10-09,20:54:30,Indian,Garlic Naan Combo,4,160.0,30.0,143.55,UPI,Delivered,63,4.0
ORD_00577,CUST_0384,REST_119,Wok Express,Hyderabad,2024-06-06,21:43:15,Chinese,Chilli Chicken Gravy,1,270.0,40.0,0.0,UPI,Delivered,51,3.5
ORD_00578,CUST_0344,REST_126,Theobroma,Bangalore,2024-07-19,22:53:03,Desserts,Nutella Brownie,3,130.0,50.0,71.67,UPI,Delivered,43,3.0
ORD_00579,CUST_0448,REST_106,McDonald's,Hyderabad,2024-03-01,13:53:48,Burger,Smoky BBQ Burger,2,249.0,30.0,86.93,UPI,Delivered,19,4.5
ORD_00580,CUST_0608,REST_101,Domino's Pizza,Bangalore,2024-07-14,20:29:40,Pizza,Cheese Burst Pizza,2,429.0,30.0,0.0,Credit Card,Delivered,30,4.5
ORD_00581,CUST_0799,REST_117,Mainland China,Pune,2024-02-12,08:40:37,Chinese,Chilli Chicken Gravy,3,270.0,0.0,52.77,UPI,Delivered,29,5.0
ORD_00582,CUST_0371,REST_125,Baskin Robbins,Hyderabad,2024-01-12,13:40:04,Desserts,Gulab Jamun (2 pcs),1,80.0,40.0,37.25,Debit Card,Delivered,29,5.0
ORD_00583,CUST_0676,REST_107,Wendy's,Mumbai,2024-09-04,08:10:33,Burger,Classic Chicken Burger,2,199.0,0.0,0.0,UPI,Delivered,50,4.0
ORD_00584,CUST_0374,REST_113,Punjab Grill,Delhi,2024-03-11,20:17:17,Indian,Dal Makhani,1,220.0,0.0,0.0,Cash,Delivered,65,4.0
ORD_00585,CUST_0410,REST_118,Wow! Momo,Hyderabad,2024-12-17,16:25:06,Chinese,Chicken Fried Rice,2,230.0,50.0,0.0,Credit Card,Pending,35,0.0
ORD_00586,CUST_0457,REST_119,Wok Express,Pune,2024-02-25,13:12:36,Chinese,Manchurian Gravy,1,210.0,0.0,68.92,Wallet,Delivered,44,5.0
ORD_00587,CUST_0661,REST_125,Baskin Robbins,Kolkata,2024-04-02,21:50:11,Desserts,Chocolate Truffle Pastry,1,140.0,0.0,0.0,UPI,Delivered,38,5.0
ORD_00588,CUST_0012,REST_116,Saravanaa Bhavan,Kolkata,2024-06-13,10:24:18,Indian,Kadhai Paneer,2,270.0,50.0,0.0,Cash,Delivered,60,5.0
ORD_00589,CUST_0432,REST_123,Taco Bell,Pune,2024-04-10,22:31:02,Fast Food,Veggie Delight Sub,5,190.0,40.0,0.0,Cash,Delivered,55,4.5
ORD_00590,CUST_0292,REST_104,La Pino'z Pizza,Mumbai,2024-03-08,20:02:57,Pizza,Farmhouse Supreme,1,399.0,50.0,0.0,Cash,Delivered,24,3.5
ORD_00591,CUST_0309,REST_123,Taco Bell,Chennai,2024-02-10,13:31:39,Fast Food,Chicken Zinger Meal,1,299.0,30.0,45.0,Debit Card,Pending,23,0.0
ORD_00592,CUST_0633,REST_102,Pizza Hut,Delhi,2024-01-06,21:55:44,Pizza,Margherita Pizza,2,249.0,20.0,0.0,UPI,Cancelled,0,0.0
ORD_00593,CUST_0551,REST_103,Ovenstory Pizza,Mumbai,2024-02-26,21:04:16,Pizza,Margherita Pizza,1,249.0,50.0,103.47,Credit Card,Cancelled,0,0.0
ORD_00594,CUST_0123,REST_122,KFC,Bangalore,2024-07-30,14:07:33,Fast Food,Paneer Wrap,1,160.0,50.0,46.96,UPI,Delivered,48,5.0
ORD_00595,CUST_0304,REST_122,KFC,Delhi,2024-12-21,22:03:13,Fast Food,Veggie Delight Sub,1,190.0,20.0,41.18,Cash,Delivered,55,4.0
ORD_00596,CUST_0321,REST_130,Chaayos,Chennai,2024-02-24,15:58:23,Beverages,Iced Green Tea,1,130.0,40.0,113.51,Credit Card,Delivered,35,4.5
ORD_00597,CUST_0592,REST_112,Meghana Foods,Delhi,2024-02-26,22:11:17,Biryani,Hyderabadi Chicken Biryani,1,320.0,50.0,34.61,Debit Card,Delivered,45,5.0
ORD_00598,CUST_0442,REST_104,La Pino'z Pizza,Kolkata,2024-07-08,22:46:59,Pizza,Farmhouse Supreme,1,399.0,30.0,0.0,UPI,Delivered,56,4.5
ORD_00599,CUST_0698,REST_113,Punjab Grill,Mumbai,2024-02-28,19:36:17,Indian,Butter Chicken,1,360.0,50.0,0.0,UPI,Delivered,63,4.5
ORD_00600,CUST_0226,REST_130,Chaayos,Chennai,2024-04-14,21:45:38,Beverages,Caffe Latte,1,220.0,0.0,0.0,Cash,Delivered,48,4.0
ORD_00601,CUST_0705,REST_111,Bawarchi,Hyderabad,2024-03-26,22:09:00,Biryani,Hyderabadi Chicken Biryani,2,320.0,40.0,0.0,UPI,Delivered,22,5.0
ORD_00602,CUST_0010,REST_129,Starbucks,Kolkata,2024-05-06,12:52:01,Beverages,Mango Smoothie,2,160.0,30.0,114.4,UPI,Delivered,24,5.0
ORD_00603,CUST_0344,REST_131,Cafe Coffee Day,Ahmedabad,2024-05-11,13:23:29,Beverages,Iced Green Tea,1,130.0,30.0,0.0,UPI,Delivered,60,3.5
ORD_00604,CUST_0611,REST_107,Wendy's,Ahmedabad,2024-11-23,22:54:14,Burger,Smoky BBQ Burger,2,249.0,20.0,21.7,Cash,Delivered,45,4.5
ORD_00605,CUST_0199,REST_107,Wendy's,Pune,2024-08-18,13:16:58,Burger,Smoky BBQ Burger,2,249.0,30.0,42.95,Wallet,Delivered,20,4.5
ORD_00606,CUST_0628,REST_128,Belgian Waffle Co,Delhi,2024-06-26,19:31:59,Desserts,Nutella Brownie,2,130.0,40.0,48.78,UPI,Delivered,28,5.0
ORD_00607,CUST_0302,REST_129,Starbucks,Mumbai,2024-05-24,11:03:31,Beverages,Caffe Latte,1,220.0,40.0,65.88,UPI,Delivered,36,4.0
ORD_00608,CUST_0788,REST_107,Wendy's,Bangalore,2024-04-10,12:18:14,Burger,Double Whopper,1,299.0,30.0,0.0,Credit Card,Delivered,43,2.5
ORD_00609,CUST_0268,REST_118,Wow! Momo,Chennai,2024-08-11,13:51:37,Chinese,Manchurian Gravy,1,210.0,20.0,0.0,UPI,Delivered,37,5.0
ORD_00610,CUST_0644,REST_112,Meghana Foods,Ahmedabad,2024-02-19,22:44:20,Biryani,Kolkata Special Biryani,1,350.0,30.0,43.52,upi,Delivered,19,3.0
ORD_00611,CUST_0786,REST_106,McDonald's,Pune,2024-06-03,19:08:39,Burger,Smoky BBQ Burger,1,249.0,50.0,79.02,Debit Card,Delivered,60,5.0
ORD_00612,CUST_0531,REST_101,Domino's Pizza,Ahmedabad,2024-05-18,11:21:38,Pizza,Margherita Pizza,1,249.0,30.0,57.98,Debit Card,Delivered,55,4.0
ORD_00613,CUST_0055,REST_112,Meghana Foods,Hyderabad,2024-04-24,12:19:40,Biryani,Mutton Dum Biryani,1,450.0,0.0,121.77,UPI,Delivered,27,4.5
ORD_00614,CUST_0100,REST_113,Punjab Grill,Hyderabad,2024-01-13,22:25:03,Indian,Garlic Naan Combo,4,160.0,30.0,74.05,Credit Card,Delivered,52,5.0
ORD_00615,CUST_0450,REST_126,Theobroma,Delhi,2024-04-04,20:10:32,Desserts,Chocolate Truffle Pastry,2,140.0,50.0,0.0,Cash,Delivered,24,2.5
ORD_00616,CUST_0684,REST_128,Belgian Waffle Co,Chennai,2024-08-25,13:09:01,Desserts,Chocolate Truffle Pastry,1,140.0,0.0,20.61,UPI,Delivered,60,4.5
ORD_00617,CUST_0364,REST_132,Chai Point,Bangalore,2024-01-05,19:32:54,Beverages,Masala Chai (Flask),3,110.0,20.0,0.0,Credit Card,Delivered,22,5.0
ORD_00618,CUST_0672,REST_130,Chaayos,Kolkata,2024-12-03,22:04:58,Beverages,Masala Chai (Flask),3,110.0,40.0,45.95,Credit Card,Delivered,50,4.0
ORD_00619,CUST_0133,REST_124,Faasos,Kolkata,2024-01-24,20:14:06,Fast Food,Crispy Chicken Bucket,2,480.0,40.0,110.73,Credit Card,Pending,45,0.0
ORD_00620,CUST_0243,REST_112,Meghana Foods,Delhi,2024-02-02,21:07:02,Biryani,Kolkata Special Biryani,3,350.0,0.0,40.59,Cash,Delivered,29,5.0
ORD_00621,CUST_0387,REST_114,Barbeque Nation,Bangalore,2024-09-08,13:14:12,Indian,Dal Makhani,2,220.0,40.0,135.65,UPI,Delivered,58,2.5
ORD_00622,CUST_0035,REST_103,Ovenstory Pizza,Bangalore,2024-10-17,12:21:11,Pizza,Paneer Tikka Pizza,2,349.0,50.0,65.78,Cash,Delivered,40,4.5
ORD_00623,CUST_0142,REST_132,Chai Point,Delhi,2024-02-06,12:50:33,Beverages,Mango Smoothie,1,160.0,0.0,22.83,Cash,Delivered,36,3.0
ORD_00624,CUST_0721,REST_106,McDonald's,Kolkata,2024-02-08,12:54:33,Burger,Classic Chicken Burger,4,199.0,50.0,0.0,Cash,Delivered,25,4.5
ORD_00625,CUST_0270,REST_103,Ovenstory Pizza,Mumbai,2024-05-13,19:08:13,Pizza,Paneer Tikka Pizza,1,349.0,30.0,124.75,Debit Card,Delivered,22,4.0
ORD_00626,CUST_0625,REST_121,Subway,Mumbai,2024-11-02,10:56:35,Fast Food,Chicken Zinger Meal,1,299.0,20.0,0.0,UPI,Delivered,50,5.0
ORD_00627,CUST_0490,REST_113,Punjab Grill,Chennai,2024-01-14,14:34:38,Indian,Paneer Butter Masala,3,280.0,0.0,22.87,Credit Card,Delivered,45,4.0
ORD_00628,CUST_0119,REST_107,Wendy's,Ahmedabad,2024-04-09,19:15:14,Burger,Classic Chicken Burger,1,199.0,0.0,0.0,Credit Card,Cancelled,0,0.0
ORD_00629,CUST_0582,REST_102,Pizza Hut,Mumbai,2024-02-09,22:11:18,Pizza,Margherita Pizza,1,249.0,30.0,68.97,Wallet,Delivered,43,4.5
ORD_00630,CUST_0079,REST_118,Wow! Momo,Delhi,2024-12-27,19:57:58,Chinese,Schezwan Veg Momos,3,150.0,40.0,71.78,Credit Card,Delivered,59,5.0
ORD_00631,CUST_0327,REST_103,Ovenstory Pizza,Delhi,2024-12-27,23:17:05,Pizza,Paneer Tikka Pizza,1,349.0,20.0,114.07,UPI,Delivered,25,4.5
ORD_00632,CUST_0146,REST_116,Saravanaa Bhavan,Mumbai,2024-02-28,19:17:17,Indian,Garlic Naan Combo,2,160.0,30.0,81.34,UPI,Delivered,49,5.0
ORD_00633,CUST_0455,REST_114,Barbeque Nation,Mumbai,2024-04-04,14:03:42,Indian,Garlic Naan Combo,1,160.0,50.0,145.29,Debit Card,Delivered,39,3.0
ORD_00634,CUST_0772,REST_103,Ovenstory Pizza,Hyderabad,2024-08-10,09:51:06,Pizza,Cheese Burst Pizza,2,429.0,30.0,145.35,Cash,Delivered,54,4.0
ORD_00635,CUST_0391,REST_114,Barbeque Nation,Ahmedabad,2024-05-23,16:05:15,Indian,Paneer Butter Masala,2,280.0,30.0,0.0,UPI,Delivered,41,5.0
ORD_00636,CUST_0669,REST_107,Wendy's,Mumbai,2024-12-04,21:54:11,Burger,Smoky BBQ Burger,1,249.0,0.0,45.65,Wallet,Delivered,53,5.0
ORD_00637,CUST_0082,REST_121,Subway,Chennai,2024-04-02,21:16:55,Fast Food,Chicken Zinger Meal,1,299.0,20.0,28.08,Cash,Delivered,25,4.0
ORD_00638,CUST_0519,REST_121,Subway,Ahmedabad,2024-04-26,21:16:01,Fast Food,Paneer Wrap,2,160.0,30.0,22.46,UPI,Delivered,50,4.5
ORD_00639,CUST_0243,REST_123,Taco Bell,Hyderabad,2024-02-06,13:09:01,Fast Food,Chicken Zinger Meal,1,299.0,30.0,0.0,UPI,Delivered,48,2.5
ORD_00640,CUST_0032,REST_121,Subway,Bangalore,2024-03-17,08:06:38,Fast Food,Cheesy French Fries,1,120.0,30.0,62.95,Cash,Delivered,40,3.0
ORD_00641,CUST_0597,REST_112,Meghana Foods,Mumbai,2024-02-09,15:36:32,Biryani,Hyderabadi Chicken Biryani,5,320.0,50.0,49.64,UPI,Cancelled,0,0.0
ORD_00642,CUST_0622,REST_131,Cafe Coffee Day,Ahmedabad,2024-04-09,17:58:15,Beverages,Masala Chai (Flask),1,110.0,30.0,0.0,UPI,Pending,42,0.0
ORD_00643,CUST_0751,REST_121,Subway,Pune,2024-10-13,13:41:30,Fast Food,Cheesy French Fries,2,120.0,40.0,92.23,Credit Card,Pending,37,0.0
ORD_00644,CUST_0418,REST_119,Wok Express,Bangalore,2024-06-09,22:26:32,Chinese,Chilli Chicken Gravy,5,270.0,50.0,68.48,UPI,Delivered,47,5.0
ORD_00645,CUST_0270,REST_106,McDonald's,Ahmedabad,2024-08-08,20:04:08,Burger,Crispy Veg Burger,1,129.0,50.0,142.82,UPI,Delivered,53,5.0
ORD_00646,CUST_0345,REST_105,Burger King,Kolkata,2024-06-30,21:40:28,Burger,Crispy Veg Burger,2,129.0,40.0,0.0,Cash,Delivered,29,4.0
ORD_00647,CUST_0522,REST_109,Paradise Biryani,Delhi,2024-10-30,22:24:20,Biryani,Paneer Biryani,1,260.0,50.0,35.36,Credit Card,Delivered,49,5.0
ORD_00648,CUST_0538,REST_119,Wok Express,Pune,2024-06-12,12:02:52,Chinese,Schezwan Veg Momos,4,150.0,20.0,35.3,Debit Card,Delivered,40,5.0
ORD_00649,CUST_0281,REST_130,Chaayos,Ahmedabad,2024-05-27,16:38:48,Beverages,Caffe Latte,1,220.0,20.0,27.76,UPI,Delivered,28,5.0
ORD_00650,CUST_0553,REST_104,La Pino'z Pizza,Hyderabad,2024-07-08,22:46:28,Pizza,Margherita Pizza,1,249.0,40.0,0.0,UPI,Delivered,25,4.5
ORD_00651,CUST_0270,REST_111,Bawarchi,Delhi,2024-06-30,15:46:04,Biryani,Hyderabadi Chicken Biryani,1,320.0,50.0,0.0,Cash,Delivered,61,4.0
ORD_00652,CUST_0323,REST_125,Baskin Robbins,Mumbai,2024-06-11,19:40:40,Desserts,Nutella Brownie,1,130.0,20.0,67.97,UPI,Delivered,48,5.0
ORD_00653,CUST_0752,REST_118,Wow! Momo,Ahmedabad,2024-11-21,14:00:27,Chinese,Chicken Fried Rice,1,230.0,50.0,59.05,UPI,Delivered,57,4.5
ORD_00654,CUST_0654,REST_130,Chaayos,Kolkata,2024-04-28,23:31:50,Beverages,Masala Chai (Flask),2,110.0,50.0,46.45,UPI,Delivered,36,4.5
ORD_00655,CUST_0254,REST_106,McDonald's,Pune,2024-06-12,13:44:25,Burger,Fiery Paneer Burger,2,179.0,40.0,139.8,Cash,Delivered,19,5.0
ORD_00656,CUST_0419,REST_123,Taco Bell,Mumbai,2024-07-29,22:27:25,Fast Food,Cheesy French Fries,1,120.0,0.0,0.0,Credit Card,Delivered,20,5.0
ORD_00657,CUST_0587,REST_113,Punjab Grill,Bangalore,2024-11-08,19:46:01,Indian,Kadhai Paneer,3,270.0,0.0,100.0,UPI,Delivered,22,4.0
ORD_00658,CUST_0371,REST_112,Meghana Foods,Hyderabad,2024-05-28,19:21:26,Biryani,Mutton Dum Biryani,1,450.0,20.0,77.71,UPI,Cancelled,0,0.0
ORD_00659,CUST_0408,REST_102,Pizza Hut,Ahmedabad,2024-06-03,20:02:17,Pizza,Farmhouse Supreme,2,399.0,40.0,27.22,Credit Card,Delivered,23,5.0
ORD_00660,CUST_0721,REST_101,Domino's Pizza,Pune,2024-11-05,11:47:37,Pizza,Cheese Burst Pizza,2,429.0,20.0,139.45,Credit Card,Delivered,65,5.0
ORD_00661,CUST_0208,REST_120,Berco's,Delhi,2024-05-29,12:26:35,Chinese,Schezwan Veg Momos,1,150.0,30.0,114.99,UPI,Delivered,49,4.0
ORD_00662,CUST_0782,REST_130,Chaayos,Delhi,2024-01-13,20:28:23,Beverages,Iced Green Tea,1,130.0,0.0,38.28,Credit Card,Pending,23,0.0
ORD_00663,CUST_0213,REST_113,Punjab Grill,Ahmedabad,2024-07-25,13:33:46,Indian,Butter Chicken,3,360.0,20.0,0.0,Cash,Delivered,65,5.0
ORD_00664,CUST_0330,REST_103,Ovenstory Pizza,Pune,2024-10-14,23:20:41,Pizza,Pepperoni Feast,1,499.0,40.0,48.29,Debit Card,Pending,22,0.0
ORD_00665,CUST_0436,REST_126,Theobroma,Delhi,2024-03-23,12:10:12,Desserts,Chocolate Truffle Pastry,1,140.0,0.0,0.0,UPI,Delivered,51,4.5
ORD_00666,CUST_0561,REST_125,Baskin Robbins,Pune,2024-03-01,13:46:59,Desserts,Belgian Chocolate Waffle,3,160.0,30.0,53.83,UPI,Delivered,27,5.0
ORD_00667,,REST_120,Berco's,Kolkata,2024-04-17,12:10:33,Chinese,Schezwan Veg Momos,2,150.0,40.0,0.0,UPI,Delivered,22,1.0
ORD_00668,CUST_0719,REST_113,Punjab Grill,Hyderabad,2024-08-22,19:39:29,Indian,Kadhai Paneer,2,270.0,0.0,50.75,UPI,Delivered,30,5.0
ORD_00669,CUST_0437,REST_124,Faasos,Chennai,2024-10-14,14:12:04,Fast Food,Cheesy French Fries,2,120.0,0.0,35.4,UPI,Delivered,51,4.5
ORD_00670,CUST_0339,REST_130,Chaayos,Chennai,2024-01-02,14:05:59,Beverages,Caffe Latte,3,220.0,20.0,0.0,Cash,Delivered,22,3.0
ORD_00671,CUST_0524,REST_128,Belgian Waffle Co,Ahmedabad,2024-06-03,12:15:35,Desserts,Belgian Chocolate Waffle,1,160.0,40.0,39.52,Debit Card,Delivered,23,3.5
ORD_00672,CUST_0171,REST_112,Meghana Foods,Chennai,2024-08-14,13:43:07,Biryani,Paneer Biryani,2,260.0,40.0,29.79,Debit Card,Cancelled,0,0.0
ORD_00673,CUST_0355,REST_114,Barbeque Nation,Pune,2024-07-10,19:12:28,Indian,Garlic Naan Combo,1,160.0,20.0,0.0,UPI,Delivered,41,3.0
ORD_00674,CUST_0014,REST_103,Ovenstory Pizza,Chennai,2024-07-22,21:17:40,Pizza,Paneer Tikka Pizza,1,349.0,50.0,139.74,Debit Card,Pending,40,0.0
ORD_00675,CUST_0178,REST_105,Burger King,Ahmedabad,2024-01-15,14:09:45,Burger,Classic Chicken Burger,2,199.0,20.0,0.0,Debit Card,Delivered,46,4.0
ORD_00676,CUST_0100,REST_113,Punjab Grill,Chennai,2024-12-10,18:57:45,Indian,Dal Makhani,1,220.0,50.0,40.14,UPI,Delivered,44,3.5
ORD_00677,CUST_0067,REST_111,Bawarchi,Hyderabad,2024-03-29,13:38:12,Biryani,Hyderabadi Chicken Biryani,2,320.0,40.0,0.0,Credit Card,Delivered,18,5.0
ORD_00678,CUST_0121,REST_129,Starbucks,Kolkata,2024-08-25,19:11:46,Beverages,Iced Green Tea,1,130.0,30.0,73.12,Credit Card,Delivered,31,4.0
ORD_00679,CUST_0742,REST_118,Wow! Momo,Hyderabad,2024-06-07,21:11:17,Chinese,Chicken Fried Rice,1,230.0,30.0,65.94,UPI,Delivered,36,5.0
ORD_00680,CUST_0095,REST_123,Taco Bell,Ahmedabad,2024-11-24,14:43:53,Fast Food,Cheesy French Fries,1,120.0,50.0,49.59,UPI,Delivered,40,4.0
ORD_00681,CUST_0296,REST_123,Taco Bell,Hyderabad,2024-09-19,16:13:29,Fast Food,Crispy Chicken Bucket,1,480.0,0.0,54.71,Cash,Delivered,38,4.5
ORD_00682,CUST_0603,REST_121,Subway,Mumbai,2024-01-05,22:21:21,fast food,Cheesy French Fries,2,120.0,0.0,0.0,UPI,Delivered,52,5.0
ORD_00683,CUST_0632,REST_128,Belgian Waffle Co,Ahmedabad,2024-05-04,21:38:21,Desserts,Gulab Jamun (2 pcs),1,80.0,40.0,0.0,Wallet,Cancelled,0,0.0
ORD_00684,CUST_0520,REST_128,Belgian Waffle Co,Delhi,2024-10-22,12:10:32,Desserts,Belgian Chocolate Waffle,1,160.0,30.0,147.39,Wallet,Delivered,54,4.0
ORD_00685,CUST_0342,REST_107,Wendy's,Mumbai,2024-06-26,12:29:00,Burger,Double Whopper,2,299.0,20.0,97.6,UPI,Delivered,31,4.5
ORD_00686,CUST_0158,REST_104,La Pino'z Pizza,Kolkata,2024-06-25,22:44:13,Pizza,Pepperoni Feast,3,499.0,40.0,127.97,Credit Card,Delivered,26,5.0
ORD_00687,CUST_0410,REST_120,Berco's,Kolkata,2024-07-20,13:31:42,Chinese,Manchurian Gravy,2,210.0,50.0,0.0,Debit Card,Delivered,33,4.5
ORD_00688,CUST_0002,REST_106,McDonald's,Pune,2024-09-12,20:19:27,Burger,Double Whopper,1,299.0,40.0,43.41,UPI,Delivered,48,5.0
ORD_00689,CUST_0432,REST_112,Meghana Foods,Bangalore,2024-02-24,12:22:43,Biryani,Paneer Biryani,2,-50.0,40.0,75.92,UPI,Delivered,42,4.0
ORD_00690,CUST_0670,REST_125,Baskin Robbins,Pune,2024-08-05,19:38:51,Desserts,Belgian Chocolate Waffle,3,160.0,40.0,62.96,Credit Card,Delivered,41,5.0
ORD_00691,CUST_0435,REST_106,McDonald's,Pune,2024-06-21,16:12:32,Burger,Crispy Veg Burger,3,129.0,40.0,45.56,UPI,Cancelled,0,0.0
ORD_00692,CUST_0052,REST_120,Berco's,Kolkata,2024-12-11,19:34:17,Chinese,Chilli Chicken Gravy,1,270.0,30.0,44.57,UPI,Delivered,25,4.5
ORD_00693,CUST_0757,REST_114,Barbeque Nation,Pune,2024-09-30,20:40:31,Indian,Paneer Butter Masala,1,280.0,30.0,0.0,Cash,Delivered,64,3.5
ORD_00694,CUST_0042,REST_123,Taco Bell,Delhi,2024-03-16,14:40:51,fast food,Crispy Chicken Bucket,3,480.0,40.0,59.9,UPI,Delivered,37,4.5
ORD_00695,CUST_0765,REST_108,The Burger Club,Chennai,2024-04-08,13:39:32,Burger,Crispy Veg Burger,1,129.0,20.0,22.69,Cash,Delivered,45,5.0
ORD_00696,CUST_0191,REST_104,La Pino'z Pizza,Chennai,2024-12-13,19:26:13,Pizza,Pepperoni Feast,1,499.0,40.0,35.11,Cash,Delivered,58,5.0
ORD_00697,CUST_0019,REST_113,Punjab Grill,Kolkata,2024-05-27,22:37:26,Indian,Kadhai Paneer,2,270.0,30.0,46.16,Cash,Delivered,38,5.0
ORD_00698,CUST_0474,REST_114,Barbeque Nation,Ahmedabad,2024-05-10,14:54:36,Indian,Garlic Naan Combo,4,160.0,40.0,38.99,UPI,Pending,31,0.0
ORD_00699,CUST_0769,REST_132,Chai Point,Kolkata,2024-03-20,12:39:22,Beverages,Cold Coffee with Ice Cream,2,150.0,40.0,76.76,Wallet,Delivered,49,2.0
ORD_00700,CUST_0551,REST_125,Baskin Robbins,Bangalore,2024-07-21,19:36:18,Desserts,Chocolate Truffle Pastry,1,140.0,20.0,148.83,Wallet,Delivered,40,4.0
ORD_00701,CUST_0614,REST_123,Taco Bell,Chennai,2024-12-06,18:32:34,Fast Food,Crispy Chicken Bucket,1,480.0,20.0,112.11,Cash,Delivered,46,5.0
ORD_00702,CUST_0410,REST_103,Ovenstory Pizza,Chennai,2024-12-01,19:24:37,Pizza,Paneer Tikka Pizza,2,349.0,40.0,55.0,Cash,Delivered,57,4.5
ORD_00703,CUST_0585,REST_103,Ovenstory Pizza,Pune,2024-05-07,22:43:05,Pizza,Cheese Burst Pizza,4,429.0,0.0,68.59,Credit Card,Delivered,30,3.5
ORD_00704,CUST_0378,REST_112,Meghana Foods,Hyderabad,2024-06-14,19:57:01,Biryani,Mutton Dum Biryani,1,450.0,40.0,57.6,UPI,Delivered,29,2.0
ORD_00705,CUST_0114,REST_110,Behrouz Biryani,Kolkata,2024-02-05,19:43:43,Biryani,Kolkata Special Biryani,1,350.0,50.0,139.66,UPI,Delivered,34,3.5
ORD_00706,CUST_0733,REST_132,Chai Point,Mumbai,2024-05-29,09:23:25,Beverages,Cold Coffee with Ice Cream,2,150.0,50.0,44.2,Credit Card,Delivered,34,4.0
ORD_00707,CUST_0115,REST_124,Faasos,Bangalore,2024-03-13,23:13:16,Fast Food,Cheesy French Fries,1,120.0,0.0,59.0,Credit Card,Delivered,39,5.0
ORD_00708,CUST_0462,REST_117,Mainland China,Chennai,2024-03-16,12:14:56,Chinese,Chicken Fried Rice,1,230.0,30.0,36.87,Credit Card,Delivered,37,4.5
ORD_00709,CUST_0302,REST_110,Behrouz Biryani,Bangalore,2024-05-29,16:40:14,Biryani,Paneer Biryani,1,260.0,20.0,28.16,UPI,Delivered,50,4.0
ORD_00710,CUST_0416,REST_111,Bawarchi,Ahmedabad,2024-10-27,18:33:23,Biryani,Mutton Dum Biryani,1,450.0,40.0,67.89,Cash,Delivered,42,5.0
ORD_00711,CUST_0351,REST_118,Wow! Momo,Hyderabad,2024-03-17,19:41:12,Chinese,Chicken Fried Rice,1,230.0,40.0,55.13,UPI,Delivered,51,3.0
ORD_00712,CUST_0373,REST_125,Baskin Robbins,Mumbai,2024-09-16,19:51:03,Desserts,Belgian Chocolate Waffle,1,160.0,50.0,0.0,UPI,Delivered,62,3.0
ORD_00713,CUST_0234,REST_109,Paradise Biryani,Ahmedabad,2024-05-16,12:47:12,Biryani,Paneer Biryani,2,260.0,0.0,84.94,UPI,Delivered,33,4.5
ORD_00714,CUST_0476,REST_103,Ovenstory Pizza,Delhi,2024-04-10,13:05:30,Pizza,Margherita Pizza,1,249.0,50.0,52.91,UPI,Delivered,45,3.5
ORD_00715,CUST_0454,REST_129,Starbucks,Hyderabad,2024-07-27,13:40:11,Beverages,Masala Chai (Flask),1,110.0,40.0,72.33,UPI,Cancelled,0,0.0
ORD_00716,CUST_0282,REST_129,Starbucks,Chennai,2024-09-06,22:31:10,Beverages,Caffe Latte,1,220.0,40.0,25.2,Debit Card,Delivered,61,4.5
ORD_00717,CUST_0798,REST_114,Barbeque Nation,Delhi,2024-09-13,22:06:43,Indian,Dal Makhani,1,220.0,50.0,0.0,Credit Card,Delivered,30,4.0
ORD_00718,CUST_0162,REST_124,Faasos,Bangalore,2024-08-01,16:14:59,Fast Food,Paneer Wrap,1,160.0,30.0,36.84,Credit Card,Delivered,38,4.5
ORD_00719,CUST_0403,REST_104,La Pino'z Pizza,Pune,2024-07-28,20:29:49,Pizza,Margherita Pizza,1,249.0,20.0,0.0,Credit Card,Delivered,41,5.0
ORD_00720,CUST_0392,REST_114,Barbeque Nation,Kolkata,2024-09-14,13:06:04,Indian,Kadhai Paneer,1,270.0,30.0,71.78,Cash,Pending,21,0.0
ORD_00721,CUST_0400,REST_115,Haldiram's,Ahmedabad,2024-10-27,19:03:40,Indian,Kadhai Paneer,1,270.0,50.0,70.8,UPI,Delivered,65,5.0
ORD_00722,CUST_0751,REST_110,Behrouz Biryani,Pune,2024-06-02,14:05:28,Biryani,Paneer Biryani,1,260.0,50.0,56.34,Cash,Delivered,62,5.0
ORD_00723,CUST_0070,REST_124,Faasos,Kolkata,2024-04-04,20:29:23,Fast Food,Veggie Delight Sub,1,190.0,30.0,0.0,Credit Card,Delivered,25,4.0
ORD_00724,CUST_0499,REST_103,Ovenstory Pizza,Mumbai,2024-10-16,12:32:55,Pizza,Margherita Pizza,2,249.0,50.0,51.61,Cash,Delivered,54,5.0
ORD_00725,CUST_0116,REST_108,The Burger Club,Bangalore,2024-11-28,10:49:43,Burger,Smoky BBQ Burger,1,249.0,30.0,68.91,Wallet,Delivered,39,5.0
ORD_00726,CUST_0348,REST_125,Baskin Robbins,Ahmedabad,2024-10-21,22:01:00,Desserts,Gulab Jamun (2 pcs),1,80.0,40.0,0.0,Debit Card,Delivered,38,4.5
ORD_00727,CUST_0206,REST_110,Behrouz Biryani,Kolkata,2024-04-15,19:01:34,Biryani,Mutton Dum Biryani,2,450.0,0.0,115.51,Wallet,Delivered,38,3.0
ORD_00728,CUST_0207,REST_112,Meghana Foods,Chennai,2024-04-29,14:49:22,Biryani,Veg Dum Biryani,1,240.0,40.0,0.0,Wallet,Delivered,65,3.5
ORD_00729,CUST_0051,REST_132,Chai Point,Ahmedabad,2024-04-15,11:05:11,Beverages,Caffe Latte,1,220.0,50.0,26.69,Credit Card,Delivered,49,4.0
ORD_00730,CUST_0325,REST_114,Barbeque Nation,Pune,2024-09-16,21:32:07,Indian,Paneer Butter Masala,4,280.0,0.0,0.0,Credit Card,Delivered,24,4.5
ORD_00731,CUST_0067,REST_118,Wow! Momo,Pune,2024-11-29,13:56:30,Chinese,Veg Hakka Noodles,1,180.0,30.0,69.35,UPI,Delivered,29,4.5
ORD_00732,CUST_0160,REST_129,Starbucks,Bangalore,2024-11-01,17:23:39,Beverages,Cold Coffee with Ice Cream,1,150.0,20.0,29.61,Cash,Delivered,60,5.0
ORD_00733,CUST_0113,REST_104,La Pino'z Pizza,Bangalore,2024-06-05,13:58:53,Pizza,Pepperoni Feast,1,499.0,30.0,0.0,UPI,Delivered,48,5.0
ORD_00734,CUST_0418,REST_126,Theobroma,Mumbai,2024-02-21,20:05:26,Desserts,Red Velvet Jar Cake,5,175.0,0.0,109.83,UPI,Cancelled,0,0.0
ORD_00735,CUST_0618,REST_120,Berco's,Mumbai,2024-05-11,21:39:42,Chinese,Schezwan Veg Momos,2,150.0,40.0,65.71,Cash,Delivered,50,5.0
ORD_00736,CUST_0231,REST_108,The Burger Club,Delhi,2024-11-10,20:16:11,Burger,Classic Chicken Burger,2,199.0,30.0,0.0,Wallet,Delivered,51,4.5
ORD_00737,CUST_0274,REST_124,Faasos,Bangalore,2024-12-04,19:47:57,Fast Food,Cheesy French Fries,2,120.0,0.0,148.46,UPI,Delivered,33,5.0
ORD_00738,CUST_0586,REST_131,Cafe Coffee Day,Ahmedabad,2024-11-17,20:28:13,Beverages,Caffe Latte,1,220.0,30.0,26.48,UPI,Delivered,39,5.0
ORD_00739,CUST_0262,REST_132,Chai Point,Kolkata,2024-12-08,16:04:50,Beverages,Cold Coffee with Ice Cream,1,150.0,0.0,84.47,UPI,Delivered,25,5.0
ORD_00740,CUST_0130,REST_120,Berco's,Kolkata,2024-10-10,10:55:32,Chinese,Schezwan Veg Momos,1,150.0,50.0,0.0,Debit Card,Delivered,19,5.0
ORD_00741,CUST_0539,REST_103,Ovenstory Pizza,Bangalore,2024-04-27,14:10:23,Pizza,Cheese Burst Pizza,1,429.0,20.0,67.24,UPI,Cancelled,0,0.0
ORD_00742,CUST_0554,REST_115,Haldiram's,Pune,2024-07-24,22:57:30,Indian,Paneer Butter Masala,1,280.0,20.0,36.5,UPI,Delivered,60,5.0
ORD_00743,CUST_0628,REST_104,La Pino'z Pizza,Delhi,2024-03-14,12:48:51,Pizza,Pepperoni Feast,5,499.0,20.0,28.77,UPI,Delivered,33,3.5
ORD_00744,CUST_0283,REST_125,Baskin Robbins,Bangalore,2024-12-10,22:09:43,Desserts,Nutella Brownie,1,130.0,30.0,0.0,UPI,Delivered,24,4.0
ORD_00745,CUST_0238,REST_117,Mainland China,Ahmedabad,2024-11-08,12:56:48,Chinese,Manchurian Gravy,3,210.0,30.0,146.21,UPI,Delivered,34,5.0
ORD_00746,CUST_0600,REST_131,Cafe Coffee Day,Bangalore,2024-09-24,21:15:55,Beverages,Caffe Latte,3,220.0,40.0,147.24,UPI,Delivered,35,3.5
ORD_00747,CUST_0258,REST_127,Naturals Ice Cream,Kolkata,2024-02-12,22:15:37,Desserts,Belgian Chocolate Waffle,1,160.0,50.0,34.62,Wallet,Delivered,49,4.5
ORD_00748,CUST_0385,REST_101,Domino's Pizza,Pune,2024-11-25,11:07:48,Pizza,Cheese Burst Pizza,1,429.0,50.0,69.71,UPI,Delivered,65,5.0
ORD_00749,CUST_0451,REST_104,La Pino'z Pizza,Ahmedabad,2024-12-08,14:36:11,Pizza,Paneer Tikka Pizza,1,349.0,30.0,0.0,Debit Card,Delivered,64,4.5
ORD_00750,CUST_0368,REST_122,KFC,Kolkata,2024-08-16,18:29:44,Fast Food,Cheesy French Fries,5,120.0,30.0,87.04,Cash,Cancelled,0,0.0
ORD_00751,CUST_0759,REST_122,KFC,Pune,2024-02-15,20:20:53,Fast Food,Chicken Zinger Meal,1,299.0,0.0,37.21,Cash,Delivered,42,5.0
ORD_00752,CUST_0498,REST_124,Faasos,Kolkata,2024-03-22,18:01:07,Fast Food,Cheesy French Fries,1,120.0,30.0,127.52,Cash,Delivered,52,5.0
ORD_00753,CUST_0078,REST_105,Burger King,Hyderabad,2024-12-05,13:09:45,Burger,Smoky BBQ Burger,1,249.0,30.0,70.67,UPI,Pending,45,0.0
ORD_00754,CUST_0584,REST_122,KFC,Delhi,2024-01-21,20:42:17,Fast Food,Chicken Zinger Meal,1,299.0,20.0,148.74,UPI,Delivered,59,3.5
ORD_00755,CUST_0304,REST_104,La Pino'z Pizza,Hyderabad,2024-07-31,14:12:26,Pizza,Paneer Tikka Pizza,1,349.0,50.0,54.5,Debit Card,Pending,43,0.0
ORD_00756,CUST_0373,REST_127,Naturals Ice Cream,Chennai,2024-04-30,21:04:44,Desserts,Belgian Chocolate Waffle,1,160.0,20.0,118.42,UPI,Cancelled,0,0.0
ORD_00757,CUST_0726,REST_121,Subway,Ahmedabad,2024-04-26,15:29:17,Fast Food,Paneer Wrap,2,160.0,0.0,44.08,Cash,Delivered,28,5.0
ORD_00758,CUST_0666,REST_124,Faasos,Mumbai,2024-02-02,12:46:17,Fast Food,Veggie Delight Sub,2,190.0,0.0,46.99,Credit Card,Cancelled,0,0.0
ORD_00759,CUST_0221,REST_119,Wok Express,Ahmedabad,2024-04-29,14:26:09,Chinese,Chilli Chicken Gravy,2,270.0,50.0,0.0,UPI,Delivered,63,4.0
ORD_00760,CUST_0794,REST_108,The Burger Club,Delhi,2024-04-09,20:53:11,Burger,Double Whopper,1,299.0,40.0,38.25,UPI,Delivered,62,2.5
ORD_00761,CUST_0418,REST_130,Chaayos,Pune,2024-04-03,21:11:45,Beverages,Masala Chai (Flask),1,110.0,30.0,30.15,UPI,Delivered,59,4.0
ORD_00762,CUST_0770,REST_117,Mainland China,Delhi,2024-02-01,09:43:23,Chinese,Manchurian Gravy,1,210.0,0.0,114.68,UPI,Delivered,19,4.0
ORD_00763,CUST_0384,REST_110,Behrouz Biryani,Delhi,2024-09-12,20:22:06,Biryani,Paneer Biryani,3,260.0,20.0,51.57,Debit Card,Delivered,29,4.5
ORD_00764,CUST_0456,REST_101,Domino's Pizza,Mumbai,2024-05-29,20:37:33,Pizza,Farmhouse Supreme,1,399.0,0.0,53.19,Wallet,Cancelled,0,0.0
ORD_00765,CUST_0675,REST_129,Starbucks,Pune,2024-02-03,21:09:15,Beverages,Iced Green Tea,4,130.0,40.0,0.0,UPI,Delivered,48,3.5
ORD_00766,CUST_0725,REST_107,Wendy's,Delhi,2024-10-15,14:33:25,Burger,Smoky BBQ Burger,2,249.0,20.0,0.0,UPI,Delivered,36,2.5
ORD_00767,CUST_0446,REST_108,The Burger Club,Pune,2024-09-08,22:39:24,Burger,Crispy Veg Burger,1,129.0,30.0,127.42,Cash,Delivered,23,5.0
ORD_00768,CUST_0585,REST_121,Subway,Bangalore,2024-01-15,21:24:12,Fast Food,Paneer Wrap,1,160.0,50.0,0.0,Credit Card,Cancelled,0,0.0
ORD_00769,CUST_0537,REST_121,Subway,Bangalore,2024-02-20,12:57:14,Fast Food,Veggie Delight Sub,2,190.0,0.0,47.24,Cash,Delivered,20,3.0
ORD_00770,CUST_0706,REST_117,Mainland China,Delhi,2024-12-03,18:11:24,Chinese,Chicken Fried Rice,3,230.0,30.0,105.15,UPI,Delivered,57,4.0
ORD_00771,CUST_0433,REST_115,Haldiram's,Chennai,2024-12-19,22:24:17,Indian,Garlic Naan Combo,3,160.0,20.0,111.62,Cash,Delivered,43,5.0
ORD_00772,CUST_0132,REST_105,Burger King,Hyderabad,2024-03-22,23:04:11,Burger,Crispy Veg Burger,1,129.0,20.0,94.24,Credit Card,Cancelled,0,0.0
ORD_00773,CUST_0550,REST_119,Wok Express,Chennai,2024-03-02,20:05:35,Chinese,Veg Hakka Noodles,3,180.0,20.0,0.0,Wallet,Delivered,24,5.0
ORD_00774,CUST_0398,REST_105,Burger King,Bangalore,2024-08-11,13:47:09,Burger,Double Whopper,1,299.0,0.0,47.7,Wallet,Delivered,64,5.0
ORD_00775,CUST_0157,REST_118,Wow! Momo,Kolkata,2024-08-24,19:25:24,Chinese,Chilli Chicken Gravy,1,270.0,30.0,32.39,Cash,Delivered,64,4.5
ORD_00776,CUST_0072,REST_118,Wow! Momo,Hyderabad,2024-10-07,09:07:43,Chinese,Chicken Fried Rice,1,230.0,50.0,54.02,UPI,Cancelled,0,0.0
ORD_00777,CUST_0147,REST_113,Punjab Grill,Delhi,2024-01-02,13:49:36,Indian,Garlic Naan Combo,1,160.0,20.0,77.64,Cash,Delivered,48,3.0
ORD_00778,CUST_0290,REST_130,Chaayos,Pune,2024-11-09,22:30:58,Beverages,Mango Smoothie,3,160.0,40.0,39.81,UPI,Delivered,29,2.5
ORD_00779,CUST_0264,REST_121,Subway,Bangalore,2024-06-02,22:26:45,Fast Food,Chicken Zinger Meal,3,299.0,20.0,84.38,Cash,Delivered,43,4.5
ORD_00780,CUST_0752,REST_132,Chai Point,Ahmedabad,2024-07-05,22:08:46,Beverages,Mango Smoothie,1,160.0,20.0,0.0,UPI,Delivered,64,4.0
ORD_00781,CUST_0475,REST_123,Taco Bell,Pune,2024-07-20,19:34:41,Fast Food,Veggie Delight Sub,1,190.0,50.0,30.97,UPI,Cancelled,0,0.0
ORD_00782,CUST_0530,REST_112,Meghana Foods,Pune,2024-12-21,20:17:47,Biryani,Hyderabadi Chicken Biryani,2,320.0,20.0,51.63,Credit Card,Delivered,38,4.5
ORD_00783,CUST_0134,REST_121,Subway,Ahmedabad,2024-02-03,19:58:55,Fast Food,Crispy Chicken Bucket,3,480.0,30.0,98.5,Debit Card,Delivered,27,2.5
ORD_00784,CUST_0068,REST_124,Faasos,Kolkata,2024-06-22,17:19:06,Fast Food,Chicken Zinger Meal,3,299.0,20.0,86.4,UPI,Delivered,57,4.5
ORD_00785,CUST_0644,REST_118,Wow! Momo,Ahmedabad,2024-12-05,22:06:48,Chinese,Veg Hakka Noodles,1,180.0,40.0,46.23,Credit Card,Delivered,41,3.0
ORD_00786,CUST_0187,REST_104,La Pino'z Pizza,Ahmedabad,2024-06-25,10:56:23,Pizza,Cheese Burst Pizza,1,429.0,20.0,57.26,Debit Card,Delivered,60,5.0
ORD_00787,CUST_0300,REST_124,Faasos,Delhi,2024-11-14,21:10:23,Fast Food,Crispy Chicken Bucket,3,480.0,20.0,74.01,Debit Card,Delivered,38,3.0
ORD_00788,CUST_0245,REST_120,Berco's,Chennai,2024-06-21,22:42:05,Chinese,Schezwan Veg Momos,1,150.0,0.0,0.0,Wallet,Delivered,65,4.5
ORD_00789,CUST_0205,REST_128,Belgian Waffle Co,Ahmedabad,2024-12-21,14:24:21,Desserts,Chocolate Truffle Pastry,1,140.0,50.0,133.81,UPI,Delivered,40,4.0
ORD_00790,CUST_0501,REST_117,Mainland China,Chennai,2024-12-09,21:55:32,Chinese,Schezwan Veg Momos,3,150.0,0.0,135.47,UPI,Delivered,41,5.0
ORD_00791,CUST_0243,REST_105,Burger King,Delhi,2024-06-23,10:09:37,Burger,Crispy Veg Burger,2,129.0,40.0,38.2,Credit Card,Delivered,21,4.0
ORD_00792,CUST_0764,REST_109,Paradise Biryani,Delhi,2024-01-02,14:14:13,Biryani,Hyderabadi Chicken Biryani,1,320.0,0.0,54.4,UPI,Delivered,63,2.0
ORD_00793,CUST_0191,REST_117,Mainland China,Ahmedabad,2024-04-04,12:11:12,Chinese,Schezwan Veg Momos,1,150.0,50.0,30.41,UPI,Delivered,30,5.0
ORD_00794,CUST_0234,REST_127,Naturals Ice Cream,Bangalore,2024-07-30,13:13:27,Desserts,Nutella Brownie,1,130.0,30.0,49.18,Credit Card,Pending,28,0.0
ORD_00795,CUST_0166,REST_101,Domino's Pizza,Delhi,2024-06-25,09:39:48,Pizza,Paneer Tikka Pizza,3,349.0,0.0,69.43,UPI,Pending,41,0.0
ORD_00796,CUST_0603,REST_107,Wendy's,Kolkata,2024-08-18,22:23:31,Burger,Classic Chicken Burger,1,199.0,40.0,0.0,Wallet,Delivered,55,5.0
ORD_00797,CUST_0420,REST_131,Cafe Coffee Day,Ahmedabad,2024-08-25,22:28:09,Beverages,Mango Smoothie,1,160.0,40.0,21.35,UPI,Delivered,58,5.0
ORD_00798,CUST_0445,REST_110,Behrouz Biryani,Bangalore,2024-02-18,22:09:17,Biryani,Mutton Dum Biryani,1,450.0,0.0,28.71,Credit Card,Cancelled,0,0.0
ORD_00799,CUST_0195,REST_132,Chai Point,Ahmedabad,2024-03-22,14:03:22,Beverages,Mango Smoothie,4,160.0,0.0,127.95,Cash,Delivered,51,2.5
ORD_00800,CUST_0427,REST_103,Ovenstory Pizza,Ahmedabad,2024-06-22,14:39:27,Pizza,Pepperoni Feast,2,499.0,50.0,0.0,UPI,Delivered,62,3.5
ORD_00801,CUST_0485,REST_104,La Pino'z Pizza,Delhi,2024-08-01,21:44:14,Pizza,Farmhouse Supreme,3,399.0,30.0,69.6,Cash,Delivered,39,4.5
ORD_00802,CUST_0200,REST_122,KFC,Bangalore,2024-11-08,20:31:36,Fast Food,Paneer Wrap,1,160.0,0.0,0.0,Debit Card,Delivered,27,4.5
ORD_00803,CUST_0503,REST_117,Mainland China,Ahmedabad,2024-07-18,16:45:09,Chinese,Schezwan Veg Momos,1,150.0,0.0,32.28,UPI,Delivered,57,4.5
ORD_00804,CUST_0280,REST_131,Cafe Coffee Day,Kolkata,2024-10-01,20:59:38,Beverages,Iced Green Tea,2,130.0,30.0,60.45,UPI,Delivered,36,5.0
ORD_00805,CUST_0718,REST_119,Wok Express,Mumbai,2024-03-14,19:41:41,Chinese,Chicken Fried Rice,2,230.0,0.0,62.67,Wallet,Delivered,42,4.5
ORD_00806,CUST_0777,REST_107,Wendy's,Kolkata,2024-05-21,22:18:10,Burger,Fiery Paneer Burger,2,179.0,30.0,84.29,Debit Card,Delivered,41,5.0
ORD_00807,CUST_0385,REST_127,Naturals Ice Cream,Mumbai,2024-04-01,19:41:18,Desserts,Gulab Jamun (2 pcs),1,80.0,50.0,0.0,Cash,Delivered,63,5.0
ORD_00808,CUST_0070,REST_109,Paradise Biryani,Bangalore,2024-03-24,15:05:48,Biryani,Paneer Biryani,1,260.0,30.0,0.0,UPI,Delivered,49,4.5
ORD_00809,CUST_0427,REST_109,Paradise Biryani,Pune,2024-08-17,21:14:15,Biryani,Mutton Dum Biryani,1,450.0,50.0,0.0,Cash,Delivered,48,5.0
ORD_00810,CUST_0239,REST_111,Bawarchi,Bangalore,2024-07-17,20:01:32,Biryani,Veg Dum Biryani,2,240.0,40.0,0.0,Credit Card,Delivered,22,5.0
ORD_00811,CUST_0214,REST_129,Starbucks,Hyderabad,2024-12-25,21:32:57,Beverages,Masala Chai (Flask),3,110.0,40.0,0.0,Cash,Cancelled,0,0.0
ORD_00812,CUST_0289,REST_124,Faasos,Chennai,2024-04-13,16:21:12,Fast Food,Veggie Delight Sub,1,190.0,30.0,55.78,Cash,Delivered,59,4.0
ORD_00813,CUST_0210,REST_105,Burger King,Bangalore,2024-02-24,14:12:48,Burger,Fiery Paneer Burger,2,179.0,30.0,125.57,Debit Card,Delivered,41,4.5
ORD_00814,CUST_0236,REST_113,Punjab Grill,Chennai,2024-01-07,20:55:21,Indian,Dal Makhani,1,220.0,40.0,45.18,UPI,Delivered,49,4.5
ORD_00815,CUST_0684,REST_105,Burger King,Hyderabad,2024-01-16,12:17:59,Burger,Crispy Veg Burger,1,129.0,40.0,51.25,UPI,Delivered,31,4.0
ORD_00816,CUST_0760,REST_107,Wendy's,Kolkata,2024-11-30,19:57:07,Burger,Fiery Paneer Burger,1,179.0,30.0,71.27,Wallet,Cancelled,0,0.0
ORD_00817,CUST_0652,REST_130,Chaayos,Mumbai,2024-02-27,20:29:55,Beverages,Cold Coffee with Ice Cream,3,150.0,50.0,0.0,UPI,Delivered,22,4.0
ORD_00818,CUST_0067,REST_125,Baskin Robbins,Pune,2024-09-11,13:26:11,Desserts,Chocolate Truffle Pastry,5,140.0,50.0,124.25,Wallet,Cancelled,0,0.0
ORD_00819,CUST_0737,REST_115,Haldiram's,Ahmedabad,2024-12-09,20:15:44,Indian,Paneer Butter Masala,1,280.0,0.0,78.31,Cash,Cancelled,0,0.0
ORD_00820,CUST_0720,REST_113,Punjab Grill,Ahmedabad,2024-07-05,21:29:52,Indian,Dal Makhani,1,220.0,20.0,69.6,Credit Card,Delivered,38,4.0
ORD_00821,CUST_0179,REST_124,Faasos,Pune,2024-05-29,22:43:34,Fast Food,Cheesy French Fries,1,120.0,40.0,0.0,UPI,Delivered,40,4.0
ORD_00822,CUST_0553,REST_103,Ovenstory Pizza,Bangalore,2024-11-16,21:34:40,Pizza,Cheese Burst Pizza,3,429.0,20.0,118.03,Wallet,Delivered,62,4.5
ORD_00823,CUST_0115,REST_105,Burger King,Mumbai,2024-10-08,12:47:14,Burger,Classic Chicken Burger,2,199.0,30.0,37.9,Debit Card,Delivered,43,4.5
ORD_00824,CUST_0225,REST_125,Baskin Robbins,Kolkata,2024-11-23,12:53:44,Desserts,Red Velvet Jar Cake,3,175.0,20.0,69.13,Wallet,Delivered,49,5.0
ORD_00825,CUST_0314,REST_127,Naturals Ice Cream,Hyderabad,2024-10-04,12:01:01,Desserts,Red Velvet Jar Cake,1,175.0,0.0,0.0,Credit Card,Delivered,22,5.0
ORD_00826,CUST_0433,REST_125,Baskin Robbins,Kolkata,2024-06-02,21:13:19,Desserts,Nutella Brownie,1,130.0,50.0,122.64,Cash,Delivered,20,4.5
ORD_00827,CUST_0262,REST_125,Baskin Robbins,Ahmedabad,2024-12-18,13:43:31,Desserts,Gulab Jamun (2 pcs),5,80.0,40.0,0.0,Cash,Cancelled,0,0.0
ORD_00828,CUST_0557,REST_106,McDonald's,Delhi,2024-08-20,21:15:38,Burger,Crispy Veg Burger,5,129.0,0.0,0.0,Cash,Delivered,46,5.0
ORD_00829,CUST_0011,REST_104,La Pino'z Pizza,Bangalore,2024-09-14,21:44:36,Pizza,Margherita Pizza,1,249.0,50.0,22.68,Cash,Delivered,49,5.0
ORD_00830,CUST_0167,REST_119,Wok Express,Mumbai,2024-02-26,12:12:30,Chinese,Schezwan Veg Momos,1,150.0,0.0,60.95,Credit Card,Delivered,42,5.0
ORD_00831,CUST_0349,REST_116,Saravanaa Bhavan,Ahmedabad,2024-02-21,20:47:38,Indian,Paneer Butter Masala,2,280.0,40.0,63.69,UPI,Delivered,62,4.5
ORD_00832,CUST_0429,REST_103,Ovenstory Pizza,Ahmedabad,2024-10-12,10:04:05,Pizza,Paneer Tikka Pizza,1,349.0,30.0,47.89,UPI,Cancelled,0,0.0
ORD_00833,CUST_0025,REST_106,McDonald's,Bangalore,2024-08-16,14:23:35,Burger,Double Whopper,1,299.0,0.0,124.22,Cash,Delivered,20,5.0
ORD_00834,CUST_0137,REST_103,Ovenstory Pizza,Pune,2024-09-18,11:33:42,Pizza,Margherita Pizza,1,249.0,50.0,0.0,Debit Card,Delivered,33,3.5
ORD_00835,CUST_0194,REST_132,Chai Point,Ahmedabad,2024-02-20,19:09:42,Beverages,Caffe Latte,1,220.0,50.0,0.0,Credit Card,Delivered,22,4.5
ORD_00836,CUST_0772,REST_122,KFC,Pune,2024-07-27,22:02:55,Fast Food,Cheesy French Fries,1,120.0,40.0,0.0,Credit Card,Cancelled,0,0.0
ORD_00837,CUST_0621,REST_112,Meghana Foods,Hyderabad,2024-09-17,13:15:38,Biryani,Paneer Biryani,1,260.0,40.0,107.46,UPI,Delivered,23,4.0
ORD_00838,CUST_0792,REST_123,Taco Bell,Mumbai,2024-05-23,13:19:53,Fast Food,Chicken Zinger Meal,1,299.0,30.0,139.15,Cash,Delivered,62,4.5
ORD_00839,CUST_0699,REST_131,Cafe Coffee Day,Bangalore,2024-12-20,13:34:33,Beverages,Cold Coffee with Ice Cream,2,150.0,0.0,0.0,UPI,Delivered,36,4.5
ORD_00840,CUST_0332,REST_115,Haldiram's,Hyderabad,2024-04-08,21:17:16,Indian,Dal Makhani,2,220.0,20.0,141.79,UPI,Delivered,36,5.0
ORD_00841,CUST_0730,REST_116,Saravanaa Bhavan,Kolkata,2024-09-23,21:40:15,Indian,Kadhai Paneer,1,270.0,30.0,0.0,Cash,Delivered,33,4.5
ORD_00842,CUST_0582,REST_122,KFC,Ahmedabad,2024-11-06,19:24:52,Fast Food,Cheesy French Fries,2,120.0,40.0,0.0,UPI,Cancelled,0,0.0
ORD_00843,CUST_0466,REST_126,Theobroma,Chennai,2024-01-27,23:38:06,Desserts,Belgian Chocolate Waffle,1,160.0,40.0,0.0,UPI,Delivered,21,5.0
ORD_00844,CUST_0111,REST_109,Paradise Biryani,Chennai,2024-04-14,19:00:07,Biryani,Kolkata Special Biryani,1,350.0,50.0,35.63,UPI,Delivered,56,4.5
ORD_00845,CUST_0566,REST_114,Barbeque Nation,Kolkata,2024-10-10,12:10:51,Indian,Paneer Butter Masala,4,280.0,40.0,0.0,Cash,Pending,22,0.0
ORD_00846,CUST_0629,REST_129,Starbucks,Chennai,2024-05-06,15:15:29,Beverages,Cold Coffee with Ice Cream,2,150.0,20.0,95.96,UPI,Delivered,45,4.5
ORD_00847,CUST_0396,REST_114,Barbeque Nation,Ahmedabad,2024-02-11,13:28:09,Indian,Paneer Butter Masala,2,280.0,40.0,131.3,UPI,Delivered,31,3.5
ORD_00848,CUST_0537,REST_121,Subway,Kolkata,2024-09-16,13:38:13,Fast Food,Chicken Zinger Meal,1,299.0,0.0,58.44,UPI,Delivered,31,5.0
ORD_00849,CUST_0281,REST_118,Wow! Momo,Hyderabad,2024-11-03,08:43:59,Chinese,Schezwan Veg Momos,2,150.0,0.0,64.01,UPI,Delivered,42,5.0
ORD_00850,CUST_0457,REST_108,The Burger Club,Pune,2024-06-27,21:58:16,Burger,Classic Chicken Burger,1,199.0,20.0,0.0,Cash,Delivered,51,3.5
ORD_00851,CUST_0391,REST_102,Pizza Hut,Kolkata,2024-12-28,10:39:44,Pizza,Margherita Pizza,2,249.0,30.0,0.0,Wallet,Delivered,36,5.0
ORD_00852,CUST_0191,REST_127,Naturals Ice Cream,Hyderabad,2024-09-23,19:39:03,Desserts,Red Velvet Jar Cake,2,175.0,20.0,0.0,Cash,Delivered,28,5.0
ORD_00853,CUST_0201,REST_105,Burger King,Delhi,2024-04-01,13:35:48,Burger,Classic Chicken Burger,1,199.0,20.0,0.0,Wallet,Delivered,18,5.0
ORD_00854,CUST_0279,REST_104,La Pino'z Pizza,Mumbai,2024-03-26,20:54:08,Pizza,Pepperoni Feast,1,499.0,50.0,118.04,UPI,Delivered,29,4.0
ORD_00855,CUST_0166,REST_108,The Burger Club,Mumbai,2024-01-01,22:43:48,Burger,Double Whopper,1,299.0,50.0,68.88,Cash,Delivered,51,4.5
ORD_00856,CUST_0736,REST_120,Berco's,Pune,2024-09-14,12:51:02,Chinese,Chicken Fried Rice,1,230.0,50.0,138.15,UPI,Cancelled,0,0.0
ORD_00857,CUST_0307,REST_103,Ovenstory Pizza,Kolkata,2024-04-11,14:27:49,Pizza,Paneer Tikka Pizza,2,349.0,20.0,52.47,Credit Card,Delivered,37,4.5
ORD_00858,CUST_0233,REST_120,Berco's,Ahmedabad,2024-08-26,19:56:13,Chinese,Schezwan Veg Momos,1,150.0,40.0,93.4,UPI,Delivered,24,5.0
ORD_00859,CUST_0477,REST_125,Baskin Robbins,Pune,2024-05-30,22:02:59,Desserts,Nutella Brownie,5,130.0,40.0,0.0,UPI,Delivered,50,5.0
ORD_00860,CUST_0150,REST_101,Domino's Pizza,Chennai,2024-04-21,13:01:28,Pizza,Cheese Burst Pizza,1,429.0,50.0,54.2,UPI,Delivered,51,4.5
ORD_00861,CUST_0777,REST_125,Baskin Robbins,Ahmedabad,2024-10-16,12:59:52,Desserts,Nutella Brownie,1,130.0,40.0,54.94,UPI,Delivered,30,5.0
ORD_00862,CUST_0404,REST_101,Domino's Pizza,Hyderabad,2024-01-07,14:26:36,Pizza,Farmhouse Supreme,1,399.0,20.0,51.25,Wallet,Delivered,22,5.0
ORD_00863,CUST_0745,REST_106,McDonald's,Ahmedabad,2024-03-25,23:07:05,Burger,Fiery Paneer Burger,2,179.0,30.0,73.87,Debit Card,Pending,28,0.0
ORD_00864,CUST_0562,REST_122,KFC,Kolkata,2024-09-23,14:49:57,Fast Food,Paneer Wrap,1,160.0,0.0,34.97,Wallet,Delivered,64,1.0
ORD_00865,CUST_0606,REST_117,Mainland China,Chennai,2024-10-11,20:56:15,Chinese,Chicken Fried Rice,1,230.0,20.0,127.3,Cash,Delivered,43,4.5
ORD_00866,CUST_0084,REST_112,Meghana Foods,Hyderabad,2024-06-09,09:27:25,Biryani,Hyderabadi Chicken Biryani,3,320.0,20.0,73.81,UPI,Delivered,37,5.0
ORD_00867,CUST_0504,REST_116,Saravanaa Bhavan,Pune,2024-04-30,20:21:10,Indian,Garlic Naan Combo,2,160.0,50.0,24.56,UPI,Delivered,18,5.0
ORD_00868,CUST_0095,REST_101,Domino's Pizza,Bangalore,2024-03-31,21:53:23,Pizza,Paneer Tikka Pizza,2,349.0,30.0,24.81,UPI,Delivered,24,5.0
ORD_00869,CUST_0041,REST_114,Barbeque Nation,Mumbai,2024-09-08,21:39:53,Indian,Garlic Naan Combo,1,160.0,50.0,0.0,UPI,Delivered,34,5.0
ORD_00870,CUST_0528,REST_130,Chaayos,Delhi,2024-01-17,21:42:10,Beverages,Masala Chai (Flask),2,110.0,40.0,47.99,UPI,Delivered,43,4.5
ORD_00871,CUST_0317,REST_114,Barbeque Nation,Kolkata,2024-03-17,09:05:03,Indian,Garlic Naan Combo,2,160.0,0.0,0.0,Wallet,Delivered,64,5.0
ORD_00872,CUST_0705,REST_116,Saravanaa Bhavan,Kolkata,2024-07-28,21:59:45,Indian,Garlic Naan Combo,1,160.0,40.0,40.03,UPI,Delivered,21,5.0
ORD_00873,CUST_0259,REST_112,Meghana Foods,Pune,2024-12-03,18:28:08,Biryani,Kolkata Special Biryani,3,350.0,40.0,72.69,Credit Card,Cancelled,0,0.0
ORD_00874,CUST_0169,REST_125,Baskin Robbins,Chennai,2024-06-20,20:15:32,Desserts,Gulab Jamun (2 pcs),2,80.0,30.0,129.06,UPI,Delivered,58,4.5
ORD_00875,CUST_0630,REST_121,Subway,Kolkata,2024-09-04,14:13:09,Fast Food,Crispy Chicken Bucket,1,480.0,50.0,0.0,UPI,Delivered,55,4.5
ORD_00876,CUST_0446,REST_131,Cafe Coffee Day,Mumbai,2024-08-21,21:01:26,Beverages,Iced Green Tea,2,130.0,0.0,68.3,Debit Card,Cancelled,0,0.0
ORD_00877,CUST_0237,REST_116,Saravanaa Bhavan,Kolkata,2024-06-02,09:52:14,Indian,Dal Makhani,2,220.0,50.0,0.0,UPI,Delivered,20,5.0
ORD_00878,CUST_0245,REST_104,La Pino'z Pizza,Pune,2024-02-08,16:34:52,Pizza,Margherita Pizza,3,249.0,40.0,0.0,Debit Card,Delivered,58,4.0
ORD_00879,CUST_0680,REST_130,Chaayos,Mumbai,2024-12-04,12:54:15,Beverages,Iced Green Tea,4,130.0,40.0,38.07,Cash,Delivered,61,4.5
ORD_00880,CUST_0252,REST_101,Domino's Pizza,Ahmedabad,2024-05-12,21:42:16,Pizza,Pepperoni Feast,1,499.0,40.0,0.0,UPI,Delivered,36,5.0
ORD_00881,CUST_0562,REST_106,McDonald's,Delhi,2024-01-02,10:49:49,Burger,Crispy Veg Burger,2,129.0,30.0,83.5,Cash,Delivered,52,4.5
ORD_00882,CUST_0685,REST_107,Wendy's,Chennai,2024-06-29,20:34:16,Burger,Crispy Veg Burger,2,129.0,50.0,134.5,UPI,Delivered,27,5.0
ORD_00883,CUST_0707,REST_131,Cafe Coffee Day,Hyderabad,2024-06-23,21:06:51,Beverages,Cold Coffee with Ice Cream,1,150.0,40.0,0.0,UPI,Delivered,55,4.0
ORD_00884,CUST_0763,REST_132,Chai Point,Hyderabad,2024-06-13,12:57:02,Beverages,Mango Smoothie,1,160.0,20.0,0.0,UPI,Pending,31,0.0
ORD_00885,CUST_0426,REST_124,Faasos,Mumbai,2024-03-09,11:37:08,Fast Food,Crispy Chicken Bucket,1,480.0,50.0,129.44,UPI,Delivered,20,4.0
ORD_00886,CUST_0252,REST_127,Naturals Ice Cream,Chennai,2024-02-24,21:42:08,Desserts,Chocolate Truffle Pastry,2,140.0,40.0,96.05,Debit Card,Pending,36,0.0
ORD_00887,CUST_0511,REST_120,Berco's,Chennai,2024-01-14,18:11:45,Chinese,Veg Hakka Noodles,1,180.0,20.0,120.22,Debit Card,Delivered,24,2.0
ORD_00888,CUST_0326,REST_110,Behrouz Biryani,Delhi,2024-02-10,21:19:53,Biryani,Paneer Biryani,2,260.0,50.0,80.97,Credit Card,Cancelled,0,0.0
ORD_00889,,REST_117,Mainland China,Chennai,2024-01-21,22:05:42,Chinese,Schezwan Veg Momos,1,150.0,0.0,0.0,UPI,Cancelled,0,0.0
ORD_00890,CUST_0489,REST_131,Cafe Coffee Day,Mumbai,2024-10-04,20:37:35,Beverages,Mango Smoothie,3,160.0,20.0,0.0,UPI,Delivered,54,4.0
ORD_00891,CUST_0018,REST_114,Barbeque Nation,Ahmedabad,2024-12-15,13:00:43,Indian,Butter Chicken,1,360.0,30.0,60.14,Debit Card,Delivered,33,5.0
ORD_00892,CUST_0683,REST_115,Haldiram's,Pune,2024-03-10,14:26:58,Indian,Dal Makhani,2,220.0,30.0,0.0,Debit Card,Delivered,44,5.0
ORD_00893,CUST_0002,REST_126,Theobroma,Delhi,2024-12-19,20:52:41,Desserts,Belgian Chocolate Waffle,2,160.0,20.0,0.0,UPI,Pending,43,0.0
ORD_00894,CUST_0074,REST_110,Behrouz Biryani,Pune,2024-02-27,14:13:45,Biryani,Veg Dum Biryani,1,240.0,0.0,38.77,UPI,Delivered,59,4.0
ORD_00895,CUST_0333,REST_127,Naturals Ice Cream,Pune,2024-12-05,20:13:24,Desserts,Gulab Jamun (2 pcs),1,80.0,20.0,72.2,UPI,Delivered,45,4.5
ORD_00896,CUST_0062,REST_118,Wow! Momo,Ahmedabad,2024-02-26,12:18:17,Chinese,Schezwan Veg Momos,1,150.0,0.0,61.94,UPI,Delivered,37,4.0
ORD_00897,CUST_0705,REST_132,Chai Point,Chennai,2024-03-23,13:57:08,Beverages,Masala Chai (Flask),1,110.0,20.0,41.15,Wallet,Delivered,59,3.0
ORD_00898,CUST_0739,REST_117,Mainland China,Kolkata,2024-12-03,13:47:25,Chinese,Chilli Chicken Gravy,1,270.0,50.0,83.03,Debit Card,Delivered,33,4.0
ORD_00899,CUST_0570,REST_129,Starbucks,Bangalore,2024-01-11,22:36:21,Beverages,Caffe Latte,1,220.0,20.0,0.0,Credit Card,Delivered,45,5.0
ORD_00900,CUST_0601,REST_127,Naturals Ice Cream,Hyderabad,2024-07-13,12:56:15,Desserts,Chocolate Truffle Pastry,0,140.0,30.0,61.74,Cash,Delivered,45,2.5
ORD_00901,CUST_0079,REST_110,Behrouz Biryani,Delhi,2024-01-23,22:34:47,Biryani,Kolkata Special Biryani,1,-50.0,50.0,27.46,Credit Card,Delivered,24,5.0
ORD_00902,CUST_0602,REST_107,Wendy's,Pune,2024-08-18,10:21:59,Burger,Smoky BBQ Burger,1,249.0,0.0,0.0,UPI,Delivered,65,4.5
ORD_00903,CUST_0046,REST_118,Wow! Momo,Ahmedabad,2024-09-07,14:50:26,Chinese,Veg Hakka Noodles,3,180.0,0.0,0.0,Cash,Cancelled,0,0.0
ORD_00904,CUST_0438,REST_124,Faasos,Kolkata,2024-12-22,19:40:36,Fast Food,Paneer Wrap,1,160.0,30.0,0.0,Credit Card,Delivered,20,4.0
ORD_00905,CUST_0215,REST_111,Bawarchi,Hyderabad,2024-02-01,12:39:08,Biryani,Kolkata Special Biryani,1,350.0,20.0,61.61,Credit Card,Delivered,45,5.0
ORD_00906,CUST_0163,REST_125,Baskin Robbins,Ahmedabad,2024-07-10,20:43:53,Desserts,Red Velvet Jar Cake,3,175.0,0.0,0.0,UPI,Delivered,44,5.0
ORD_00907,CUST_0171,REST_124,Faasos,Chennai,2024-10-31,14:13:28,Fast Food,Veggie Delight Sub,1,190.0,50.0,108.38,UPI,Delivered,64,4.0
ORD_00908,CUST_0201,REST_120,Berco's,Pune,2024-08-26,11:50:44,Chinese,Manchurian Gravy,1,210.0,0.0,0.0,Credit Card,Cancelled,0,0.0
ORD_00909,CUST_0491,REST_109,Paradise Biryani,Pune,2024-04-02,12:51:08,Biryani,Paneer Biryani,1,260.0,0.0,53.38,Debit Card,Delivered,53,5.0
ORD_00910,CUST_0096,REST_119,Wok Express,Chennai,2024-03-10,09:27:31,Chinese,Manchurian Gravy,3,210.0,20.0,0.0,Credit Card,Delivered,23,4.5
ORD_00911,CUST_0074,REST_107,Wendy's,Pune,2024-03-25,13:01:02,Burger,Fiery Paneer Burger,2,179.0,0.0,126.82,Debit Card,Delivered,23,5.0
ORD_00912,CUST_0653,REST_106,McDonald's,Delhi,2024-02-20,14:41:23,Burger,Fiery Paneer Burger,1,179.0,50.0,0.0,UPI,Delivered,42,4.0
ORD_00913,CUST_0517,REST_119,Wok Express,Chennai,2024-02-13,12:38:42,Chinese,Chicken Fried Rice,2,230.0,40.0,0.0,Cash,Delivered,27,5.0
ORD_00914,CUST_0514,REST_124,Faasos,Mumbai,2024-01-21,13:01:02,Fast Food,Chicken Zinger Meal,2,299.0,0.0,68.72,UPI,Delivered,23,4.5
ORD_00915,CUST_0543,REST_128,Belgian Waffle Co,Bangalore,2024-03-03,20:51:17,Desserts,Nutella Brownie,1,130.0,30.0,22.69,UPI,Delivered,54,4.5
ORD_00916,CUST_0732,REST_129,Starbucks,Mumbai,2024-04-16,22:39:22,Beverages,Mango Smoothie,2,160.0,0.0,133.4,Wallet,Cancelled,0,0.0
ORD_00917,CUST_0129,REST_103,Ovenstory Pizza,Delhi,2024-03-03,16:53:33,Pizza,Margherita Pizza,1,249.0,50.0,130.39,UPI,Delivered,59,5.0
ORD_00918,CUST_0511,REST_116,Saravanaa Bhavan,Hyderabad,2024-09-27,13:17:15,Indian,Butter Chicken,1,360.0,0.0,0.0,UPI,Delivered,64,5.0
ORD_00919,CUST_0686,REST_127,Naturals Ice Cream,Chennai,2024-01-11,22:48:45,Desserts,Red Velvet Jar Cake,1,175.0,50.0,25.73,Wallet,Delivered,47,3.5
ORD_00920,CUST_0299,REST_111,Bawarchi,Pune,2024-05-28,09:11:25,Biryani,Veg Dum Biryani,2,240.0,30.0,0.0,Credit Card,Delivered,64,5.0
ORD_00921,CUST_0387,REST_127,Naturals Ice Cream,Chennai,2024-09-19,14:32:58,Desserts,Belgian Chocolate Waffle,3,160.0,20.0,40.26,Cash,Delivered,29,3.5
ORD_00922,CUST_0743,REST_129,Starbucks,Bangalore,2024-01-20,19:54:18,Beverages,Masala Chai (Flask),1,110.0,20.0,0.0,Credit Card,Delivered,51,5.0
ORD_00923,CUST_0726,REST_126,Theobroma,Delhi,2024-02-22,22:33:29,Desserts,Red Velvet Jar Cake,2,175.0,0.0,53.36,UPI,Delivered,58,4.0
ORD_00924,CUST_0138,REST_122,KFC,Pune,2024-07-27,10:05:58,Fast Food,Crispy Chicken Bucket,2,480.0,50.0,72.89,Wallet,Delivered,50,3.5
ORD_00925,CUST_0738,REST_102,Pizza Hut,Mumbai,2024-01-14,08:37:06,Pizza,Pepperoni Feast,1,499.0,40.0,0.0,UPI,Delivered,18,5.0
ORD_00926,CUST_0484,REST_119,Wok Express,Ahmedabad,2024-03-02,21:58:00,Chinese,Manchurian Gravy,3,210.0,20.0,53.54,UPI,Cancelled,0,0.0
ORD_00927,CUST_0619,REST_107,Wendy's,Delhi,2024-10-03,20:25:33,Burger,Crispy Veg Burger,1,129.0,0.0,61.61,UPI,Delivered,64,5.0
ORD_00928,CUST_0617,REST_106,McDonald's,Bangalore,2024-05-20,22:04:05,Burger,Fiery Paneer Burger,1,179.0,0.0,67.15,UPI,Delivered,44,2.5
ORD_00929,CUST_0376,REST_122,KFC,Mumbai,2024-07-21,14:02:33,Fast Food,Chicken Zinger Meal,2,299.0,0.0,43.46,Debit Card,Cancelled,0,0.0
ORD_00930,CUST_0057,REST_124,Faasos,Hyderabad,2024-11-07,19:24:09,Fast Food,Chicken Zinger Meal,2,299.0,0.0,0.0,Credit Card,Delivered,29,4.0
ORD_00931,CUST_0349,REST_104,La Pino'z Pizza,Kolkata,2024-10-08,19:31:40,Pizza,Cheese Burst Pizza,3,429.0,40.0,123.31,UPI,Delivered,51,3.5
ORD_00932,CUST_0042,REST_115,Haldiram's,Delhi,2024-01-03,22:49:12,Indian,Kadhai Paneer,1,270.0,20.0,56.69,Cash,Cancelled,0,0.0
ORD_00933,CUST_0048,REST_115,Haldiram's,Hyderabad,2024-03-04,21:28:44,Indian,Kadhai Paneer,2,270.0,50.0,113.05,Wallet,Delivered,22,4.0
ORD_00934,CUST_0187,REST_131,Cafe Coffee Day,Mumbai,2024-03-25,14:45:36,Beverages,Iced Green Tea,2,130.0,40.0,117.95,UPI,Delivered,36,3.5
ORD_00935,CUST_0778,REST_107,Wendy's,Ahmedabad,2024-10-01,20:40:36,Burger,Double Whopper,1,299.0,30.0,36.19,Credit Card,Cancelled,0,0.0
ORD_00936,CUST_0200,REST_113,Punjab Grill,Bangalore,2024-04-24,20:49:27,Indian,Butter Chicken,1,360.0,50.0,79.11,Cash,Delivered,53,4.5
ORD_00937,CUST_0121,REST_125,Baskin Robbins,Ahmedabad,2024-03-30,17:35:46,Desserts,Gulab Jamun (2 pcs),1,80.0,50.0,0.0,Credit Card,Delivered,41,4.0
ORD_00938,CUST_0533,REST_103,Ovenstory Pizza,Bangalore,2024-06-25,11:09:57,Pizza,Margherita Pizza,2,249.0,50.0,21.65,Credit Card,Delivered,43,4.5
ORD_00939,CUST_0693,REST_127,Naturals Ice Cream,Bangalore,2024-10-08,22:22:26,Desserts,Chocolate Truffle Pastry,2,140.0,20.0,0.0,Cash,Delivered,61,3.5
ORD_00940,CUST_0785,REST_123,Taco Bell,Hyderabad,2024-05-08,16:25:34,Fast Food,Crispy Chicken Bucket,1,480.0,50.0,98.31,Cash,Delivered,20,3.5
ORD_00941,CUST_0169,REST_113,Punjab Grill,Ahmedabad,2024-12-07,21:38:25,Indian,Paneer Butter Masala,3,280.0,40.0,0.0,UPI,Delivered,42,4.5
ORD_00942,CUST_0685,REST_121,Subway,Hyderabad,2024-02-03,19:39:41,Fast Food,Crispy Chicken Bucket,1,480.0,30.0,24.02,Credit Card,Delivered,44,4.0
ORD_00943,CUST_0535,REST_132,Chai Point,Hyderabad,2024-01-26,15:40:17,Beverages,Caffe Latte,1,220.0,40.0,52.94,UPI,Delivered,46,3.5
ORD_00944,CUST_0782,REST_110,Behrouz Biryani,Pune,2024-01-10,12:47:55,Biryani,Veg Dum Biryani,1,240.0,40.0,144.23,Wallet,Delivered,56,5.0
ORD_00945,CUST_0024,REST_117,Mainland China,Pune,2024-04-11,20:05:59,Chinese,Chicken Fried Rice,1,230.0,30.0,71.18,UPI,Cancelled,0,0.0
ORD_00946,CUST_0479,REST_129,Starbucks,Delhi,2024-03-25,12:38:10,Beverages,Caffe Latte,1,220.0,0.0,0.0,UPI,Delivered,60,5.0
ORD_00947,CUST_0560,REST_125,Baskin Robbins,Kolkata,2024-04-21,14:34:18,Desserts,Red Velvet Jar Cake,1,175.0,50.0,0.0,Wallet,Cancelled,0,0.0
ORD_00948,CUST_0145,REST_117,Mainland China,Pune,2024-08-08,19:15:28,Chinese,Veg Hakka Noodles,1,180.0,30.0,104.88,Cash,Cancelled,0,0.0
ORD_00949,CUST_0759,REST_110,Behrouz Biryani,Ahmedabad,2024-01-08,10:56:31,Biryani,Hyderabadi Chicken Biryani,3,320.0,50.0,30.03,Cash,Delivered,44,5.0
ORD_00950,CUST_0753,REST_130,Chaayos,Ahmedabad,2024-04-28,15:56:07,Beverages,Mango Smoothie,3,160.0,20.0,74.78,UPI,Delivered,54,4.0
ORD_00951,CUST_0024,REST_128,Belgian Waffle Co,Ahmedabad,2024-08-20,12:25:55,Desserts,Chocolate Truffle Pastry,0,140.0,20.0,113.87,Credit Card,Cancelled,0,0.0
ORD_00952,CUST_0783,REST_126,Theobroma,Mumbai,2024-12-03,13:14:40,Desserts,Chocolate Truffle Pastry,1,140.0,20.0,0.0,UPI,Cancelled,0,0.0
ORD_00953,CUST_0796,REST_129,Starbucks,Kolkata,2024-07-26,14:04:33,Beverages,Masala Chai (Flask),2,110.0,20.0,0.0,Cash,Delivered,43,2.5
ORD_00954,CUST_0041,REST_116,Saravanaa Bhavan,Chennai,2024-11-07,14:55:01,Indian,Kadhai Paneer,4,270.0,20.0,77.83,UPI,Delivered,56,4.0
ORD_00955,CUST_0556,REST_119,Wok Express,Pune,2024-06-01,18:54:47,Chinese,Chicken Fried Rice,2,230.0,50.0,55.6,UPI,Delivered,52,4.5
ORD_00956,CUST_0770,REST_129,Starbucks,Mumbai,2024-04-01,22:28:24,Beverages,Masala Chai (Flask),1,110.0,50.0,124.25,UPI,Delivered,35,4.5
ORD_00957,CUST_0629,REST_132,Chai Point,Delhi,2024-09-29,14:09:54,Beverages,Iced Green Tea,2,130.0,40.0,59.52,UPI,Delivered,38,4.5
ORD_00958,CUST_0768,REST_121,Subway,Mumbai,2024-11-25,20:23:03,Fast Food,Chicken Zinger Meal,2,299.0,0.0,67.73,Credit Card,Delivered,64,4.5
ORD_00959,CUST_0583,REST_101,Domino's Pizza,Mumbai,2024-05-23,13:49:47,Pizza,Pepperoni Feast,1,499.0,30.0,0.0,UPI,Delivered,47,4.5
ORD_00960,CUST_0362,REST_110,Behrouz Biryani,Chennai,2024-12-15,14:54:17,Biryani,Mutton Dum Biryani,2,450.0,20.0,89.59,Wallet,Cancelled,0,0.0
ORD_00961,CUST_0349,REST_111,Bawarchi,Pune,2024-12-16,13:11:34,Biryani,Hyderabadi Chicken Biryani,2,320.0,40.0,0.0,Wallet,Delivered,54,5.0
ORD_00962,CUST_0227,REST_123,Taco Bell,Hyderabad,2024-04-24,11:35:45,Fast Food,Crispy Chicken Bucket,1,480.0,30.0,0.0,Cash,Delivered,42,2.5
ORD_00963,CUST_0017,REST_131,Cafe Coffee Day,Kolkata,2024-04-24,21:40:39,Beverages,Masala Chai (Flask),1,110.0,50.0,80.59,Debit Card,Cancelled,0,0.0
ORD_00964,CUST_0169,REST_115,Haldiram's,Mumbai,2024-04-30,19:05:53,Indian,Kadhai Paneer,1,270.0,40.0,0.0,UPI,Delivered,38,3.5
ORD_00965,CUST_0222,REST_122,KFC,Bangalore,2024-08-31,11:15:51,Fast Food,Chicken Zinger Meal,1,299.0,30.0,0.0,Wallet,Delivered,27,4.0
ORD_00966,CUST_0112,REST_105,Burger King,Chennai,2024-03-31,14:33:07,Burger,Classic Chicken Burger,2,199.0,50.0,23.31,Credit Card,Delivered,48,5.0
ORD_00967,CUST_0241,REST_126,Theobroma,Kolkata,2024-06-18,13:26:03,Desserts,Red Velvet Jar Cake,4,175.0,50.0,63.58,UPI,Delivered,37,3.5
ORD_00968,CUST_0724,REST_123,Taco Bell,Kolkata,2024-11-19,22:23:50,Fast Food,Paneer Wrap,3,160.0,50.0,0.0,Cash,Delivered,57,3.0
ORD_00969,CUST_0710,REST_121,Subway,Pune,2024-01-04,09:09:51,Fast Food,Veggie Delight Sub,1,190.0,20.0,68.31,UPI,Delivered,59,3.5
ORD_00970,CUST_0119,REST_121,Subway,Kolkata,2024-01-03,22:02:33,Fast Food,Veggie Delight Sub,1,190.0,40.0,30.02,UPI,Delivered,51,4.5
ORD_00971,CUST_0601,REST_112,Meghana Foods,Ahmedabad,2024-08-04,14:50:28,Biryani,Mutton Dum Biryani,2,450.0,30.0,28.23,UPI,Delivered,50,2.0
ORD_00972,CUST_0378,REST_113,Punjab Grill,Chennai,2024-04-21,13:45:34,Indian,Kadhai Paneer,3,270.0,0.0,30.47,UPI,Delivered,27,3.5
ORD_00973,CUST_0642,REST_105,Burger King,Chennai,2024-01-05,15:26:16,Burger,Fiery Paneer Burger,1,179.0,20.0,45.48,UPI,Delivered,48,4.5
ORD_00974,CUST_0682,REST_110,Behrouz Biryani,Ahmedabad,2024-09-02,13:47:23,Biryani,Veg Dum Biryani,2,240.0,30.0,40.84,Debit Card,Cancelled,0,0.0
ORD_00975,CUST_0634,REST_132,Chai Point,Delhi,2024-05-03,20:03:35,Beverages,Iced Green Tea,3,130.0,40.0,123.41,UPI,Delivered,31,5.0
ORD_00976,CUST_0746,REST_109,Paradise Biryani,Hyderabad,2024-04-03,20:47:26,Biryani,Veg Dum Biryani,3,240.0,0.0,63.97,Credit Card,Delivered,58,5.0
ORD_00977,CUST_0148,REST_111,Bawarchi,Hyderabad,2024-12-25,14:20:35,Biryani,Veg Dum Biryani,4,240.0,30.0,46.9,Cash,Delivered,49,5.0
ORD_00978,CUST_0297,REST_103,Ovenstory Pizza,Hyderabad,2024-05-09,13:39:45,Pizza,Farmhouse Supreme,2,399.0,20.0,120.27,Debit Card,Delivered,18,5.0
ORD_00979,CUST_0072,REST_103,Ovenstory Pizza,Bangalore,2024-12-07,22:48:33,Pizza,Pepperoni Feast,3,499.0,0.0,0.0,Credit Card,Delivered,26,4.5
ORD_00980,CUST_0532,REST_110,Behrouz Biryani,Hyderabad,2024-12-11,11:08:50,Biryani,Hyderabadi Chicken Biryani,1,320.0,0.0,29.53,Debit Card,Delivered,53,4.5
ORD_00981,CUST_0703,REST_131,Cafe Coffee Day,Ahmedabad,2024-12-20,19:42:32,Beverages,Caffe Latte,1,220.0,20.0,41.69,UPI,Delivered,20,5.0
ORD_00982,CUST_0310,REST_125,Baskin Robbins,Hyderabad,2024-10-20,22:04:22,Desserts,Nutella Brownie,3,130.0,20.0,140.4,Cash,Cancelled,0,0.0
ORD_00983,CUST_0798,REST_111,Bawarchi,Bangalore,2024-02-17,22:17:41,Biryani,Hyderabadi Chicken Biryani,3,320.0,50.0,0.0,Cash,Delivered,18,4.5
ORD_00984,CUST_0085,REST_129,Starbucks,Hyderabad,2024-02-28,19:40:09,Beverages,Iced Green Tea,2,130.0,0.0,0.0,UPI,Delivered,62,2.5
ORD_00985,CUST_0771,REST_101,Domino's Pizza,Bangalore,2024-12-10,19:24:25,Pizza,Cheese Burst Pizza,1,429.0,20.0,0.0,Cash,Delivered,26,4.0
ORD_00986,CUST_0542,REST_114,Barbeque Nation,Ahmedabad,2024-04-19,20:27:24,Indian,Kadhai Paneer,1,270.0,50.0,0.0,UPI,Delivered,60,3.5
ORD_00987,CUST_0107,REST_118,Wow! Momo,Bangalore,2024-02-16,22:40:33,Chinese,Veg Hakka Noodles,1,180.0,30.0,118.23,UPI,Delivered,56,5.0
ORD_00988,CUST_0606,REST_123,Taco Bell,Hyderabad,2024-02-03,08:51:59,Fast Food,Chicken Zinger Meal,1,299.0,50.0,27.05,Credit Card,Delivered,19,4.0
ORD_00989,CUST_0465,REST_111,Bawarchi,Delhi,2024-08-05,18:34:23,Biryani,Mutton Dum Biryani,1,450.0,20.0,0.0,UPI,Cancelled,0,0.0
ORD_00990,CUST_0798,REST_102,Pizza Hut,Bangalore,2024-01-28,13:39:10,Pizza,Paneer Tikka Pizza,1,349.0,50.0,23.32,Cash,Delivered,64,4.0
ORD_00991,CUST_0437,REST_126,Theobroma,Mumbai,2024-03-05,11:21:20,Desserts,Red Velvet Jar Cake,1,175.0,20.0,126.33,Cash,Delivered,63,
ORD_00992,CUST_0061,REST_103,Ovenstory Pizza,Delhi,2024-09-11,14:28:23,Pizza,Paneer Tikka Pizza,1,349.0,30.0,40.4,Cash,Delivered,40,4.5
ORD_00993,CUST_0177,REST_120,Berco's,Hyderabad,2024-03-11,16:29:27,Chinese,Veg Hakka Noodles,1,180.0,0.0,62.3,Credit Card,Delivered,20,5.0
ORD_00994,CUST_0755,REST_113,Punjab Grill,Pune,2024-07-23,19:31:10,Indian,Garlic Naan Combo,1,160.0,0.0,48.43,Credit Card,Delivered,46,5.0
ORD_00995,CUST_0738,REST_121,Subway,Delhi,2024-02-13,19:26:28,Fast Food,Chicken Zinger Meal,1,299.0,0.0,32.61,UPI,Delivered,36,4.5
ORD_00996,CUST_0283,REST_118,Wow! Momo,Ahmedabad,2024-03-30,20:01:01,Chinese,Schezwan Veg Momos,2,150.0,20.0,0.0,Debit Card,Delivered,46,4.5
ORD_00997,CUST_0260,REST_102,Pizza Hut,Ahmedabad,2024-10-14,20:42:51,Pizza,Margherita Pizza,3,249.0,20.0,28.61,Credit Card,Cancelled,0,0.0
ORD_00998,CUST_0448,REST_126,Theobroma,Pune,2024-06-29,14:15:53,Desserts,Chocolate Truffle Pastry,1,140.0,40.0,0.0,UPI,Delivered,44,4.5
ORD_00999,CUST_0339,REST_105,Burger King,Mumbai,2024-08-16,14:29:07,Burger,Crispy Veg Burger,3,129.0,0.0,0.0,Credit Card,Delivered,52,4.0
ORD_01000,CUST_0733,REST_103,Ovenstory Pizza,Chennai,2024-12-07,10:20:50,Pizza,Pepperoni Feast,1,499.0,30.0,47.6,Credit Card,Delivered,56,3.5
ORD_01001,CUST_0405,REST_113,Punjab Grill,Ahmedabad,2024-08-25,14:07:52,Indian,Butter Chicken,1,360.0,50.0,36.09,UPI,Delivered,24,5.0
ORD_01002,CUST_0051,REST_131,Cafe Coffee Day,Ahmedabad,2024-04-29,18:27:11,Beverages,Caffe Latte,1,220.0,50.0,52.73,Cash,Cancelled,0,0.0
ORD_01003,CUST_0457,REST_107,Wendy's,Mumbai,2024-08-08,12:01:13,Burger,Double Whopper,1,299.0,50.0,69.72,Debit Card,Delivered,44,5.0
ORD_01004,CUST_0682,REST_117,Mainland China,Mumbai,2024-02-12,22:57:09,Chinese,Manchurian Gravy,3,210.0,0.0,147.19,Credit Card,Delivered,58,4.5
ORD_01005,CUST_0678,REST_108,The Burger Club,Mumbai,2024-06-04,12:48:07,Burger,Classic Chicken Burger,1,199.0,30.0,60.56,UPI,Pending,36,0.0
ORD_01006,CUST_0012,REST_101,Domino's Pizza,Bangalore,2024-10-03,22:20:30,Pizza,Farmhouse Supreme,2,399.0,20.0,103.52,UPI,Delivered,23,4.0
ORD_01007,CUST_0162,REST_118,Wow! Momo,Ahmedabad,2024-12-09,14:09:29,Chinese,Manchurian Gravy,2,210.0,40.0,74.95,Wallet,Delivered,58,5.0
ORD_01008,CUST_0364,REST_107,Wendy's,Hyderabad,2024-10-24,13:27:02,Burger,Crispy Veg Burger,1,129.0,50.0,29.74,UPI,Cancelled,0,0.0
ORD_01009,CUST_0572,REST_124,Faasos,Hyderabad,2024-02-24,22:37:51,Fast Food,Cheesy French Fries,3,120.0,40.0,0.0,Cash,Cancelled,0,0.0
ORD_01010,CUST_0719,REST_128,Belgian Waffle Co,Chennai,2024-05-07,21:01:17,Desserts,Nutella Brownie,1,130.0,30.0,0.0,UPI,Delivered,39,5.0
ORD_01011,CUST_0365,REST_127,Naturals Ice Cream,Hyderabad,2024-10-06,20:17:34,Desserts,Nutella Brownie,1,130.0,50.0,0.0,UPI,Delivered,34,4.5
ORD_01012,CUST_0771,REST_108,The Burger Club,Ahmedabad,2024-11-15,10:19:04,Burger,Crispy Veg Burger,1,129.0,0.0,61.62,Credit Card,Delivered,56,4.0
ORD_01013,CUST_0210,REST_106,McDonald's,Pune,2024-08-31,08:21:11,Burger,Double Whopper,5,299.0,0.0,99.09,Cash,Delivered,62,5.0
ORD_01014,CUST_0286,REST_130,Chaayos,Chennai,2024-03-04,13:20:41,Beverages,Masala Chai (Flask),1,110.0,20.0,35.05,Credit Card,Delivered,22,4.5
ORD_01015,CUST_0766,REST_111,Bawarchi,Delhi,2024-10-02,14:40:02,Biryani,Paneer Biryani,1,260.0,0.0,109.63,Cash,Delivered,23,4.5
ORD_01016,CUST_0108,REST_122,KFC,Hyderabad,2024-11-16,21:34:27,Fast Food,Chicken Zinger Meal,2,299.0,50.0,70.33,Credit Card,Delivered,62,4.5
ORD_01017,CUST_0519,REST_117,Mainland China,Pune,2024-06-23,13:51:42,Chinese,Chilli Chicken Gravy,1,270.0,0.0,59.73,Credit Card,Delivered,61,4.0
ORD_01018,CUST_0253,REST_103,Ovenstory Pizza,Pune,2024-02-06,13:43:46,Pizza,Margherita Pizza,1,249.0,50.0,62.42,Credit Card,Delivered,38,5.0
ORD_01019,CUST_0664,REST_107,Wendy's,Bangalore,2024-07-09,13:31:00,Burger,Classic Chicken Burger,1,199.0,50.0,51.48,Credit Card,Delivered,55,5.0
ORD_01020,CUST_0386,REST_120,Berco's,Pune,2024-09-11,13:50:27,Chinese,Schezwan Veg Momos,1,150.0,0.0,144.85,UPI,Cancelled,0,0.0
ORD_01021,CUST_0454,REST_104,La Pino'z Pizza,Kolkata,2024-06-12,14:50:32,Pizza,Farmhouse Supreme,3,399.0,0.0,33.34,Credit Card,Delivered,43,3.5
ORD_01022,CUST_0649,REST_127,Naturals Ice Cream,Bangalore,2024-01-28,21:38:38,Desserts,Belgian Chocolate Waffle,1,160.0,0.0,0.0,Wallet,Delivered,29,5.0
ORD_01023,CUST_0186,REST_128,Belgian Waffle Co,Ahmedabad,2024-06-08,13:39:04,Desserts,Gulab Jamun (2 pcs),1,80.0,0.0,0.0,UPI,Pending,22,0.0
ORD_01024,CUST_0516,REST_125,Baskin Robbins,Chennai,2024-10-01,22:37:33,Desserts,Chocolate Truffle Pastry,5,140.0,40.0,74.54,UPI,Cancelled,0,0.0
ORD_01025,CUST_0610,REST_129,Starbucks,Kolkata,2024-08-16,22:50:16,Beverages,Masala Chai (Flask),3,110.0,40.0,0.0,Credit Card,Cancelled,0,0.0
ORD_01026,CUST_0542,REST_116,Saravanaa Bhavan,Chennai,2024-04-26,14:37:46,Indian,Dal Makhani,1,220.0,50.0,0.0,Cash,Pending,40,0.0
ORD_01027,CUST_0272,REST_118,Wow! Momo,Bangalore,2024-12-09,12:32:20,Chinese,Veg Hakka Noodles,3,180.0,30.0,148.5,UPI,Delivered,45,5.0
ORD_01028,CUST_0293,REST_122,KFC,Ahmedabad,2024-02-09,20:09:59,Fast Food,Veggie Delight Sub,2,190.0,40.0,0.0,Cash,Delivered,64,2.0
ORD_01029,CUST_0636,REST_132,Chai Point,Delhi,2024-04-15,21:41:41,Beverages,Mango Smoothie,2,160.0,20.0,21.69,Debit Card,Delivered,42,4.0
ORD_01030,CUST_0487,REST_101,Domino's Pizza,Kolkata,2024-11-06,15:52:02,Pizza,Margherita Pizza,1,249.0,20.0,0.0,Cash,Delivered,32,5.0
ORD_01031,CUST_0149,REST_115,Haldiram's,Chennai,2024-06-05,19:32:04,Indian,Butter Chicken,2,360.0,40.0,47.78,Cash,Delivered,45,5.0
ORD_01032,CUST_0261,REST_123,Taco Bell,Chennai,2024-08-06,20:52:34,Fast Food,Cheesy French Fries,3,120.0,0.0,54.07,Cash,Delivered,24,5.0
ORD_01033,CUST_0774,REST_113,Punjab Grill,Kolkata,2024-10-01,14:32:42,Indian,Butter Chicken,1,360.0,50.0,64.21,Cash,Delivered,55,4.5
ORD_01034,CUST_0783,REST_119,Wok Express,Mumbai,2024-10-23,23:06:17,Chinese,Schezwan Veg Momos,3,150.0,20.0,0.0,UPI,Delivered,64,2.0
ORD_01035,CUST_0391,REST_111,Bawarchi,Chennai,2024-04-14,15:37:28,Biryani,Mutton Dum Biryani,1,450.0,20.0,0.0,Credit Card,Delivered,25,2.0
ORD_01036,CUST_0512,REST_126,Theobroma,Mumbai,2024-04-17,09:45:36,Desserts,Nutella Brownie,2,130.0,20.0,0.0,UPI,Delivered,18,5.0
ORD_01037,CUST_0003,REST_108,The Burger Club,Mumbai,2024-08-10,19:58:01,Burger,Fiery Paneer Burger,1,179.0,50.0,50.7,Credit Card,Delivered,42,5.0
ORD_01038,CUST_0303,REST_124,Faasos,Hyderabad,2024-05-27,20:57:35,Fast Food,Crispy Chicken Bucket,1,480.0,30.0,55.26,UPI,Delivered,21,4.0
ORD_01039,CUST_0770,REST_115,Haldiram's,Bangalore,2024-07-28,18:53:43,Indian,Dal Makhani,2,220.0,0.0,0.0,Credit Card,Pending,34,0.0
ORD_01040,CUST_0414,REST_103,Ovenstory Pizza,Bangalore,2024-06-17,20:28:53,Pizza,Farmhouse Supreme,1,399.0,0.0,78.46,UPI,Cancelled,0,0.0
ORD_01041,CUST_0276,REST_105,Burger King,Delhi,2024-07-08,19:45:05,Burger,Fiery Paneer Burger,2,179.0,20.0,75.12,UPI,Delivered,43,4.5
ORD_01042,CUST_0606,REST_129,Starbucks,Chennai,2024-11-10,20:27:26,Beverages,Iced Green Tea,1,130.0,30.0,40.79,Credit Card,Delivered,43,5.0
ORD_01043,CUST_0016,REST_125,Baskin Robbins,Hyderabad,2024-09-27,23:50:39,Desserts,Gulab Jamun (2 pcs),1,80.0,0.0,52.52,UPI,Delivered,22,4.5
ORD_01044,,REST_109,Paradise Biryani,Hyderabad,2024-03-08,14:48:22,Biryani,Hyderabadi Chicken Biryani,1,320.0,50.0,65.71,UPI,Delivered,23,4.5
ORD_01045,CUST_0586,REST_109,Paradise Biryani,Kolkata,2024-07-03,21:07:29,Biryani,Kolkata Special Biryani,1,350.0,30.0,56.9,UPI,Delivered,56,5.0
ORD_01046,CUST_0555,REST_117,Mainland China,Bangalore,2024-12-30,12:27:17,Chinese,Manchurian Gravy,1,210.0,20.0,46.26,Cash,Delivered,21,3.5
ORD_01047,CUST_0271,REST_118,Wow! Momo,Kolkata,2024-10-10,21:23:31,Chinese,Veg Hakka Noodles,3,180.0,0.0,0.0,Credit Card,Delivered,54,5.0
ORD_01048,CUST_0376,REST_101,Domino's Pizza,Ahmedabad,2024-02-02,12:59:45,Pizza,Margherita Pizza,3,249.0,40.0,0.0,UPI,Delivered,26,5.0
ORD_01049,CUST_0182,REST_123,Taco Bell,Bangalore,2024-01-30,20:10:44,Fast Food,Crispy Chicken Bucket,1,480.0,40.0,0.0,UPI,Delivered,42,2.5
ORD_01050,CUST_0791,REST_104,La Pino'z Pizza,Kolkata,2024-01-31,09:05:07,Pizza,Margherita Pizza,2,249.0,0.0,66.41,Debit Card,Delivered,60,5.0
ORD_01051,CUST_0083,REST_122,KFC,Mumbai,2024-01-28,12:12:02,Fast Food,Chicken Zinger Meal,1,299.0,0.0,119.52,Credit Card,Delivered,48,5.0
ORD_01052,CUST_0670,REST_119,Wok Express,Delhi,2024-04-26,12:51:36,Chinese,Chilli Chicken Gravy,1,270.0,40.0,51.52,Debit Card,Delivered,26,4.5
ORD_01053,CUST_0484,REST_125,Baskin Robbins,Delhi,2024-09-20,23:12:51,Desserts,Nutella Brownie,1,130.0,50.0,0.0,Debit Card,Delivered,22,5.0
ORD_01054,CUST_0158,REST_126,Theobroma,Kolkata,2024-02-05,13:13:56,Desserts,Red Velvet Jar Cake,2,175.0,30.0,48.82,Debit Card,Delivered,27,4.5
ORD_01055,CUST_0280,REST_104,La Pino'z Pizza,Pune,2024-04-09,12:45:16,Pizza,Paneer Tikka Pizza,3,349.0,50.0,50.09,Wallet,Delivered,32,4.5
ORD_01056,CUST_0646,REST_126,Theobroma,Chennai,2024-01-25,19:28:52,Desserts,Nutella Brownie,1,130.0,30.0,41.64,UPI,Delivered,23,4.5
ORD_01057,CUST_0211,REST_101,Domino's Pizza,Bangalore,2024-06-19,18:06:02,Pizza,Cheese Burst Pizza,1,429.0,30.0,56.63,Cash,Cancelled,0,0.0
ORD_01058,CUST_0086,REST_132,Chai Point,Delhi,2024-11-03,08:09:21,Beverages,Cold Coffee with Ice Cream,3,150.0,40.0,22.97,Credit Card,Delivered,19,4.5
ORD_01059,CUST_0240,REST_117,Mainland China,Kolkata,2024-01-01,12:11:28,Chinese,Chicken Fried Rice,3,230.0,50.0,72.91,UPI,Cancelled,0,0.0
ORD_01060,CUST_0717,REST_107,Wendy's,Mumbai,2024-06-21,20:58:56,Burger,Crispy Veg Burger,1,129.0,50.0,0.0,Cash,Delivered,20,4.5
ORD_01061,CUST_0505,REST_130,Chaayos,Delhi,2024-08-25,12:59:22,Beverages,Caffe Latte,2,220.0,50.0,55.42,Debit Card,Delivered,22,5.0
ORD_01062,CUST_0295,REST_117,Mainland China,Hyderabad,2024-12-19,11:00:17,Chinese,Chicken Fried Rice,1,230.0,0.0,107.13,Cash,Delivered,36,5.0
ORD_01063,CUST_0642,REST_115,Haldiram's,Delhi,2024-11-11,19:22:48,Indian,Kadhai Paneer,2,270.0,30.0,38.73,UPI,Delivered,20,5.0
ORD_01064,CUST_0584,REST_104,La Pino'z Pizza,Mumbai,2024-08-07,09:04:34,Pizza,Cheese Burst Pizza,1,429.0,40.0,22.42,Credit Card,Delivered,48,4.5
ORD_01065,CUST_0129,REST_115,Haldiram's,Hyderabad,2024-10-24,13:55:14,Indian,Dal Makhani,1,220.0,40.0,40.73,Debit Card,Delivered,38,5.0
ORD_01066,CUST_0357,REST_108,The Burger Club,Mumbai,2024-07-13,20:57:25,Burger,Double Whopper,1,299.0,0.0,34.01,Cash,Delivered,60,2.5
ORD_01067,CUST_0154,REST_115,Haldiram's,Hyderabad,2024-02-18,19:36:02,Indian,Dal Makhani,2,220.0,40.0,78.48,UPI,Delivered,52,4.5
ORD_01068,CUST_0260,REST_102,Pizza Hut,Hyderabad,2024-02-15,22:14:50,Pizza,Margherita Pizza,1,249.0,0.0,0.0,Credit Card,Pending,34,0.0
ORD_01069,CUST_0577,REST_122,KFC,Ahmedabad,2024-03-28,14:49:27,Fast Food,Crispy Chicken Bucket,1,480.0,40.0,0.0,Wallet,Delivered,60,4.0
ORD_01070,CUST_0009,REST_131,Cafe Coffee Day,Bangalore,2024-09-23,21:29:29,Beverages,Masala Chai (Flask),3,110.0,50.0,0.0,Debit Card,Delivered,40,3.5
ORD_01071,CUST_0770,REST_110,Behrouz Biryani,Mumbai,2024-12-24,11:41:50,Biryani,Kolkata Special Biryani,2,350.0,20.0,0.0,Debit Card,Delivered,25,4.5
ORD_01072,CUST_0741,REST_121,Subway,Mumbai,2024-02-24,21:13:34,Fast Food,Chicken Zinger Meal,1,299.0,50.0,60.17,Debit Card,Delivered,47,4.0
ORD_01073,CUST_0721,REST_125,Baskin Robbins,Delhi,2024-06-22,23:34:48,Desserts,Chocolate Truffle Pastry,3,140.0,50.0,80.04,Wallet,Delivered,27,4.5
ORD_01074,CUST_0177,REST_123,Taco Bell,Chennai,2024-12-02,20:10:46,Fast Food,Crispy Chicken Bucket,2,480.0,20.0,0.0,UPI,Delivered,36,4.5
ORD_01075,CUST_0235,REST_109,Paradise Biryani,Bangalore,2024-02-15,22:17:41,Biryani,Veg Dum Biryani,1,240.0,20.0,139.52,Credit Card,Delivered,41,4.5
ORD_01076,CUST_0718,REST_109,Paradise Biryani,Mumbai,2024-01-19,12:17:59,Biryani,Mutton Dum Biryani,2,450.0,20.0,0.0,UPI,Delivered,49,4.5
ORD_01077,CUST_0713,REST_115,Haldiram's,Delhi,2024-01-22,12:32:05,Indian,Butter Chicken,1,360.0,0.0,41.77,UPI,Pending,21,0.0
ORD_01078,CUST_0610,REST_132,Chai Point,Hyderabad,2024-07-01,19:39:34,Beverages,Mango Smoothie,1,160.0,0.0,55.85,Wallet,Delivered,61,3.5
ORD_01079,CUST_0761,REST_131,Cafe Coffee Day,Delhi,2024-11-07,20:37:47,Beverages,Mango Smoothie,4,160.0,20.0,0.0,Credit Card,Delivered,65,4.5
ORD_01080,CUST_0635,REST_126,Theobroma,Pune,2024-10-17,20:07:26,Desserts,Red Velvet Jar Cake,1,175.0,50.0,0.0,UPI,Cancelled,0,0.0
ORD_01081,CUST_0428,REST_129,Starbucks,Pune,2024-04-29,12:05:36,Beverages,Mango Smoothie,1,160.0,40.0,23.32,Cash,Delivered,34,5.0
ORD_01082,CUST_0442,REST_115,Haldiram's,Pune,2024-04-06,21:22:00,Indian,Kadhai Paneer,1,270.0,50.0,44.95,UPI,Delivered,26,4.5
ORD_01083,CUST_0091,REST_111,Bawarchi,Chennai,2024-07-29,14:21:41,Biryani,Mutton Dum Biryani,2,450.0,30.0,0.0,UPI,Delivered,50,4.0
ORD_01084,CUST_0547,REST_108,The Burger Club,Ahmedabad,2024-11-23,21:58:52,Burger,Double Whopper,2,299.0,50.0,40.91,UPI,Delivered,33,3.5
ORD_01085,CUST_0289,REST_111,Bawarchi,Ahmedabad,2024-07-05,12:15:16,Biryani,Hyderabadi Chicken Biryani,4,320.0,0.0,93.07,UPI,Delivered,60,4.5
ORD_01086,CUST_0383,REST_124,Faasos,Chennai,2024-12-19,13:31:21,Fast Food,Chicken Zinger Meal,2,299.0,40.0,69.22,Credit Card,Delivered,58,5.0
ORD_01087,CUST_0246,REST_124,Faasos,Pune,2024-07-20,22:51:04,Fast Food,Cheesy French Fries,1,120.0,30.0,0.0,UPI,Delivered,19,4.5
ORD_01088,CUST_0587,REST_117,Mainland China,Kolkata,2024-04-04,12:20:50,Chinese,Chilli Chicken Gravy,4,270.0,50.0,36.61,UPI,Delivered,33,5.0
ORD_01089,CUST_0283,REST_115,Haldiram's,Bangalore,2024-03-01,22:07:59,Indian,Kadhai Paneer,3,270.0,0.0,146.52,Credit Card,Delivered,33,4.0
ORD_01090,CUST_0426,REST_119,Wok Express,Delhi,2024-04-19,09:28:36,Chinese,Chilli Chicken Gravy,1,270.0,40.0,0.0,Wallet,Delivered,19,5.0
ORD_01091,CUST_0749,REST_131,Cafe Coffee Day,Delhi,2024-03-13,10:23:46,Beverages,Caffe Latte,1,220.0,0.0,116.77,UPI,Delivered,60,5.0
ORD_01092,CUST_0444,REST_119,Wok Express,Ahmedabad,2024-01-25,20:41:10,Chinese,Schezwan Veg Momos,3,150.0,0.0,42.6,UPI,Delivered,27,5.0
ORD_01093,CUST_0464,REST_128,Belgian Waffle Co,Bangalore,2024-07-27,22:00:07,Desserts,Belgian Chocolate Waffle,1,160.0,0.0,22.57,Credit Card,Delivered,27,3.5
ORD_01094,CUST_0065,REST_123,Taco Bell,Mumbai,2024-12-03,09:01:58,Fast Food,Paneer Wrap,1,160.0,20.0,23.61,upi,Delivered,30,5.0
ORD_01095,CUST_0309,REST_106,McDonald's,Hyderabad,2024-09-27,10:31:10,Burger,Fiery Paneer Burger,3,179.0,20.0,0.0,UPI,Delivered,63,5.0
ORD_01096,CUST_0181,REST_112,Meghana Foods,Mumbai,2024-06-25,21:39:22,Biryani,Mutton Dum Biryani,3,450.0,20.0,86.13,UPI,Delivered,46,5.0
ORD_01097,CUST_0535,REST_103,Ovenstory Pizza,Bangalore,2024-08-30,12:50:22,Pizza,Farmhouse Supreme,1,399.0,20.0,24.79,UPI,Delivered,43,5.0
ORD_01098,CUST_0471,REST_112,Meghana Foods,Mumbai,2024-09-11,11:48:32,Biryani,Paneer Biryani,3,260.0,20.0,25.43,Cash,Delivered,24,4.5
ORD_01099,CUST_0567,REST_109,Paradise Biryani,Hyderabad,2024-12-07,21:59:45,Biryani,Kolkata Special Biryani,2,350.0,50.0,133.45,Cash,Delivered,34,5.0
ORD_01100,CUST_0222,REST_110,Behrouz Biryani,Bangalore,2024-01-09,14:18:16,Biryani,Paneer Biryani,5,260.0,30.0,56.87,Credit Card,Delivered,60,1.0
ORD_01101,CUST_0189,REST_124,Faasos,Bangalore,2024-07-12,21:13:23,Fast Food,Crispy Chicken Bucket,2,480.0,40.0,0.0,Debit Card,Delivered,48,3.5
ORD_01102,CUST_0664,REST_103,Ovenstory Pizza,Delhi,2024-12-16,16:06:52,Pizza,Paneer Tikka Pizza,1,349.0,40.0,32.6,Cash,Delivered,25,4.0
ORD_01103,CUST_0014,REST_116,Saravanaa Bhavan,Delhi,2024-07-24,14:50:18,Indian,Butter Chicken,2,360.0,20.0,59.61,Credit Card,Delivered,38,4.0
ORD_01104,CUST_0047,REST_123,Taco Bell,Kolkata,2024-02-07,10:23:05,Fast Food,Paneer Wrap,1,160.0,30.0,0.0,Cash,Cancelled,0,0.0
ORD_01105,CUST_0439,REST_101,Domino's Pizza,Chennai,2024-07-11,12:37:20,Pizza,Cheese Burst Pizza,1,429.0,40.0,30.17,Cash,Delivered,26,5.0
ORD_01106,CUST_0163,REST_108,The Burger Club,Mumbai,2024-03-10,10:09:19,Burger,Crispy Veg Burger,1,129.0,20.0,61.35,UPI,Cancelled,0,0.0
ORD_01107,CUST_0545,REST_125,Baskin Robbins,Ahmedabad,2024-09-24,12:10:27,Desserts,Nutella Brownie,1,130.0,40.0,0.0,Credit Card,Pending,25,0.0
ORD_01108,CUST_0668,REST_104,La Pino'z Pizza,Pune,2024-12-22,14:34:39,Pizza,Farmhouse Supreme,1,399.0,50.0,33.05,Cash,Delivered,58,4.0
ORD_01109,CUST_0716,REST_113,Punjab Grill,Chennai,2024-02-16,13:21:19,Indian,Kadhai Paneer,1,270.0,50.0,63.21,Cash,Delivered,25,5.0
ORD_01110,CUST_0601,REST_121,Subway,Delhi,2024-09-05,16:18:36,Fast Food,Cheesy French Fries,2,120.0,30.0,59.1,UPI,Delivered,53,4.5
ORD_01111,CUST_0558,REST_132,Chai Point,Pune,2024-10-20,13:59:19,Beverages,Masala Chai (Flask),3,110.0,0.0,31.07,Debit Card,Delivered,20,5.0
ORD_01112,CUST_0024,REST_115,Haldiram's,Pune,2024-12-23,20:02:37,Indian,Dal Makhani,2,220.0,30.0,53.91,Wallet,Delivered,25,3.5
ORD_01113,CUST_0367,REST_126,Theobroma,Bangalore,2024-04-15,21:37:29,Desserts,Belgian Chocolate Waffle,2,160.0,20.0,26.06,Cash,Delivered,61,5.0
ORD_01114,CUST_0081,REST_119,Wok Express,Kolkata,2024-07-20,21:26:42,Chinese,Manchurian Gravy,1,210.0,30.0,131.53,Debit Card,Cancelled,0,0.0
ORD_01115,CUST_0227,REST_117,Mainland China,Chennai,2024-11-09,20:48:38,Chinese,Chilli Chicken Gravy,1,270.0,30.0,0.0,Cash,Delivered,35,3.5
ORD_01116,CUST_0539,REST_110,Behrouz Biryani,Bangalore,2024-10-30,22:08:38,Biryani,Hyderabadi Chicken Biryani,2,320.0,20.0,125.18,Cash,Delivered,51,4.5
ORD_01117,CUST_0103,REST_109,Paradise Biryani,Hyderabad,2024-10-19,12:44:11,Biryani,Hyderabadi Chicken Biryani,1,320.0,40.0,110.92,UPI,Cancelled,0,0.0
ORD_01118,CUST_0294,REST_123,Taco Bell,Pune,2024-10-26,20:02:15,Fast Food,Chicken Zinger Meal,1,299.0,30.0,0.0,UPI,Delivered,22,5.0
ORD_01119,CUST_0581,REST_102,Pizza Hut,Mumbai,2024-02-24,19:13:46,Pizza,Farmhouse Supreme,3,399.0,30.0,139.82,Cash,Delivered,30,5.0
ORD_01120,CUST_0694,REST_104,La Pino'z Pizza,Ahmedabad,2024-10-20,12:16:45,Pizza,Margherita Pizza,1,249.0,30.0,0.0,Credit Card,Delivered,32,5.0
ORD_01121,CUST_0556,REST_102,Pizza Hut,Kolkata,2024-04-03,22:10:59,Pizza,Farmhouse Supreme,2,399.0,20.0,0.0,UPI,Delivered,36,5.0
ORD_01122,CUST_0672,REST_103,Ovenstory Pizza,Delhi,2024-12-05,14:26:32,Pizza,Pepperoni Feast,2,499.0,40.0,115.52,UPI,Delivered,59,5.0
ORD_01123,CUST_0145,REST_125,Baskin Robbins,Chennai,2024-11-30,22:28:56,Desserts,Red Velvet Jar Cake,1,175.0,40.0,0.0,Wallet,Delivered,38,5.0
ORD_01124,CUST_0376,REST_110,Behrouz Biryani,Mumbai,2024-11-08,21:25:21,Biryani,Paneer Biryani,1,260.0,30.0,61.46,Credit Card,Delivered,26,4.5
ORD_01125,CUST_0240,REST_109,Paradise Biryani,Mumbai,2024-06-18,12:13:13,Biryani,Mutton Dum Biryani,3,450.0,20.0,0.0,UPI,Delivered,46,5.0
ORD_01126,CUST_0687,REST_131,Cafe Coffee Day,Pune,2024-08-12,12:49:30,Beverages,Cold Coffee with Ice Cream,2,150.0,30.0,98.64,Debit Card,Delivered,35,4.0
ORD_01127,CUST_0081,REST_115,Haldiram's,Bangalore,2024-03-28,20:17:45,Indian,Garlic Naan Combo,3,160.0,20.0,0.0,Cash,Delivered,55,4.0
ORD_01128,CUST_0790,REST_108,The Burger Club,Mumbai,2024-03-24,12:18:03,Burger,Double Whopper,3,299.0,0.0,68.33,UPI,Delivered,60,3.5
ORD_01129,CUST_0795,REST_132,Chai Point,Delhi,2024-05-13,14:50:53,Beverages,Masala Chai (Flask),2,110.0,20.0,78.75,UPI,Delivered,52,3.5
ORD_01130,CUST_0694,REST_111,Bawarchi,Ahmedabad,2024-02-02,21:38:02,Biryani,Paneer Biryani,3,260.0,50.0,100.74,UPI,Delivered,63,5.0
ORD_01131,CUST_0758,REST_116,Saravanaa Bhavan,Bangalore,2024-11-17,19:50:11,Indian,Butter Chicken,1,360.0,0.0,0.0,UPI,Delivered,50,5.0
ORD_01132,CUST_0705,REST_101,Domino's Pizza,Pune,2024-01-26,23:18:44,Pizza,Paneer Tikka Pizza,1,349.0,20.0,39.39,Cash,Delivered,34,4.0
ORD_01133,CUST_0326,REST_129,Starbucks,Delhi,2024-03-30,22:24:47,Beverages,Caffe Latte,1,220.0,20.0,30.0,UPI,Cancelled,0,0.0
ORD_01134,CUST_0116,REST_112,Meghana Foods,Pune,2024-12-16,20:54:12,Biryani,Veg Dum Biryani,3,240.0,0.0,64.9,UPI,Delivered,37,4.5
ORD_01135,CUST_0019,REST_131,Cafe Coffee Day,Chennai,2024-05-18,12:00:55,Beverages,Cold Coffee with Ice Cream,1,150.0,40.0,126.33,UPI,Delivered,38,5.0
ORD_01136,CUST_0509,REST_112,Meghana Foods,Chennai,2024-11-20,12:56:38,Biryani,Kolkata Special Biryani,2,350.0,40.0,0.0,UPI,Cancelled,0,0.0
ORD_01137,CUST_0175,REST_122,KFC,Bangalore,2024-08-02,22:22:34,Fast Food,Crispy Chicken Bucket,1,480.0,50.0,0.0,Credit Card,Delivered,28,5.0
ORD_01138,CUST_0074,REST_126,Theobroma,Kolkata,2024-03-18,13:48:42,Desserts,Chocolate Truffle Pastry,2,140.0,40.0,0.0,UPI,Delivered,27,4.0
ORD_01139,CUST_0638,REST_109,Paradise Biryani,Chennai,2024-07-12,21:39:32,Biryani,Kolkata Special Biryani,1,350.0,50.0,0.0,UPI,Delivered,32,4.0
ORD_01140,CUST_0042,REST_118,Wow! Momo,Mumbai,2024-02-02,10:11:54,Chinese,Chicken Fried Rice,1,230.0,20.0,102.91,UPI,Delivered,25,4.0
ORD_01141,CUST_0446,REST_132,Chai Point,Pune,2024-01-05,19:33:20,Beverages,Masala Chai (Flask),1,110.0,50.0,0.0,UPI,Delivered,26,3.5
ORD_01142,CUST_0044,REST_112,Meghana Foods,Pune,2024-11-22,12:53:20,Biryani,Kolkata Special Biryani,1,350.0,40.0,35.5,Debit Card,Delivered,65,5.0
ORD_01143,CUST_0133,REST_118,Wow! Momo,Hyderabad,2024-11-08,22:51:09,Chinese,Veg Hakka Noodles,1,180.0,20.0,0.0,UPI,Delivered,36,5.0
ORD_01144,CUST_0223,REST_120,Berco's,Delhi,2024-10-17,11:05:30,Chinese,Manchurian Gravy,3,210.0,40.0,0.0,Credit Card,Delivered,56,2.0
ORD_01145,CUST_0708,REST_110,Behrouz Biryani,Delhi,2024-10-08,20:56:27,Biryani,Hyderabadi Chicken Biryani,1,320.0,0.0,60.98,Credit Card,Delivered,40,3.0
ORD_01146,CUST_0553,REST_116,Saravanaa Bhavan,Kolkata,2024-02-19,19:20:51,Indian,Butter Chicken,1,360.0,20.0,142.44,Cash,Delivered,40,4.5
ORD_01147,CUST_0428,REST_101,Domino's Pizza,Bangalore,2024-07-22,13:10:52,Pizza,Paneer Tikka Pizza,1,349.0,40.0,139.33,UPI,Delivered,31,3.5
ORD_01148,CUST_0395,REST_116,Saravanaa Bhavan,Hyderabad,2024-02-12,14:07:56,Indian,Garlic Naan Combo,2,160.0,50.0,131.25,Credit Card,Delivered,47,5.0
ORD_01149,CUST_0313,REST_101,Domino's Pizza,Delhi,2024-03-20,12:12:57,Pizza,Pepperoni Feast,1,499.0,50.0,0.0,Credit Card,Delivered,64,2.0
ORD_01150,CUST_0192,REST_108,The Burger Club,Ahmedabad,2024-12-28,08:25:57,Burger,Classic Chicken Burger,1,199.0,40.0,0.0,UPI,Delivered,64,4.5
ORD_01151,CUST_0007,REST_118,Wow! Momo,Delhi,2024-11-14,22:26:07,Chinese,Veg Hakka Noodles,1,180.0,50.0,39.38,Cash,Delivered,52,4.0
ORD_01152,CUST_0307,REST_130,Chaayos,Kolkata,2024-03-18,20:23:44,Beverages,Cold Coffee with Ice Cream,4,150.0,40.0,62.0,Cash,Delivered,24,5.0
ORD_01153,CUST_0316,REST_123,Taco Bell,Bangalore,2024-11-04,22:40:40,Fast Food,Veggie Delight Sub,1,190.0,40.0,68.76,Cash,Delivered,46,5.0
ORD_01154,CUST_0784,REST_127,Naturals Ice Cream,Pune,2024-08-12,13:31:01,Desserts,Chocolate Truffle Pastry,2,140.0,50.0,109.3,Credit Card,Delivered,53,4.5
ORD_01155,CUST_0585,REST_127,Naturals Ice Cream,Chennai,2024-09-17,21:07:26,Desserts,Chocolate Truffle Pastry,1,140.0,30.0,113.92,Cash,Delivered,64,4.5
ORD_01156,CUST_0110,REST_117,Mainland China,Pune,2024-05-28,20:42:40,Chinese,Chilli Chicken Gravy,1,270.0,40.0,99.5,UPI,Delivered,20,5.0
ORD_01157,CUST_0470,REST_128,Belgian Waffle Co,Mumbai,2024-10-10,12:01:53,Desserts,Belgian Chocolate Waffle,1,160.0,30.0,33.9,Cash,Delivered,18,4.5
ORD_01158,CUST_0569,REST_103,Ovenstory Pizza,Hyderabad,2024-06-05,14:35:15,Pizza,Paneer Tikka Pizza,2,349.0,40.0,0.0,Debit Card,Pending,37,0.0
ORD_01159,CUST_0243,REST_112,Meghana Foods,Mumbai,2024-01-07,20:02:43,Biryani,Veg Dum Biryani,1,240.0,40.0,105.25,Cash,Cancelled,0,0.0
ORD_01160,CUST_0661,REST_103,Ovenstory Pizza,Hyderabad,2024-05-29,21:49:36,Pizza,Paneer Tikka Pizza,1,349.0,40.0,124.87,Debit Card,Delivered,46,4.5
ORD_01161,CUST_0492,REST_108,The Burger Club,Mumbai,2024-07-31,09:01:07,Burger,Double Whopper,2,299.0,20.0,68.87,UPI,Delivered,36,5.0
ORD_01162,CUST_0135,REST_128,Belgian Waffle Co,Mumbai,2024-12-06,22:35:57,Desserts,Belgian Chocolate Waffle,4,160.0,30.0,0.0,Wallet,Delivered,26,5.0
ORD_01163,CUST_0626,REST_130,Chaayos,Pune,2024-08-05,13:54:11,Beverages,Masala Chai (Flask),1,110.0,0.0,0.0,UPI,Delivered,60,5.0
ORD_01164,CUST_0265,REST_120,Berco's,Ahmedabad,2024-06-04,14:50:20,Chinese,Schezwan Veg Momos,1,150.0,20.0,37.94,UPI,Delivered,32,4.5
ORD_01165,CUST_0501,REST_111,Bawarchi,Delhi,2024-06-27,20:44:53,Biryani,Veg Dum Biryani,3,240.0,50.0,0.0,Credit Card,Delivered,60,5.0
ORD_01166,CUST_0070,REST_114,Barbeque Nation,Ahmedabad,2024-09-10,21:34:41,Indian,Garlic Naan Combo,1,160.0,20.0,50.56,Credit Card,Delivered,38,5.0
ORD_01167,CUST_0313,REST_122,KFC,Bangalore,2024-02-21,14:20:31,Fast Food,Cheesy French Fries,1,120.0,0.0,23.01,Debit Card,Delivered,58,5.0
ORD_01168,CUST_0095,REST_132,Chai Point,Chennai,2024-05-17,13:40:13,Beverages,Masala Chai (Flask),1,110.0,20.0,0.0,Debit Card,Delivered,64,5.0
ORD_01169,CUST_0473,REST_123,Taco Bell,Delhi,2024-08-23,21:54:57,Fast Food,Paneer Wrap,2,160.0,0.0,0.0,Cash,Delivered,32,5.0
ORD_01170,CUST_0432,REST_106,McDonald's,Delhi,2024-11-25,14:11:27,Burger,Double Whopper,4,299.0,50.0,49.42,UPI,Cancelled,0,0.0
ORD_01171,CUST_0179,REST_130,Chaayos,Ahmedabad,2024-05-26,21:11:20,Beverages,Cold Coffee with Ice Cream,2,150.0,30.0,0.0,UPI,Delivered,38,3.5
ORD_01172,CUST_0336,REST_129,Starbucks,Hyderabad,2024-09-19,12:22:27,Beverages,Cold Coffee with Ice Cream,2,150.0,20.0,0.0,Debit Card,Delivered,65,4.5
ORD_01173,CUST_0167,REST_107,Wendy's,Pune,2024-04-17,12:37:38,Burger,Double Whopper,2,299.0,40.0,43.65,Wallet,Delivered,57,4.5
ORD_01174,CUST_0030,REST_105,Burger King,Mumbai,2024-10-31,13:14:36,Burger,Smoky BBQ Burger,1,249.0,20.0,126.28,UPI,Delivered,23,4.5
ORD_01175,CUST_0535,REST_118,Wow! Momo,Chennai,2024-07-18,21:39:48,Chinese,Chilli Chicken Gravy,4,270.0,50.0,52.06,UPI,Delivered,41,3.5
ORD_01176,CUST_0337,REST_109,Paradise Biryani,Kolkata,2024-01-27,19:28:47,Biryani,Paneer Biryani,2,260.0,50.0,69.35,Debit Card,Delivered,26,5.0
ORD_01177,CUST_0655,REST_108,The Burger Club,Ahmedabad,2024-06-17,17:58:16,Burger,Crispy Veg Burger,4,129.0,0.0,134.61,UPI,Delivered,28,4.5
ORD_01178,CUST_0536,REST_106,McDonald's,Delhi,2024-11-22,21:48:27,Burger,Double Whopper,3,299.0,0.0,118.36,Cash,Pending,37,0.0
ORD_01179,CUST_0345,REST_102,Pizza Hut,Mumbai,2024-08-15,12:23:20,Pizza,Margherita Pizza,1,249.0,40.0,118.89,UPI,Delivered,23,4.5
ORD_01180,CUST_0763,REST_129,Starbucks,Mumbai,2024-04-09,22:01:47,Beverages,Masala Chai (Flask),2,110.0,0.0,63.3,UPI,Delivered,52,5.0
ORD_01181,CUST_0486,REST_111,Bawarchi,Chennai,2024-03-03,22:02:36,Biryani,Veg Dum Biryani,1,240.0,50.0,0.0,Cash,Delivered,50,4.0
ORD_01182,CUST_0336,REST_111,Bawarchi,Mumbai,2024-12-31,13:04:57,Biryani,Mutton Dum Biryani,1,450.0,50.0,40.85,UPI,Cancelled,0,0.0
ORD_01183,CUST_0707,REST_126,Theobroma,Kolkata,2024-06-29,19:45:00,Desserts,Red Velvet Jar Cake,2,175.0,50.0,0.0,Debit Card,Delivered,45,5.0
ORD_01184,CUST_0299,REST_113,Punjab Grill,Ahmedabad,2024-07-16,15:37:31,Indian,Dal Makhani,2,220.0,30.0,0.0,Debit Card,Delivered,36,5.0
ORD_01185,CUST_0629,REST_110,Behrouz Biryani,Mumbai,2024-09-05,19:54:10,Biryani,Kolkata Special Biryani,1,350.0,40.0,123.76,UPI,Delivered,33,5.0
ORD_01186,CUST_0387,REST_117,Mainland China,Chennai,2024-02-09,19:39:44,Chinese,Schezwan Veg Momos,1,150.0,30.0,31.26,Cash,Delivered,37,4.5
ORD_01187,CUST_0383,REST_102,Pizza Hut,Delhi,2024-10-06,22:13:00,Pizza,Cheese Burst Pizza,1,429.0,40.0,43.22,Wallet,Delivered,24,5.0
ORD_01188,CUST_0278,REST_106,McDonald's,Ahmedabad,2024-06-11,08:36:26,Burger,Smoky BBQ Burger,2,249.0,0.0,42.12,Credit Card,Cancelled,0,0.0
ORD_01189,CUST_0622,REST_110,Behrouz Biryani,Mumbai,2024-10-01,16:39:32,Biryani,Paneer Biryani,1,260.0,30.0,131.58,UPI,Cancelled,0,0.0
ORD_01190,CUST_0786,REST_130,Chaayos,Kolkata,2024-03-04,12:01:41,Beverages,Mango Smoothie,4,160.0,50.0,148.88,Credit Card,Delivered,35,4.0
ORD_01191,CUST_0036,REST_118,Wow! Momo,Hyderabad,2024-09-14,10:32:31,Chinese,Manchurian Gravy,1,210.0,40.0,61.11,Wallet,Delivered,32,5.0
ORD_01192,CUST_0487,REST_103,Ovenstory Pizza,Ahmedabad,2024-04-29,08:39:58,Pizza,Margherita Pizza,1,249.0,30.0,0.0,Credit Card,Cancelled,0,0.0
ORD_01193,CUST_0191,REST_126,Theobroma,Bangalore,2024-05-15,09:59:16,Desserts,Belgian Chocolate Waffle,1,160.0,20.0,92.45,UPI,Delivered,59,4.5
ORD_01194,CUST_0008,REST_117,Mainland China,Chennai,2024-01-29,23:44:37,Chinese,Veg Hakka Noodles,3,180.0,30.0,0.0,UPI,Delivered,33,3.5
ORD_01195,CUST_0061,REST_117,Mainland China,Ahmedabad,2024-03-14,22:01:37,Chinese,Chicken Fried Rice,2,230.0,50.0,60.94,Wallet,Cancelled,0,0.0
ORD_01196,CUST_0210,REST_111,Bawarchi,Bangalore,2024-09-10,12:11:18,Biryani,Hyderabadi Chicken Biryani,1,320.0,20.0,0.0,UPI,Delivered,57,5.0
ORD_01197,CUST_0392,REST_108,The Burger Club,Pune,2024-01-26,12:34:25,Burger,Double Whopper,1,299.0,20.0,0.0,Debit Card,Delivered,20,4.5
ORD_01198,CUST_0243,REST_126,Theobroma,Pune,2024-10-19,22:34:37,Desserts,Chocolate Truffle Pastry,1,140.0,30.0,53.27,UPI,Delivered,33,5.0
ORD_01199,CUST_0577,REST_104,La Pino'z Pizza,Mumbai,2024-11-11,12:48:49,Pizza,Pepperoni Feast,1,499.0,40.0,0.0,UPI,Delivered,42,4.5
ORD_01200,CUST_0484,REST_128,Belgian Waffle Co,Delhi,2024-04-05,21:20:55,Desserts,Red Velvet Jar Cake,4,175.0,30.0,63.58,Wallet,Delivered,28,4.5
ORD_01201,CUST_0071,REST_104,La Pino'z Pizza,Ahmedabad,2024-06-05,19:09:52,Pizza,Farmhouse Supreme,1,399.0,30.0,0.0,Credit Card,Cancelled,0,0.0
ORD_01202,CUST_0148,REST_125,Baskin Robbins,Delhi,2024-06-24,21:48:05,Desserts,Red Velvet Jar Cake,1,175.0,0.0,36.78,Credit Card,Delivered,48,3.5
ORD_01203,CUST_0024,REST_112,Meghana Foods,Hyderabad,2024-06-10,20:30:26,Biryani,Veg Dum Biryani,1,240.0,40.0,36.51,Cash,Pending,41,0.0
ORD_01204,CUST_0354,REST_121,Subway,Kolkata,2024-01-19,19:36:42,Fast Food,Chicken Zinger Meal,1,299.0,50.0,66.29,UPI,Delivered,43,1.0
ORD_01205,CUST_0751,REST_120,Berco's,Pune,2024-08-07,21:08:13,Chinese,Manchurian Gravy,1,210.0,0.0,112.51,UPI,Delivered,19,4.5
ORD_01206,CUST_0674,REST_105,Burger King,Delhi,2024-05-29,14:08:05,Burger,Fiery Paneer Burger,1,179.0,0.0,0.0,Cash,Delivered,51,3.0
ORD_01207,CUST_0207,REST_110,Behrouz Biryani,Pune,2024-04-27,21:32:27,Biryani,Veg Dum Biryani,1,240.0,0.0,26.45,Cash,Delivered,38,5.0
ORD_01208,CUST_0732,REST_109,Paradise Biryani,Mumbai,2024-04-12,23:43:47,biryani,Mutton Dum Biryani,1,450.0,0.0,38.09,Debit Card,Delivered,18,5.0
ORD_01209,,REST_115,Haldiram's,Pune,2024-08-20,19:39:00,Indian,Garlic Naan Combo,1,160.0,50.0,62.8,Wallet,Delivered,25,4.5
ORD_01210,CUST_0594,REST_126,Theobroma,Delhi,2024-03-12,12:59:29,Desserts,Red Velvet Jar Cake,2,175.0,50.0,71.98,Cash,Delivered,63,4.5
ORD_01211,CUST_0555,REST_117,Mainland China,Kolkata,2024-08-05,13:24:15,Chinese,Manchurian Gravy,1,210.0,0.0,136.2,Wallet,Delivered,61,5.0
ORD_01212,CUST_0100,REST_129,Starbucks,Hyderabad,2024-09-24,18:05:42,beverages,Cold Coffee with Ice Cream,2,150.0,30.0,38.13,UPI,Delivered,37,5.0
ORD_01213,CUST_0652,REST_101,Domino's Pizza,Chennai,2024-04-14,20:17:26,Pizza,Farmhouse Supreme,1,399.0,40.0,0.0,Wallet,Delivered,34,5.0
ORD_01214,CUST_0280,REST_128,Belgian Waffle Co,Pune,2024-01-28,20:17:56,Desserts,Red Velvet Jar Cake,2,175.0,0.0,127.98,Cash,Delivered,50,5.0
ORD_01215,CUST_0228,REST_117,Mainland China,Ahmedabad,2024-07-19,21:32:56,Chinese,Chicken Fried Rice,1,230.0,30.0,69.77,Cash,Delivered,40,4.0
ORD_01216,CUST_0320,REST_115,Haldiram's,Bangalore,2024-01-09,19:10:39,Indian,Garlic Naan Combo,1,160.0,50.0,116.37,UPI,Delivered,61,4.5
ORD_01217,CUST_0181,REST_121,Subway,Kolkata,2024-12-06,20:07:56,Fast Food,Cheesy French Fries,1,120.0,40.0,32.05,UPI,Delivered,21,5.0
ORD_01218,CUST_0535,REST_129,Starbucks,Bangalore,2024-02-15,13:12:57,Beverages,Cold Coffee with Ice Cream,1,150.0,40.0,0.0,UPI,Delivered,34,2.5
ORD_01219,CUST_0012,REST_128,Belgian Waffle Co,Ahmedabad,2024-04-24,16:19:24,Desserts,Belgian Chocolate Waffle,2,160.0,30.0,69.16,Wallet,Delivered,32,3.5
ORD_01220,CUST_0026,REST_107,Wendy's,Delhi,2024-01-04,20:46:19,Burger,Double Whopper,1,299.0,20.0,0.0,UPI,Pending,22,0.0
ORD_01221,CUST_0420,REST_111,Bawarchi,Bangalore,2024-12-13,22:42:11,Biryani,Hyderabadi Chicken Biryani,1,320.0,0.0,66.6,Credit Card,Delivered,40,3.0
ORD_01222,CUST_0157,REST_117,Mainland China,Bangalore,2024-08-14,21:54:34,Chinese,Manchurian Gravy,1,210.0,30.0,97.01,Cash,Delivered,28,4.5
ORD_01223,CUST_0371,REST_104,La Pino'z Pizza,Mumbai,2024-09-18,22:19:09,Pizza,Margherita Pizza,1,249.0,30.0,135.88,UPI,Delivered,44,3.5
ORD_01224,CUST_0561,REST_106,McDonald's,Bangalore,2024-06-21,21:53:16,Burger,Crispy Veg Burger,2,129.0,30.0,0.0,UPI,Delivered,19,2.5
ORD_01225,CUST_0284,REST_105,Burger King,Chennai,2024-12-09,23:49:12,Burger,Crispy Veg Burger,1,129.0,0.0,45.5,UPI,Delivered,32,5.0
ORD_01226,CUST_0601,REST_109,Paradise Biryani,Chennai,2024-09-21,22:34:01,Biryani,Paneer Biryani,5,260.0,40.0,0.0,Credit Card,Delivered,24,3.5
ORD_01227,CUST_0187,REST_111,Bawarchi,Delhi,2024-04-10,13:05:51,Biryani,Veg Dum Biryani,2,240.0,20.0,83.88,UPI,Delivered,65,2.5
ORD_01228,CUST_0246,REST_109,Paradise Biryani,Ahmedabad,2024-07-16,19:12:10,Biryani,Paneer Biryani,1,260.0,20.0,0.0,UPI,Delivered,57,4.5
ORD_01229,CUST_0083,REST_117,Mainland China,Delhi,2024-04-17,22:52:07,Chinese,Veg Hakka Noodles,1,180.0,40.0,52.43,Cash,Delivered,44,5.0
ORD_01230,CUST_0646,REST_111,Bawarchi,Pune,2024-01-27,16:06:37,Biryani,Paneer Biryani,2,260.0,40.0,99.65,UPI,Delivered,25,5.0
ORD_01231,CUST_0349,REST_122,KFC,Hyderabad,2024-01-12,12:35:33,Fast Food,Crispy Chicken Bucket,2,480.0,40.0,20.19,UPI,Delivered,21,4.0
ORD_01232,CUST_0426,REST_125,Baskin Robbins,Delhi,2024-12-19,14:30:53,Desserts,Nutella Brownie,1,130.0,20.0,68.35,Cash,Pending,28,0.0
ORD_01233,CUST_0794,REST_116,Saravanaa Bhavan,Delhi,2024-04-26,22:35:55,Indian,Dal Makhani,1,220.0,0.0,0.0,UPI,Delivered,64,4.0
ORD_01234,CUST_0361,REST_101,Domino's Pizza,Ahmedabad,2024-11-29,21:12:51,Pizza,Pepperoni Feast,2,499.0,20.0,147.3,UPI,Delivered,43,4.5
ORD_01235,CUST_0394,REST_124,Faasos,Pune,2024-07-22,12:24:51,Fast Food,Cheesy French Fries,1,120.0,30.0,0.0,Cash,Delivered,54,3.5
ORD_01236,CUST_0374,REST_107,Wendy's,Bangalore,2024-02-29,17:52:09,Burger,Crispy Veg Burger,1,129.0,0.0,20.53,UPI,Delivered,59,4.5
ORD_01237,CUST_0161,REST_113,Punjab Grill,Chennai,2024-10-02,12:18:34,Indian,Kadhai Paneer,3,270.0,50.0,0.0,UPI,Delivered,24,4.0
ORD_01238,CUST_0077,REST_122,KFC,Mumbai,2024-03-16,19:24:30,Fast Food,Crispy Chicken Bucket,2,480.0,50.0,127.37,UPI,Delivered,32,4.0
ORD_01239,CUST_0338,REST_117,Mainland China,Hyderabad,2024-01-02,19:56:48,Chinese,Veg Hakka Noodles,1,180.0,40.0,62.28,UPI,Delivered,55,4.0
ORD_01240,CUST_0126,REST_130,Chaayos,Kolkata,2024-06-21,19:08:34,Beverages,Iced Green Tea,2,130.0,40.0,99.71,UPI,Delivered,41,4.0
ORD_01241,CUST_0101,REST_123,Taco Bell,Kolkata,2024-07-11,09:48:42,Fast Food,Veggie Delight Sub,3,190.0,40.0,0.0,Credit Card,Delivered,36,4.0
ORD_01242,CUST_0756,REST_120,Berco's,Kolkata,2024-08-27,21:04:28,Chinese,Schezwan Veg Momos,1,150.0,40.0,0.0,Credit Card,Delivered,41,4.5
ORD_01243,CUST_0668,REST_116,Saravanaa Bhavan,Ahmedabad,2024-04-20,21:19:14,Indian,Paneer Butter Masala,1,280.0,20.0,97.24,UPI,Delivered,38,4.0
ORD_01244,CUST_0393,REST_110,Behrouz Biryani,Mumbai,2024-05-12,20:43:33,Biryani,Veg Dum Biryani,1,240.0,20.0,88.95,Cash,Delivered,20,4.5
ORD_01245,CUST_0140,REST_132,Chai Point,Mumbai,2024-03-14,12:55:53,Beverages,Caffe Latte,2,220.0,30.0,0.0,Cash,Cancelled,0,0.0
ORD_01246,CUST_0709,REST_122,KFC,Bangalore,2024-09-27,14:53:30,Fast Food,Veggie Delight Sub,2,190.0,40.0,127.06,Credit Card,Delivered,51,1.0
ORD_01247,CUST_0240,REST_103,Ovenstory Pizza,Bangalore,2024-04-30,21:50:01,Pizza,Farmhouse Supreme,2,399.0,50.0,110.57,Cash,Delivered,38,4.5
ORD_01248,CUST_0264,REST_122,KFC,Mumbai,2024-07-29,14:30:32,Fast Food,Cheesy French Fries,2,120.0,40.0,38.65,UPI,Delivered,22,4.5
ORD_01249,CUST_0248,REST_110,Behrouz Biryani,Chennai,2024-04-17,12:29:46,Biryani,Kolkata Special Biryani,1,350.0,0.0,29.65,Cash,Delivered,24,4.0
ORD_01250,CUST_0380,REST_125,Baskin Robbins,Ahmedabad,2024-02-24,12:49:18,Desserts,Gulab Jamun (2 pcs),1,80.0,50.0,35.89,Debit Card,Delivered,53,5.0
ORD_01251,CUST_0107,REST_102,Pizza Hut,Pune,2024-04-01,20:47:26,Pizza,Cheese Burst Pizza,5,429.0,50.0,76.04,Wallet,Cancelled,0,0.0
ORD_01252,CUST_0408,REST_129,Starbucks,Chennai,2024-08-04,12:28:29,Beverages,Cold Coffee with Ice Cream,3,150.0,0.0,135.47,UPI,Cancelled,0,0.0
ORD_01253,CUST_0798,REST_121,Subway,Mumbai,2024-05-29,12:11:26,Fast Food,Crispy Chicken Bucket,3,480.0,20.0,0.0,UPI,Delivered,25,3.5
ORD_01254,CUST_0577,REST_132,Chai Point,Chennai,2024-10-11,20:36:02,Beverages,Caffe Latte,2,220.0,30.0,0.0,UPI,Delivered,64,4.5
ORD_01255,CUST_0333,REST_114,Barbeque Nation,Delhi,2024-08-24,23:11:34,Indian,Butter Chicken,3,360.0,20.0,83.84,UPI,Delivered,21,5.0
ORD_01256,CUST_0440,REST_112,Meghana Foods,Mumbai,2024-08-19,21:52:10,Biryani,Kolkata Special Biryani,1,350.0,20.0,36.7,Wallet,Delivered,34,4.5
ORD_01257,CUST_0383,REST_129,Starbucks,Mumbai,2024-10-06,12:26:47,Beverages,Iced Green Tea,1,130.0,30.0,138.49,UPI,Delivered,18,4.0
ORD_01258,CUST_0579,REST_102,Pizza Hut,Bangalore,2024-02-09,17:56:52,Pizza,Pepperoni Feast,1,499.0,0.0,0.0,Cash,Cancelled,0,0.0
ORD_01259,CUST_0178,REST_122,KFC,Bangalore,2024-04-15,20:15:22,Fast Food,Veggie Delight Sub,1,190.0,20.0,142.94,Credit Card,Delivered,21,5.0
ORD_01260,CUST_0232,REST_119,Wok Express,Kolkata,2024-04-25,17:44:50,Chinese,Veg Hakka Noodles,1,180.0,20.0,93.42,Debit Card,Delivered,33,4.5
ORD_01261,CUST_0437,REST_101,Domino's Pizza,Bangalore,2024-10-15,15:07:08,Pizza,Farmhouse Supreme,3,399.0,30.0,81.78,Debit Card,Delivered,39,4.0
ORD_01262,CUST_0627,REST_101,Domino's Pizza,Bangalore,2024-05-04,20:12:04,Pizza,Pepperoni Feast,1,499.0,30.0,35.28,UPI,Delivered,29,4.5
ORD_01263,CUST_0657,REST_116,Saravanaa Bhavan,Delhi,2024-11-14,11:37:08,Indian,Dal Makhani,1,220.0,40.0,0.0,UPI,Delivered,32,4.0
ORD_01264,CUST_0434,REST_131,Cafe Coffee Day,Chennai,2024-12-07,20:16:24,Beverages,Caffe Latte,1,220.0,20.0,68.97,UPI,Delivered,32,5.0
ORD_01265,CUST_0163,REST_122,KFC,Chennai,2024-02-01,19:04:22,Fast Food,Cheesy French Fries,2,120.0,30.0,37.48,UPI,Delivered,26,5.0
ORD_01266,CUST_0307,REST_104,La Pino'z Pizza,Hyderabad,2024-10-29,12:16:29,Pizza,Paneer Tikka Pizza,2,349.0,20.0,60.77,Debit Card,Delivered,23,4.5
ORD_01267,CUST_0261,REST_106,McDonald's,Kolkata,2024-06-03,23:31:02,Burger,Crispy Veg Burger,1,129.0,40.0,89.87,UPI,Delivered,28,4.5
ORD_01268,CUST_0441,REST_107,Wendy's,Kolkata,2024-01-30,22:45:34,Burger,Smoky BBQ Burger,2,249.0,40.0,0.0,Debit Card,Delivered,50,4.0
ORD_01269,CUST_0540,REST_111,Bawarchi,Hyderabad,2024-12-29,12:25:50,Biryani,Kolkata Special Biryani,1,350.0,50.0,0.0,Cash,Delivered,28,4.5
ORD_01270,CUST_0799,REST_121,Subway,Kolkata,2024-07-19,20:11:11,Fast Food,Paneer Wrap,3,160.0,0.0,115.0,UPI,Delivered,58,4.5
ORD_01271,CUST_0308,REST_112,Meghana Foods,Ahmedabad,2024-10-28,13:41:00,Biryani,Mutton Dum Biryani,1,-50.0,20.0,93.43,UPI,Delivered,54,5.0
ORD_01272,CUST_0014,REST_126,Theobroma,Pune,2024-01-21,22:00:16,Desserts,Gulab Jamun (2 pcs),3,80.0,30.0,78.95,Cash,Delivered,29,5.0
ORD_01273,CUST_0663,REST_102,Pizza Hut,Mumbai,2024-02-08,19:36:14,Pizza,Cheese Burst Pizza,1,429.0,20.0,29.77,UPI,Delivered,23,5.0
ORD_01274,CUST_0392,REST_104,La Pino'z Pizza,Mumbai,2024-09-27,22:42:02,Pizza,Margherita Pizza,1,249.0,30.0,70.79,Credit Card,Delivered,21,4.5
ORD_01275,CUST_0133,REST_118,Wow! Momo,Pune,2024-12-31,08:00:36,Chinese,Manchurian Gravy,1,210.0,40.0,0.0,UPI,Delivered,45,4.0
ORD_01276,CUST_0690,REST_114,Barbeque Nation,Delhi,2024-02-28,21:18:45,Indian,Garlic Naan Combo,1,160.0,40.0,0.0,Wallet,Delivered,42,5.0
ORD_01277,CUST_0295,REST_116,Saravanaa Bhavan,Delhi,2024-08-25,13:33:23,Indian,Butter Chicken,1,360.0,40.0,131.4,UPI,Delivered,34,4.5
ORD_01278,CUST_0047,REST_125,Baskin Robbins,Chennai,2024-06-16,11:32:35,Desserts,Gulab Jamun (2 pcs),1,80.0,0.0,112.08,Cash,Delivered,37,4.0
ORD_01279,CUST_0173,REST_116,Saravanaa Bhavan,Chennai,2024-05-16,10:49:31,Indian,Dal Makhani,1,220.0,30.0,0.0,Credit Card,Delivered,50,3.5
ORD_01280,CUST_0460,REST_111,Bawarchi,Mumbai,2024-10-01,20:24:53,Biryani,Veg Dum Biryani,2,240.0,40.0,22.28,Credit Card,Delivered,51,4.5
ORD_01281,CUST_0065,REST_103,Ovenstory Pizza,Mumbai,2024-09-13,18:30:47,Pizza,Pepperoni Feast,4,499.0,20.0,0.0,Credit Card,Delivered,55,4.5
ORD_01282,CUST_0034,REST_129,Starbucks,Hyderabad,2024-12-10,13:31:54,Beverages,Masala Chai (Flask),2,110.0,40.0,36.15,Cash,Pending,36,0.0
ORD_01283,CUST_0218,REST_104,La Pino'z Pizza,Ahmedabad,2024-02-12,13:53:41,Pizza,Paneer Tikka Pizza,4,349.0,30.0,94.23,UPI,Delivered,61,3.5
ORD_01284,CUST_0414,REST_123,Taco Bell,Delhi,2024-09-22,19:03:09,Fast Food,Crispy Chicken Bucket,1,480.0,20.0,26.05,Credit Card,Delivered,20,4.0
ORD_01285,CUST_0576,REST_103,Ovenstory Pizza,Pune,2024-07-05,13:02:21,Pizza,Pepperoni Feast,3,499.0,20.0,44.43,Debit Card,Delivered,33,5.0
ORD_01286,CUST_0661,REST_113,Punjab Grill,Ahmedabad,2024-08-29,11:35:59,Indian,Garlic Naan Combo,1,160.0,20.0,68.83,Cash,Delivered,35,4.0
ORD_01287,CUST_0790,REST_127,Naturals Ice Cream,Ahmedabad,2024-09-14,09:24:30,Desserts,Red Velvet Jar Cake,2,175.0,50.0,36.76,Credit Card,Delivered,62,4.5
ORD_01288,CUST_0775,REST_125,Baskin Robbins,Ahmedabad,2024-11-22,19:54:42,Desserts,Belgian Chocolate Waffle,2,160.0,50.0,0.0,Credit Card,Delivered,21,5.0
ORD_01289,CUST_0433,REST_128,Belgian Waffle Co,Delhi,2024-07-27,20:53:03,Desserts,Chocolate Truffle Pastry,0,140.0,40.0,118.34,Wallet,Cancelled,0,0.0
ORD_01290,CUST_0197,REST_106,McDonald's,Bangalore,2024-03-02,13:44:20,Burger,Fiery Paneer Burger,4,179.0,20.0,92.5,UPI,Delivered,18,4.5
ORD_01291,CUST_0316,REST_112,Meghana Foods,Chennai,2024-05-29,20:45:44,Biryani,Paneer Biryani,2,260.0,20.0,81.53,Credit Card,Pending,29,0.0
ORD_01292,CUST_0656,REST_107,Wendy's,Mumbai,2024-10-16,13:28:01,Burger,Classic Chicken Burger,5,199.0,50.0,0.0,Cash,Delivered,46,5.0
ORD_01293,CUST_0622,REST_118,Wow! Momo,Bangalore,2024-09-19,16:42:50,Chinese,Manchurian Gravy,1,210.0,0.0,63.05,Credit Card,Delivered,22,4.5
ORD_01294,CUST_0425,REST_104,La Pino'z Pizza,Ahmedabad,2024-11-24,20:43:07,Pizza,Paneer Tikka Pizza,1,349.0,50.0,61.56,Debit Card,Delivered,42,4.0
ORD_01295,CUST_0791,REST_107,Wendy's,Bangalore,2024-04-12,09:07:30,Burger,Crispy Veg Burger,1,129.0,50.0,105.92,UPI,Delivered,21,5.0
ORD_01296,CUST_0553,REST_108,The Burger Club,Mumbai,2024-07-24,20:38:26,Burger,Double Whopper,2,299.0,30.0,138.18,UPI,Cancelled,0,0.0
ORD_01297,CUST_0020,REST_111,Bawarchi,Ahmedabad,2024-04-04,13:40:17,Biryani,Paneer Biryani,1,260.0,40.0,43.26,Cash,Delivered,56,3.5
ORD_01298,CUST_0113,REST_132,Chai Point,Bangalore,2024-03-08,19:33:08,Beverages,Mango Smoothie,3,160.0,20.0,45.1,Cash,Delivered,44,5.0
ORD_01299,CUST_0271,REST_118,Wow! Momo,Chennai,2024-10-31,20:41:16,Chinese,Chilli Chicken Gravy,1,270.0,50.0,68.13,Debit Card,Delivered,18,4.0
ORD_01300,CUST_0678,REST_118,Wow! Momo,Bangalore,2024-04-20,12:37:05,Chinese,Chilli Chicken Gravy,4,270.0,20.0,109.39,UPI,Delivered,35,4.5
ORD_01301,CUST_0722,REST_116,Saravanaa Bhavan,Mumbai,2024-01-01,21:15:24,Indian,Garlic Naan Combo,1,160.0,30.0,0.0,UPI,Delivered,45,5.0
ORD_01302,CUST_0717,REST_123,Taco Bell,Ahmedabad,2024-05-04,16:53:56,Fast Food,Crispy Chicken Bucket,3,480.0,50.0,0.0,UPI,Delivered,46,1.0
ORD_01303,CUST_0379,REST_128,Belgian Waffle Co,Chennai,2024-04-11,15:27:02,Desserts,Red Velvet Jar Cake,1,175.0,40.0,54.37,Cash,Delivered,22,5.0
ORD_01304,CUST_0581,REST_110,Behrouz Biryani,Ahmedabad,2024-05-11,22:11:10,Biryani,Hyderabadi Chicken Biryani,4,320.0,50.0,20.61,UPI,Delivered,47,2.5
ORD_01305,CUST_0418,REST_115,Haldiram's,Bangalore,2024-11-08,12:37:58,Indian,Garlic Naan Combo,2,160.0,50.0,0.0,UPI,Delivered,48,3.5
ORD_01306,CUST_0528,REST_132,Chai Point,Ahmedabad,2024-04-05,22:00:19,Beverages,Iced Green Tea,1,130.0,30.0,22.69,Wallet,Delivered,56,3.5
ORD_01307,CUST_0205,REST_106,McDonald's,Hyderabad,2024-07-25,19:57:04,Burger,Double Whopper,1,299.0,0.0,56.2,Cash,Delivered,57,4.0
ORD_01308,CUST_0313,REST_103,Ovenstory Pizza,Hyderabad,2024-02-06,19:01:13,Pizza,Cheese Burst Pizza,1,429.0,50.0,28.38,Cash,Delivered,26,5.0
ORD_01309,CUST_0446,REST_127,Naturals Ice Cream,Kolkata,2024-12-07,12:18:58,Desserts,Red Velvet Jar Cake,1,175.0,50.0,123.67,UPI,Delivered,39,
ORD_01310,CUST_0497,REST_125,Baskin Robbins,Pune,2024-05-13,14:25:08,Desserts,Nutella Brownie,3,130.0,50.0,137.05,Cash,Pending,21,0.0
ORD_01311,CUST_0379,REST_109,Paradise Biryani,Pune,2024-08-30,12:40:59,Biryani,Hyderabadi Chicken Biryani,1,320.0,50.0,25.53,Cash,Delivered,48,5.0
ORD_01312,CUST_0751,REST_103,Ovenstory Pizza,Chennai,2024-06-06,12:45:10,Pizza,Pepperoni Feast,1,499.0,0.0,46.52,Cash,Cancelled,0,0.0
ORD_01313,CUST_0054,REST_132,Chai Point,Ahmedabad,2024-11-24,22:22:03,Beverages,Caffe Latte,1,220.0,0.0,132.13,UPI,Delivered,62,5.0
ORD_01314,CUST_0598,REST_116,Saravanaa Bhavan,Delhi,2024-04-17,12:19:46,Indian,Butter Chicken,1,360.0,30.0,98.29,Debit Card,Delivered,56,5.0
ORD_01315,CUST_0442,REST_132,Chai Point,Mumbai,2024-04-25,19:59:56,Beverages,Caffe Latte,1,220.0,40.0,24.19,Credit Card,Delivered,48,4.5
ORD_01316,CUST_0705,REST_108,The Burger Club,Kolkata,2024-12-02,21:05:17,Burger,Double Whopper,1,299.0,20.0,77.78,Credit Card,Delivered,40,4.5
ORD_01317,CUST_0558,REST_107,Wendy's,Delhi,2024-05-13,22:42:23,Burger,Fiery Paneer Burger,1,179.0,0.0,78.52,Cash,Delivered,21,5.0
ORD_01318,CUST_0013,REST_123,Taco Bell,Chennai,2024-10-03,19:48:15,Fast Food,Crispy Chicken Bucket,2,480.0,50.0,0.0,UPI,Delivered,61,5.0
ORD_01319,CUST_0788,REST_102,Pizza Hut,Bangalore,2024-07-09,20:43:17,Pizza,Cheese Burst Pizza,2,429.0,0.0,49.38,UPI,Delivered,28,4.5
ORD_01320,CUST_0392,REST_126,Theobroma,Chennai,2024-05-01,22:08:12,Desserts,Red Velvet Jar Cake,1,175.0,20.0,45.76,UPI,Delivered,50,3.0
ORD_01321,CUST_0443,REST_104,La Pino'z Pizza,Ahmedabad,2024-11-01,19:38:44,Pizza,Margherita Pizza,2,249.0,50.0,136.67,Cash,Pending,27,0.0
ORD_01322,CUST_0205,REST_128,Belgian Waffle Co,Bangalore,2024-02-19,21:35:21,Desserts,Chocolate Truffle Pastry,2,140.0,30.0,0.0,UPI,Delivered,25,5.0
ORD_01323,CUST_0034,REST_130,Chaayos,Chennai,2024-01-10,22:43:00,Beverages,Caffe Latte,1,220.0,30.0,35.32,Cash,Delivered,21,3.5
ORD_01324,CUST_0696,REST_113,Punjab Grill,Bangalore,2024-02-02,19:52:39,Indian,Garlic Naan Combo,2,160.0,20.0,43.17,Credit Card,Delivered,44,5.0
ORD_01325,,REST_125,Baskin Robbins,Kolkata,2024-04-28,12:47:24,Desserts,Belgian Chocolate Waffle,1,160.0,50.0,0.0,UPI,Delivered,53,3.0
ORD_01326,CUST_0398,REST_103,Ovenstory Pizza,Pune,2024-07-20,22:25:15,Pizza,Margherita Pizza,1,249.0,0.0,27.11,Cash,Delivered,59,4.0
ORD_01327,CUST_0009,REST_102,Pizza Hut,Delhi,2024-01-23,12:03:51,Pizza,Cheese Burst Pizza,2,429.0,0.0,0.0,UPI,Delivered,39,5.0
ORD_01328,CUST_0472,REST_131,Cafe Coffee Day,Kolkata,2024-02-27,12:25:02,Beverages,Caffe Latte,1,220.0,50.0,27.32,Wallet,Delivered,49,3.0
ORD_01329,CUST_0264,REST_109,Paradise Biryani,Chennai,2024-05-26,17:44:18,Biryani,Veg Dum Biryani,4,240.0,20.0,26.84,UPI,Delivered,63,4.5
ORD_01330,CUST_0645,REST_115,Haldiram's,Kolkata,2024-06-18,22:10:55,Indian,Dal Makhani,1,220.0,30.0,0.0,Cash,Delivered,38,4.0
ORD_01331,CUST_0241,REST_108,The Burger Club,Pune,2024-06-07,12:28:00,Burger,Double Whopper,1,299.0,20.0,142.63,UPI,Delivered,40,4.0
ORD_01332,CUST_0517,REST_101,Domino's Pizza,Kolkata,2024-04-11,12:28:14,Pizza,Farmhouse Supreme,2,399.0,0.0,64.49,UPI,Delivered,51,4.5
ORD_01333,CUST_0133,REST_119,Wok Express,Bangalore,2024-04-17,21:19:28,Chinese,Veg Hakka Noodles,2,180.0,0.0,73.27,Credit Card,Delivered,24,4.0
ORD_01334,CUST_0479,REST_124,Faasos,Mumbai,2024-10-20,10:48:41,Fast Food,Crispy Chicken Bucket,4,480.0,50.0,43.91,Credit Card,Delivered,63,4.5
ORD_01335,CUST_0339,REST_106,McDonald's,Pune,2024-06-14,23:16:40,Burger,Double Whopper,2,299.0,40.0,72.52,UPI,Delivered,29,2.0
ORD_01336,CUST_0711,REST_129,Starbucks,Ahmedabad,2024-05-15,19:51:41,Beverages,Iced Green Tea,1,130.0,20.0,0.0,Cash,Delivered,33,5.0
ORD_01337,CUST_0148,REST_114,Barbeque Nation,Ahmedabad,2024-10-16,20:18:16,Indian,Butter Chicken,1,360.0,50.0,99.16,Credit Card,Delivered,47,4.5
ORD_01338,CUST_0669,REST_118,Wow! Momo,Bangalore,2024-08-30,13:14:46,Chinese,Schezwan Veg Momos,1,150.0,30.0,22.57,UPI,Delivered,54,5.0
ORD_01339,CUST_0001,REST_126,Theobroma,Delhi,2024-03-30,13:08:13,Desserts,Red Velvet Jar Cake,4,-50.0,40.0,53.26,Cash,Cancelled,0,0.0
ORD_01340,CUST_0689,REST_123,Taco Bell,Ahmedabad,2024-06-17,18:08:57,Fast Food,Crispy Chicken Bucket,1,480.0,40.0,0.0,Cash,Delivered,22,5.0
ORD_01341,CUST_0128,REST_104,La Pino'z Pizza,Mumbai,2024-05-05,20:11:49,Pizza,Farmhouse Supreme,2,399.0,20.0,111.96,Cash,Delivered,22,4.5
ORD_01342,CUST_0717,REST_128,Belgian Waffle Co,Mumbai,2024-09-01,22:00:13,Desserts,Belgian Chocolate Waffle,2,160.0,0.0,0.0,Credit Card,Delivered,38,5.0
ORD_01343,CUST_0312,REST_117,Mainland China,Bangalore,2024-11-23,14:19:46,Chinese,Veg Hakka Noodles,1,180.0,40.0,0.0,Credit Card,Cancelled,0,0.0
ORD_01344,CUST_0777,REST_112,Meghana Foods,Kolkata,2024-08-03,19:53:59,Biryani,Kolkata Special Biryani,1,350.0,20.0,0.0,UPI,Delivered,30,4.0
ORD_01345,CUST_0366,REST_120,Berco's,Pune,2024-05-24,13:20:38,Chinese,Veg Hakka Noodles,1,180.0,50.0,0.0,Cash,Delivered,55,4.0
ORD_01346,CUST_0497,REST_107,Wendy's,Chennai,2024-12-27,12:37:47,Burger,Smoky BBQ Burger,2,249.0,30.0,76.07,UPI,Delivered,60,5.0
ORD_01347,CUST_0794,REST_118,Wow! Momo,Pune,2024-03-08,16:57:24,Chinese,Chicken Fried Rice,1,230.0,0.0,0.0,Cash,Delivered,52,4.0
ORD_01348,CUST_0107,REST_119,Wok Express,Kolkata,2024-05-08,19:11:43,Chinese,Chicken Fried Rice,1,230.0,20.0,0.0,UPI,Delivered,51,4.0
ORD_01349,CUST_0510,REST_110,Behrouz Biryani,Chennai,2024-07-22,23:04:54,Biryani,Veg Dum Biryani,1,240.0,50.0,69.99,UPI,Delivered,59,4.5
ORD_01350,CUST_0338,REST_108,The Burger Club,Chennai,2024-01-26,19:46:12,Burger,Smoky BBQ Burger,2,249.0,30.0,40.35,UPI,Delivered,54,4.5
ORD_01351,CUST_0278,REST_103,Ovenstory Pizza,Pune,2024-08-07,14:17:36,Pizza,Cheese Burst Pizza,2,429.0,40.0,0.0,Credit Card,Delivered,18,3.5
ORD_01352,CUST_0456,REST_116,Saravanaa Bhavan,Bangalore,2024-01-26,09:36:56,Indian,Paneer Butter Masala,1,280.0,0.0,27.28,UPI,Delivered,38,4.0
ORD_01353,CUST_0417,REST_124,Faasos,Chennai,2024-07-23,21:56:31,Fast Food,Paneer Wrap,1,160.0,20.0,0.0,UPI,Delivered,21,4.5
ORD_01354,CUST_0534,REST_111,Bawarchi,Pune,2024-07-01,22:22:16,Biryani,Hyderabadi Chicken Biryani,1,320.0,20.0,0.0,UPI,Delivered,22,4.0
ORD_01355,CUST_0484,REST_102,Pizza Hut,Chennai,2024-04-13,14:27:01,Pizza,Pepperoni Feast,1,499.0,20.0,136.54,Debit Card,Delivered,46,5.0
ORD_01356,CUST_0199,REST_119,Wok Express,Mumbai,2024-04-18,13:03:11,Chinese,Chicken Fried Rice,1,230.0,30.0,49.73,Credit Card,Delivered,56,4.0
ORD_01357,CUST_0071,REST_117,Mainland China,Hyderabad,2024-08-09,14:30:38,Chinese,Manchurian Gravy,1,210.0,50.0,85.12,UPI,Pending,37,0.0
ORD_01358,CUST_0215,REST_127,Naturals Ice Cream,Kolkata,2024-01-07,19:29:13,Desserts,Nutella Brownie,1,130.0,40.0,111.91,Wallet,Pending,20,0.0
ORD_01359,CUST_0511,REST_117,Mainland China,Hyderabad,2024-10-26,09:08:42,Chinese,Chilli Chicken Gravy,5,270.0,0.0,0.0,Cash,Delivered,59,3.5
ORD_01360,CUST_0239,REST_122,KFC,Delhi,2024-09-23,19:29:12,Fast Food,Cheesy French Fries,3,120.0,20.0,0.0,UPI,Delivered,60,4.5
ORD_01361,CUST_0448,REST_123,Taco Bell,Ahmedabad,2024-12-02,22:47:17,Fast Food,Crispy Chicken Bucket,5,480.0,50.0,31.08,Cash,Delivered,26,3.5
ORD_01362,CUST_0657,REST_117,Mainland China,Pune,2024-08-03,20:10:57,Chinese,Manchurian Gravy,1,210.0,30.0,40.72,Cash,Delivered,47,4.5
ORD_01363,CUST_0529,REST_108,The Burger Club,Hyderabad,2024-12-24,22:11:53,Burger,Double Whopper,2,299.0,0.0,73.99,Cash,Cancelled,0,0.0
ORD_01364,CUST_0480,REST_118,Wow! Momo,Bangalore,2024-07-04,17:26:39,Chinese,Schezwan Veg Momos,1,150.0,0.0,144.59,UPI,Delivered,27,5.0
ORD_01365,CUST_0462,REST_110,Behrouz Biryani,Mumbai,2024-08-29,14:03:02,Biryani,Mutton Dum Biryani,2,450.0,40.0,0.0,UPI,Delivered,52,4.5
ORD_01366,CUST_0688,REST_132,Chai Point,Chennai,2024-06-14,10:40:50,Beverages,Iced Green Tea,1,130.0,40.0,0.0,UPI,Delivered,52,4.5
ORD_01367,CUST_0464,REST_129,Starbucks,Hyderabad,2024-10-25,22:38:03,Beverages,Masala Chai (Flask),2,110.0,30.0,74.32,Credit Card,Delivered,28,4.5
ORD_01368,CUST_0518,REST_132,Chai Point,Chennai,2024-09-25,20:01:43,Beverages,Caffe Latte,1,220.0,0.0,0.0,Cash,Delivered,29,5.0
ORD_01369,CUST_0684,REST_121,Subway,Mumbai,2024-10-06,22:54:41,Fast Food,Paneer Wrap,2,160.0,0.0,27.36,Credit Card,Delivered,49,5.0
ORD_01370,CUST_0733,REST_105,Burger King,Mumbai,2024-10-27,22:49:09,Burger,Fiery Paneer Burger,2,179.0,20.0,53.37,UPI,Delivered,63,4.5
ORD_01371,CUST_0448,REST_129,Starbucks,Chennai,2024-12-31,22:31:20,Beverages,Caffe Latte,1,220.0,50.0,48.52,Credit Card,Delivered,30,5.0
ORD_01372,CUST_0014,REST_130,Chaayos,Ahmedabad,2024-03-28,14:06:20,Beverages,Cold Coffee with Ice Cream,1,150.0,0.0,62.22,UPI,Cancelled,0,0.0
ORD_01373,CUST_0660,REST_130,Chaayos,Delhi,2024-05-20,16:16:02,Beverages,Iced Green Tea,1,130.0,50.0,25.76,UPI,Delivered,48,2.5
ORD_01374,CUST_0719,REST_110,Behrouz Biryani,Delhi,2024-01-26,22:07:20,Biryani,Veg Dum Biryani,2,240.0,40.0,133.23,Cash,Delivered,55,4.0
ORD_01375,CUST_0462,REST_102,Pizza Hut,Ahmedabad,2024-11-23,16:22:27,Pizza,Pepperoni Feast,1,499.0,30.0,46.02,Credit Card,Delivered,32,3.5
ORD_01376,CUST_0438,REST_101,Domino's Pizza,Chennai,2024-04-21,18:30:13,Pizza,Paneer Tikka Pizza,2,349.0,50.0,67.77,UPI,Cancelled,0,0.0
ORD_01377,CUST_0724,REST_112,Meghana Foods,Bangalore,2024-02-23,14:49:47,Biryani,Mutton Dum Biryani,1,450.0,0.0,0.0,Credit Card,Delivered,41,3.0
ORD_01378,CUST_0658,REST_114,Barbeque Nation,Bangalore,2024-06-02,21:04:35,Indian,Butter Chicken,1,360.0,30.0,52.07,Credit Card,Delivered,47,3.0
ORD_01379,CUST_0394,REST_120,Berco's,Ahmedabad,2024-03-03,21:34:18,Chinese,Chicken Fried Rice,2,230.0,40.0,0.0,Wallet,Cancelled,0,0.0
ORD_01380,CUST_0066,REST_103,Ovenstory Pizza,Ahmedabad,2024-03-23,10:32:42,Pizza,Margherita Pizza,1,249.0,50.0,55.5,Wallet,Cancelled,0,0.0
ORD_01381,CUST_0782,REST_120,Berco's,Chennai,2024-12-23,16:52:35,Chinese,Schezwan Veg Momos,1,150.0,40.0,96.59,Credit Card,Delivered,64,3.5
ORD_01382,CUST_0296,REST_113,Punjab Grill,Hyderabad,2024-08-05,19:59:47,Indian,Butter Chicken,1,360.0,50.0,65.05,UPI,Cancelled,0,0.0
ORD_01383,CUST_0464,REST_108,The Burger Club,Ahmedabad,2024-07-30,12:00:08,Burger,Fiery Paneer Burger,5,179.0,40.0,95.84,Credit Card,Cancelled,0,0.0
ORD_01384,CUST_0132,REST_115,Haldiram's,Bangalore,2024-10-28,12:57:13,Indian,Kadhai Paneer,2,270.0,40.0,69.01,Cash,Delivered,19,5.0
ORD_01385,CUST_0630,REST_122,KFC,Delhi,2024-05-21,11:17:18,Fast Food,Cheesy French Fries,1,120.0,20.0,0.0,Credit Card,Delivered,47,5.0
ORD_01386,CUST_0370,REST_118,Wow! Momo,Pune,2024-01-27,22:15:31,Chinese,Schezwan Veg Momos,2,150.0,40.0,0.0,Cash,Delivered,40,4.0
ORD_01387,CUST_0628,REST_122,KFC,Kolkata,2024-09-05,13:54:56,Fast Food,Veggie Delight Sub,1,190.0,0.0,0.0,UPI,Delivered,53,5.0
ORD_01388,CUST_0761,REST_121,Subway,Kolkata,2024-05-18,16:56:35,Fast Food,Veggie Delight Sub,1,190.0,20.0,0.0,Debit Card,Delivered,18,5.0
ORD_01389,CUST_0240,REST_119,Wok Express,Delhi,2024-07-12,10:23:43,Chinese,Chilli Chicken Gravy,1,270.0,50.0,86.16,UPI,Delivered,55,4.5
ORD_01390,CUST_0604,REST_113,Punjab Grill,Kolkata,2024-12-18,19:37:20,Indian,Butter Chicken,1,360.0,40.0,43.95,UPI,Delivered,62,4.5
ORD_01391,CUST_0053,REST_108,The Burger Club,Mumbai,2024-02-13,19:20:05,Burger,Double Whopper,4,299.0,30.0,0.0,Cash,Delivered,58,5.0
ORD_01392,CUST_0498,REST_129,Starbucks,Delhi,2024-11-10,14:33:20,Beverages,Cold Coffee with Ice Cream,1,150.0,20.0,0.0,Cash,Delivered,59,4.5
ORD_01393,CUST_0147,REST_114,Barbeque Nation,Pune,2024-07-09,13:45:47,Indian,Paneer Butter Masala,1,280.0,40.0,0.0,UPI,Delivered,50,4.5
ORD_01394,CUST_0663,REST_103,Ovenstory Pizza,Kolkata,2024-03-27,19:06:18,Pizza,Pepperoni Feast,2,499.0,0.0,46.42,UPI,Delivered,38,4.0
ORD_01395,CUST_0020,REST_128,Belgian Waffle Co,Delhi,2024-04-15,12:08:08,Desserts,Red Velvet Jar Cake,3,175.0,30.0,0.0,Wallet,Delivered,55,5.0
ORD_01396,CUST_0049,REST_126,Theobroma,Kolkata,2024-02-18,09:54:04,Desserts,Chocolate Truffle Pastry,1,140.0,20.0,0.0,UPI,Delivered,24,5.0
ORD_01397,CUST_0373,REST_125,Baskin Robbins,Bangalore,2024-03-22,21:21:53,Desserts,Red Velvet Jar Cake,3,175.0,30.0,0.0,UPI,Delivered,43,5.0
ORD_01398,CUST_0625,REST_125,Baskin Robbins,Ahmedabad,2024-05-15,13:27:12,Desserts,Red Velvet Jar Cake,1,175.0,0.0,52.08,UPI,Delivered,47,4.0
ORD_01399,CUST_0249,REST_122,KFC,Chennai,2024-08-29,19:25:53,Fast Food,Paneer Wrap,2,160.0,30.0,74.85,Wallet,Delivered,39,4.5
ORD_01400,CUST_0500,REST_111,Bawarchi,Pune,2024-11-23,14:58:26,Biryani,Mutton Dum Biryani,1,450.0,0.0,0.0,Credit Card,Delivered,33,4.5
ORD_01401,CUST_0380,REST_120,Berco's,Bangalore,2024-07-20,13:42:14,Chinese,Chilli Chicken Gravy,1,270.0,50.0,57.92,Debit Card,Delivered,58,3.5
ORD_01402,CUST_0348,REST_111,Bawarchi,Hyderabad,2024-12-28,20:31:59,Biryani,Mutton Dum Biryani,2,450.0,30.0,0.0,Cash,Delivered,47,3.5
ORD_01403,CUST_0429,REST_115,Haldiram's,Hyderabad,2024-04-18,17:26:35,Indian,Dal Makhani,1,220.0,40.0,0.0,Cash,Delivered,24,4.5
ORD_01404,CUST_0304,REST_113,Punjab Grill,Ahmedabad,2024-02-19,20:43:32,Indian,Garlic Naan Combo,1,160.0,40.0,113.65,UPI,Delivered,19,5.0
ORD_01405,CUST_0214,REST_112,Meghana Foods,Ahmedabad,2024-08-29,12:06:17,Biryani,Hyderabadi Chicken Biryani,1,320.0,40.0,146.92,Debit Card,Delivered,26,4.5
ORD_01406,CUST_0213,REST_109,Paradise Biryani,Delhi,2024-07-22,17:50:49,Biryani,Veg Dum Biryani,1,240.0,20.0,0.0,UPI,Delivered,55,1.0
ORD_01407,CUST_0398,REST_124,Faasos,Chennai,2024-04-07,13:08:47,Fast Food,Veggie Delight Sub,4,190.0,50.0,36.53,UPI,Delivered,34,4.5
ORD_01408,CUST_0684,REST_112,Meghana Foods,Delhi,2024-05-29,12:39:26,Biryani,Kolkata Special Biryani,1,350.0,0.0,68.9,UPI,Delivered,56,5.0
ORD_01409,CUST_0399,REST_111,Bawarchi,Delhi,2024-01-15,20:36:38,Biryani,Paneer Biryani,1,260.0,50.0,0.0,Credit Card,Delivered,32,5.0
ORD_01410,CUST_0488,REST_130,Chaayos,Pune,2024-09-30,17:02:52,Beverages,Masala Chai (Flask),2,110.0,30.0,0.0,UPI,Delivered,45,4.5
ORD_01411,CUST_0076,REST_105,Burger King,Chennai,2024-01-06,10:49:01,Burger,Fiery Paneer Burger,1,179.0,30.0,70.75,Debit Card,Delivered,51,4.5
ORD_01412,CUST_0428,REST_125,Baskin Robbins,Delhi,2024-11-13,12:18:09,Desserts,Chocolate Truffle Pastry,1,140.0,20.0,0.0,Debit Card,Cancelled,0,0.0
ORD_01413,CUST_0268,REST_102,Pizza Hut,Bangalore,2024-04-11,19:44:30,Pizza,Farmhouse Supreme,2,399.0,0.0,71.66,Cash,Delivered,52,4.5
ORD_01414,CUST_0493,REST_108,The Burger Club,Delhi,2024-04-14,11:37:43,Burger,Crispy Veg Burger,1,129.0,0.0,97.76,Cash,Cancelled,0,0.0
ORD_01415,CUST_0534,REST_117,Mainland China,Delhi,2024-03-08,22:54:40,Chinese,Veg Hakka Noodles,1,180.0,20.0,145.04,UPI,Cancelled,0,0.0
ORD_01416,CUST_0447,REST_124,Faasos,Ahmedabad,2024-05-30,14:38:04,Fast Food,Chicken Zinger Meal,1,299.0,0.0,0.0,Cash,Delivered,25,4.0
ORD_01417,CUST_0592,REST_110,Behrouz Biryani,Chennai,2024-03-01,19:04:45,Biryani,Mutton Dum Biryani,1,450.0,30.0,0.0,UPI,Delivered,45,2.5
ORD_01418,CUST_0069,REST_119,Wok Express,Pune,2024-03-26,13:48:41,Chinese,Chilli Chicken Gravy,1,270.0,30.0,75.15,Cash,Delivered,64,4.0
ORD_01419,CUST_0478,REST_124,Faasos,Chennai,2024-11-05,20:03:01,Fast Food,Chicken Zinger Meal,1,299.0,50.0,127.56,UPI,Delivered,60,3.0
ORD_01420,CUST_0373,REST_110,Behrouz Biryani,Chennai,2024-11-22,22:09:24,Biryani,Kolkata Special Biryani,1,350.0,30.0,21.42,UPI,Delivered,19,4.0
ORD_01421,CUST_0670,REST_106,McDonald's,Chennai,2024-07-12,13:55:11,Burger,Crispy Veg Burger,1,129.0,50.0,64.44,Debit Card,Delivered,58,2.0
ORD_01422,CUST_0555,REST_117,Mainland China,Mumbai,2024-03-10,12:30:26,Chinese,Schezwan Veg Momos,1,150.0,50.0,26.69,Debit Card,Delivered,26,5.0
ORD_01423,CUST_0186,REST_111,Bawarchi,Bangalore,2024-10-01,21:55:09,Biryani,Hyderabadi Chicken Biryani,1,320.0,30.0,119.33,UPI,Delivered,23,5.0
ORD_01424,CUST_0275,REST_106,McDonald's,Ahmedabad,2024-02-22,15:22:42,Burger,Classic Chicken Burger,1,199.0,30.0,0.0,Wallet,Cancelled,0,0.0
ORD_01425,CUST_0169,REST_104,La Pino'z Pizza,Bangalore,2024-03-01,14:23:31,Pizza,Farmhouse Supreme,2,399.0,0.0,45.54,UPI,Delivered,52,5.0
ORD_01426,CUST_0308,REST_119,Wok Express,Delhi,2024-06-03,21:55:48,Chinese,Chicken Fried Rice,1,230.0,50.0,82.17,Credit Card,Delivered,53,4.5
ORD_01427,CUST_0751,REST_102,Pizza Hut,Bangalore,2024-11-24,14:59:39,Pizza,Margherita Pizza,1,249.0,40.0,0.0,UPI,Pending,37,0.0
ORD_01428,CUST_0026,REST_129,Starbucks,Hyderabad,2024-02-19,22:16:59,Beverages,Caffe Latte,3,220.0,20.0,105.19,Cash,Delivered,39,4.5
ORD_01429,CUST_0505,REST_117,Mainland China,Kolkata,2024-05-22,19:53:26,Chinese,Manchurian Gravy,2,210.0,40.0,22.69,UPI,Cancelled,0,0.0
ORD_01430,CUST_0557,REST_104,La Pino'z Pizza,Pune,2024-01-25,22:29:15,Pizza,Margherita Pizza,1,249.0,30.0,69.15,UPI,Delivered,46,4.5
ORD_01431,CUST_0429,REST_117,Mainland China,Delhi,2024-07-02,19:32:17,Chinese,Chicken Fried Rice,1,230.0,40.0,28.84,Cash,Delivered,35,5.0
ORD_01432,CUST_0511,REST_121,Subway,Bangalore,2024-05-24,12:47:09,Fast Food,Paneer Wrap,3,160.0,20.0,0.0,Cash,Delivered,35,5.0
ORD_01433,CUST_0316,REST_123,Taco Bell,Delhi,2024-07-22,13:34:21,Fast Food,Veggie Delight Sub,1,190.0,30.0,118.87,UPI,Delivered,49,4.5
ORD_01434,CUST_0167,REST_111,Bawarchi,Chennai,2024-02-01,20:14:42,Biryani,Kolkata Special Biryani,1,350.0,30.0,36.01,UPI,Delivered,23,5.0
ORD_01435,CUST_0143,REST_113,Punjab Grill,Pune,2024-01-11,12:38:27,Indian,Dal Makhani,1,220.0,50.0,44.34,UPI,Delivered,28,4.5
ORD_01436,CUST_0028,REST_108,The Burger Club,Chennai,2024-10-04,13:57:07,Burger,Fiery Paneer Burger,1,179.0,20.0,69.49,UPI,Delivered,18,4.5
ORD_01437,CUST_0364,REST_113,Punjab Grill,Mumbai,2024-10-27,19:19:34,Indian,Butter Chicken,2,360.0,30.0,0.0,UPI,Delivered,60,4.5
ORD_01438,CUST_0246,REST_115,Haldiram's,Hyderabad,2024-04-25,13:05:38,Indian,Kadhai Paneer,1,270.0,0.0,30.11,Cash,Delivered,24,4.5
ORD_01439,CUST_0349,REST_120,Berco's,Pune,2024-09-20,19:38:19,Chinese,Veg Hakka Noodles,1,180.0,40.0,54.19,Debit Card,Delivered,36,4.0
ORD_01440,CUST_0223,REST_113,Punjab Grill,Bangalore,2024-11-29,13:58:50,Indian,Garlic Naan Combo,1,160.0,0.0,0.0,UPI,Delivered,36,3.5
ORD_01441,CUST_0758,REST_119,Wok Express,Delhi,2024-12-12,12:58:05,Chinese,Chicken Fried Rice,2,230.0,40.0,43.14,UPI,Delivered,29,4.0
ORD_01442,CUST_0778,REST_106,McDonald's,Pune,2024-10-21,19:52:44,Burger,Crispy Veg Burger,2,129.0,40.0,42.37,UPI,Delivered,21,5.0
ORD_01443,CUST_0692,REST_128,Belgian Waffle Co,Delhi,2024-12-14,08:24:40,Desserts,Nutella Brownie,3,130.0,40.0,0.0,UPI,Delivered,61,4.5
ORD_01444,CUST_0600,REST_106,McDonald's,Bangalore,2024-11-21,13:41:32,Burger,Fiery Paneer Burger,1,179.0,20.0,81.28,UPI,Delivered,37,5.0
ORD_01445,CUST_0765,REST_131,Cafe Coffee Day,Hyderabad,2024-10-18,12:55:15,Beverages,Caffe Latte,2,220.0,0.0,0.0,UPI,Delivered,60,4.5
ORD_01446,CUST_0390,REST_112,Meghana Foods,Hyderabad,2024-12-31,22:42:35,Biryani,Paneer Biryani,1,260.0,40.0,51.36,Debit Card,Delivered,31,3.0
ORD_01447,CUST_0097,REST_117,Mainland China,Delhi,2024-06-29,22:25:18,Chinese,Schezwan Veg Momos,1,150.0,40.0,140.76,Debit Card,Delivered,27,4.5
ORD_01448,CUST_0324,REST_114,Barbeque Nation,Kolkata,2024-07-06,13:59:48,Indian,Garlic Naan Combo,1,160.0,40.0,94.51,UPI,Delivered,45,5.0
ORD_01449,CUST_0592,REST_121,Subway,Chennai,2024-06-06,12:20:00,Fast Food,Crispy Chicken Bucket,4,480.0,50.0,0.0,Cash,Delivered,52,3.0
ORD_01450,CUST_0147,REST_126,Theobroma,Mumbai,2024-08-01,13:38:14,Desserts,Gulab Jamun (2 pcs),2,80.0,0.0,52.14,UPI,Delivered,35,3.5
ORD_01451,CUST_0590,REST_120,Berco's,Delhi,2024-01-03,20:18:57,Chinese,Chilli Chicken Gravy,1,270.0,50.0,126.72,Debit Card,Delivered,62,5.0
ORD_01452,CUST_0505,REST_111,Bawarchi,Ahmedabad,2024-09-23,19:29:01,Biryani,Hyderabadi Chicken Biryani,1,320.0,50.0,25.15,Cash,Delivered,27,4.0
ORD_01453,CUST_0661,REST_103,Ovenstory Pizza,Bangalore,2024-02-02,20:31:25,Pizza,Farmhouse Supreme,2,399.0,40.0,0.0,UPI,Delivered,60,5.0
ORD_01454,CUST_0533,REST_113,Punjab Grill,Pune,2024-02-04,12:01:52,Indian,Paneer Butter Masala,4,280.0,0.0,129.0,Cash,Delivered,35,5.0
ORD_01455,CUST_0792,REST_114,Barbeque Nation,Hyderabad,2024-08-19,13:01:50,Indian,Garlic Naan Combo,1,160.0,50.0,47.43,Credit Card,Delivered,31,4.5
ORD_01456,CUST_0656,REST_120,Berco's,Chennai,2024-03-09,21:58:26,Chinese,Manchurian Gravy,1,210.0,0.0,0.0,UPI,Delivered,41,4.0
ORD_01457,CUST_0578,REST_121,Subway,Hyderabad,2024-02-09,21:18:25,Fast Food,Crispy Chicken Bucket,1,480.0,30.0,114.79,Credit Card,Delivered,21,4.5
ORD_01458,CUST_0537,REST_119,Wok Express,Mumbai,2024-02-01,21:15:04,Chinese,Veg Hakka Noodles,1,180.0,40.0,100.49,Credit Card,Delivered,30,4.5
ORD_01459,CUST_0282,REST_131,Cafe Coffee Day,Hyderabad,2024-06-12,19:12:02,Beverages,Mango Smoothie,2,160.0,0.0,0.0,UPI,Cancelled,0,0.0
ORD_01460,CUST_0459,REST_132,Chai Point,Delhi,2024-05-14,19:09:56,Beverages,Iced Green Tea,1,130.0,0.0,53.35,Credit Card,Delivered,31,4.5
ORD_01461,CUST_0096,REST_124,Faasos,Delhi,2024-09-21,11:05:36,Fast Food,Chicken Zinger Meal,2,299.0,40.0,51.85,Credit Card,Delivered,30,5.0
ORD_01462,CUST_0043,REST_103,Ovenstory Pizza,Kolkata,2024-04-16,21:22:41,Pizza,Cheese Burst Pizza,1,429.0,50.0,0.0,UPI,Delivered,52,4.5
ORD_01463,CUST_0246,REST_111,Bawarchi,Hyderabad,2024-07-17,12:06:29,Biryani,Mutton Dum Biryani,3,450.0,40.0,0.0,UPI,Delivered,52,3.5
ORD_01464,CUST_0439,REST_113,Punjab Grill,Ahmedabad,2024-01-04,21:13:10,Indian,Butter Chicken,3,360.0,40.0,0.0,Credit Card,Delivered,53,3.5
ORD_01465,CUST_0325,REST_121,Subway,Delhi,2024-06-12,21:19:27,Fast Food,Veggie Delight Sub,1,190.0,20.0,0.0,Cash,Delivered,18,4.5
ORD_01466,CUST_0484,REST_104,La Pino'z Pizza,Bangalore,2024-10-11,13:30:50,Pizza,Pepperoni Feast,1,499.0,40.0,146.26,UPI,Cancelled,0,0.0
ORD_01467,CUST_0144,REST_112,Meghana Foods,Kolkata,2024-07-18,19:00:28,Biryani,Paneer Biryani,3,260.0,20.0,0.0,Credit Card,Delivered,35,5.0
ORD_01468,CUST_0298,REST_113,Punjab Grill,Ahmedabad,2024-12-03,14:42:28,Indian,Dal Makhani,5,220.0,0.0,137.57,Credit Card,Cancelled,0,0.0
ORD_01469,CUST_0695,REST_108,The Burger Club,Ahmedabad,2024-12-29,13:49:25,Burger,Classic Chicken Burger,1,199.0,40.0,22.24,Cash,Delivered,51,3.5
ORD_01470,CUST_0798,REST_101,Domino's Pizza,Chennai,2024-12-31,20:59:52,Pizza,Cheese Burst Pizza,3,429.0,20.0,103.49,Credit Card,Delivered,47,4.5
ORD_01471,CUST_0187,REST_105,Burger King,Bangalore,2024-05-04,08:29:01,Burger,Classic Chicken Burger,1,199.0,30.0,33.38,UPI,Delivered,49,4.0
ORD_01472,CUST_0085,REST_101,Domino's Pizza,Kolkata,2024-02-05,20:26:00,Pizza,Margherita Pizza,1,249.0,0.0,0.0,UPI,Delivered,31,4.0
ORD_01473,CUST_0345,REST_114,Barbeque Nation,Ahmedabad,2024-05-27,14:13:22,Indian,Dal Makhani,1,220.0,0.0,25.93,Cash,Delivered,23,3.5
ORD_01474,CUST_0728,REST_127,Naturals Ice Cream,Pune,2024-03-20,20:05:31,Desserts,Red Velvet Jar Cake,2,175.0,40.0,28.04,Cash,Delivered,52,5.0
ORD_01475,CUST_0607,REST_130,Chaayos,Bangalore,2024-01-02,19:44:56,Beverages,Masala Chai (Flask),2,110.0,20.0,0.0,UPI,Delivered,37,4.0
ORD_01476,CUST_0018,REST_105,Burger King,Kolkata,2024-06-22,20:31:56,Burger,Smoky BBQ Burger,1,249.0,20.0,68.35,Credit Card,Delivered,33,5.0
ORD_01477,CUST_0672,REST_126,Theobroma,Hyderabad,2024-02-15,09:46:02,Desserts,Chocolate Truffle Pastry,2,140.0,50.0,119.15,UPI,Delivered,25,4.0
ORD_01478,CUST_0318,REST_110,Behrouz Biryani,Mumbai,2024-12-23,10:21:34,Biryani,Veg Dum Biryani,3,240.0,50.0,121.87,UPI,Delivered,21,3.0
ORD_01479,CUST_0649,REST_128,Belgian Waffle Co,Ahmedabad,2024-05-04,20:10:34,Desserts,Chocolate Truffle Pastry,3,140.0,0.0,64.59,UPI,Delivered,58,4.5
ORD_01480,CUST_0780,REST_131,Cafe Coffee Day,Chennai,2024-01-02,15:04:53,Beverages,Mango Smoothie,3,160.0,0.0,0.0,UPI,Delivered,31,4.0
ORD_01481,CUST_0009,REST_130,Chaayos,Pune,2024-08-17,13:08:06,Beverages,Iced Green Tea,2,130.0,0.0,27.7,UPI,Delivered,44,4.0
ORD_01482,CUST_0030,REST_128,Belgian Waffle Co,Delhi,2024-09-02,12:32:31,Desserts,Gulab Jamun (2 pcs),1,80.0,20.0,49.85,Wallet,Delivered,33,4.5
ORD_01483,CUST_0681,REST_101,Domino's Pizza,Kolkata,2024-11-23,22:11:37,Pizza,Paneer Tikka Pizza,1,349.0,40.0,44.41,Debit Card,Delivered,54,4.0
ORD_01484,CUST_0660,REST_108,The Burger Club,Pune,2024-03-27,19:29:18,Burger,Classic Chicken Burger,2,199.0,20.0,117.42,UPI,Delivered,57,4.5
ORD_01485,CUST_0445,REST_132,Chai Point,Kolkata,2024-01-13,12:58:35,Beverages,Masala Chai (Flask),1,110.0,50.0,0.0,UPI,Delivered,63,2.5
ORD_01486,CUST_0792,REST_108,The Burger Club,Ahmedabad,2024-09-04,12:36:04,Burger,Classic Chicken Burger,4,199.0,20.0,72.2,UPI,Delivered,23,4.5
ORD_01487,CUST_0664,REST_120,Berco's,Delhi,2024-01-29,19:49:02,Chinese,Veg Hakka Noodles,1,180.0,50.0,0.0,UPI,Delivered,29,4.5
ORD_01488,CUST_0504,REST_129,Starbucks,Kolkata,2024-11-24,20:37:12,Beverages,Caffe Latte,1,220.0,0.0,28.25,Cash,Delivered,50,4.5
ORD_01489,CUST_0506,REST_109,Paradise Biryani,Chennai,2024-12-04,13:09:11,Biryani,Kolkata Special Biryani,1,350.0,20.0,31.6,UPI,Delivered,42,5.0
ORD_01490,CUST_0511,REST_102,Pizza Hut,Hyderabad,2024-03-29,21:08:16,Pizza,Farmhouse Supreme,2,399.0,50.0,33.16,Wallet,Delivered,36,1.0
ORD_01491,CUST_0335,REST_107,Wendy's,Ahmedabad,2024-07-19,19:57:26,Burger,Classic Chicken Burger,2,199.0,40.0,0.0,Credit Card,Delivered,49,4.0
ORD_01492,CUST_0312,REST_122,KFC,Chennai,2024-06-18,16:24:41,Fast Food,Cheesy French Fries,1,120.0,50.0,124.7,UPI,Cancelled,0,0.0
ORD_01493,CUST_0683,REST_115,Haldiram's,Chennai,2024-04-27,13:41:35,Indian,Kadhai Paneer,4,270.0,20.0,137.41,UPI,Pending,29,0.0
ORD_01494,CUST_0247,REST_104,La Pino'z Pizza,Bangalore,2024-07-05,12:59:32,Pizza,Paneer Tikka Pizza,3,349.0,30.0,0.0,Credit Card,Delivered,57,4.5
ORD_01495,CUST_0665,REST_118,Wow! Momo,Chennai,2024-11-01,14:02:22,Chinese,Schezwan Veg Momos,1,150.0,30.0,0.0,UPI,Pending,21,0.0
ORD_01496,CUST_0545,REST_128,Belgian Waffle Co,Chennai,2024-01-05,20:17:11,Desserts,Red Velvet Jar Cake,3,175.0,50.0,117.54,Credit Card,Delivered,65,4.5
ORD_01497,CUST_0605,REST_119,Wok Express,Kolkata,2024-05-03,12:04:26,Chinese,Veg Hakka Noodles,1,180.0,50.0,83.25,UPI,Delivered,62,4.0
ORD_01498,CUST_0352,REST_109,Paradise Biryani,Mumbai,2024-04-17,19:08:58,Biryani,Veg Dum Biryani,1,240.0,30.0,126.5,Credit Card,Delivered,49,4.5
ORD_01499,CUST_0339,REST_105,Burger King,Hyderabad,2024-03-13,21:36:01,Burger,Crispy Veg Burger,1,129.0,20.0,30.16,Cash,Delivered,53,4.5
ORD_01500,CUST_0188,REST_105,Burger King,Kolkata,2024-07-05,14:12:35,Burger,Smoky BBQ Burger,2,249.0,30.0,0.0,UPI,Delivered,58,4.0
ORD_01501,CUST_0619,REST_115,Haldiram's,Delhi,2024-02-10,13:22:53,Indian,Paneer Butter Masala,1,280.0,20.0,58.42,Debit Card,Delivered,48,5.0
ORD_01502,CUST_0426,REST_114,Barbeque Nation,Ahmedabad,2024-05-08,20:54:05,Indian,Garlic Naan Combo,2,160.0,40.0,43.27,Credit Card,Cancelled,0,0.0
ORD_01503,CUST_0436,REST_106,McDonald's,Chennai,2024-01-15,14:07:32,Burger,Fiery Paneer Burger,5,179.0,40.0,20.78,Cash,Delivered,54,5.0
ORD_01504,CUST_0442,REST_102,Pizza Hut,Hyderabad,2024-11-02,19:27:47,Pizza,Cheese Burst Pizza,1,429.0,0.0,0.0,UPI,Delivered,57,3.5
ORD_01505,CUST_0129,REST_130,Chaayos,Pune,2024-03-29,14:17:50,Beverages,Cold Coffee with Ice Cream,1,150.0,50.0,114.79,UPI,Delivered,23,4.0
ORD_01506,CUST_0059,REST_122,KFC,Bangalore,2024-06-01,20:35:11,Fast Food,Chicken Zinger Meal,2,299.0,20.0,0.0,UPI,Delivered,41,4.5
ORD_01507,CUST_0621,REST_107,Wendy's,Delhi,2024-10-29,21:40:16,Burger,Classic Chicken Burger,1,199.0,0.0,58.9,Cash,Delivered,57,4.5
ORD_01508,CUST_0087,REST_112,Meghana Foods,Mumbai,2024-03-01,12:20:01,Biryani,Kolkata Special Biryani,1,350.0,50.0,0.0,Credit Card,Delivered,26,4.5
ORD_01509,CUST_0348,REST_130,Chaayos,Delhi,2024-09-17,22:09:43,Beverages,Caffe Latte,2,220.0,0.0,46.9,Credit Card,Delivered,24,4.5
ORD_01510,CUST_0581,REST_124,Faasos,Delhi,2024-12-13,13:07:49,Fast Food,Veggie Delight Sub,1,190.0,20.0,57.53,Cash,Delivered,36,5.0
ORD_01511,CUST_0634,REST_122,KFC,Delhi,2024-05-10,19:00:51,Fast Food,Crispy Chicken Bucket,5,480.0,0.0,0.0,Cash,Delivered,51,5.0
ORD_01512,CUST_0628,REST_115,Haldiram's,Mumbai,2024-01-29,21:32:25,Indian,Dal Makhani,1,220.0,40.0,0.0,Cash,Delivered,18,4.5
ORD_01513,CUST_0211,REST_128,Belgian Waffle Co,Chennai,2024-06-01,14:45:46,Desserts,Belgian Chocolate Waffle,1,160.0,40.0,25.29,UPI,Delivered,53,4.0
ORD_01514,CUST_0074,REST_121,Subway,Mumbai,2024-05-05,19:06:34,Fast Food,Veggie Delight Sub,1,190.0,20.0,0.0,UPI,Delivered,28,4.5
ORD_01515,CUST_0033,REST_108,The Burger Club,Hyderabad,2024-03-03,21:14:26,Burger,Smoky BBQ Burger,3,249.0,20.0,57.22,Credit Card,Delivered,62,4.5
ORD_01516,CUST_0390,REST_131,Cafe Coffee Day,Mumbai,2024-08-07,12:02:01,Beverages,Mango Smoothie,1,160.0,0.0,0.0,Credit Card,Delivered,48,3.0
ORD_01517,CUST_0445,REST_119,Wok Express,Hyderabad,2024-11-30,14:20:06,Chinese,Veg Hakka Noodles,1,180.0,40.0,0.0,UPI,Delivered,55,4.0
ORD_01518,CUST_0659,REST_123,Taco Bell,Chennai,2024-08-03,12:39:25,Fast Food,Cheesy French Fries,1,120.0,40.0,120.0,Cash,Delivered,33,4.5
ORD_01519,CUST_0120,REST_112,Meghana Foods,Pune,2024-10-26,19:08:47,Biryani,Mutton Dum Biryani,1,450.0,40.0,108.05,UPI,Delivered,41,4.5
ORD_01520,CUST_0201,REST_117,Mainland China,Ahmedabad,2024-03-12,21:42:24,Chinese,Chicken Fried Rice,4,230.0,30.0,0.0,UPI,Delivered,49,4.5
ORD_01521,CUST_0001,REST_105,Burger King,Chennai,2024-08-01,17:11:40,Burger,Fiery Paneer Burger,2,179.0,30.0,0.0,Cash,Delivered,43,1.0
ORD_01522,CUST_0213,REST_120,Berco's,Pune,2024-05-08,22:34:36,Chinese,Veg Hakka Noodles,1,180.0,50.0,144.52,UPI,Delivered,32,5.0
ORD_01523,CUST_0226,REST_116,Saravanaa Bhavan,Ahmedabad,2024-12-19,19:36:11,Indian,Butter Chicken,2,360.0,20.0,128.02,Wallet,Delivered,59,5.0
ORD_01524,CUST_0393,REST_115,Haldiram's,Kolkata,2024-01-23,09:24:47,Indian,Paneer Butter Masala,4,280.0,20.0,24.51,Cash,Delivered,28,5.0
ORD_01525,CUST_0198,REST_105,Burger King,Mumbai,2024-12-22,13:41:03,Burger,Fiery Paneer Burger,3,179.0,40.0,0.0,UPI,Delivered,64,4.5
ORD_01526,CUST_0591,REST_120,Berco's,Ahmedabad,2024-11-03,20:59:55,Chinese,Manchurian Gravy,1,210.0,40.0,0.0,UPI,Cancelled,0,0.0
ORD_01527,CUST_0428,REST_105,Burger King,Kolkata,2024-08-09,20:40:51,Burger,Crispy Veg Burger,2,129.0,30.0,33.38,Wallet,Delivered,24,5.0
ORD_01528,CUST_0376,REST_130,Chaayos,Kolkata,2024-02-22,13:38:26,Beverages,Mango Smoothie,1,160.0,50.0,24.88,Debit Card,Delivered,62,4.0
ORD_01529,CUST_0600,REST_126,Theobroma,Mumbai,2024-02-28,08:31:04,Desserts,Chocolate Truffle Pastry,1,140.0,40.0,0.0,Credit Card,Delivered,25,4.5
ORD_01530,CUST_0708,REST_125,Baskin Robbins,Hyderabad,2024-02-09,14:21:17,Desserts,Red Velvet Jar Cake,2,175.0,0.0,0.0,Cash,Delivered,48,4.0
ORD_01531,CUST_0768,REST_123,Taco Bell,Chennai,2024-04-25,22:57:52,Fast Food,Paneer Wrap,3,160.0,50.0,116.11,Debit Card,Delivered,35,1.0
ORD_01532,CUST_0648,REST_111,Bawarchi,Bangalore,2024-02-24,13:04:53,Biryani,Veg Dum Biryani,2,240.0,20.0,0.0,Debit Card,Delivered,65,3.5
ORD_01533,CUST_0261,REST_126,Theobroma,Ahmedabad,2024-12-26,14:25:51,Desserts,Chocolate Truffle Pastry,1,140.0,50.0,51.43,UPI,Delivered,31,4.0
ORD_01534,CUST_0326,REST_107,Wendy's,Hyderabad,2024-04-21,15:00:57,Burger,Fiery Paneer Burger,2,179.0,40.0,48.67,Credit Card,Delivered,57,5.0
ORD_01535,CUST_0713,REST_124,Faasos,Chennai,2024-11-18,19:35:47,Fast Food,Veggie Delight Sub,2,190.0,20.0,45.35,Cash,Cancelled,0,0.0
ORD_01536,CUST_0779,REST_128,Belgian Waffle Co,Delhi,2024-02-02,20:13:39,Desserts,Nutella Brownie,1,130.0,40.0,46.3,UPI,Delivered,32,4.0
ORD_01537,CUST_0724,REST_118,Wow! Momo,Bangalore,2024-11-26,21:06:44,Chinese,Chicken Fried Rice,2,230.0,20.0,79.6,Credit Card,Delivered,64,5.0
ORD_01538,CUST_0015,REST_107,Wendy's,Delhi,2024-05-17,21:09:42,Burger,Classic Chicken Burger,5,199.0,0.0,0.0,UPI,Delivered,41,5.0
ORD_01539,CUST_0450,REST_121,Subway,Pune,2024-12-08,21:42:04,Fast Food,Crispy Chicken Bucket,5,480.0,40.0,75.6,Credit Card,Delivered,37,4.5
ORD_01540,CUST_0553,REST_116,Saravanaa Bhavan,Delhi,2024-06-12,20:19:53,Indian,Paneer Butter Masala,1,280.0,0.0,54.3,Cash,Delivered,42,3.5
ORD_01541,CUST_0799,REST_102,Pizza Hut,Delhi,2024-07-15,21:11:47,Pizza,Farmhouse Supreme,2,399.0,20.0,0.0,Wallet,Delivered,42,4.0
ORD_01542,CUST_0680,REST_110,Behrouz Biryani,Pune,2024-06-26,22:05:36,Biryani,Paneer Biryani,1,260.0,0.0,49.8,Credit Card,Delivered,19,3.5
ORD_01543,CUST_0313,REST_118,Wow! Momo,Bangalore,2024-01-02,20:32:47,Chinese,Chilli Chicken Gravy,1,270.0,40.0,0.0,Credit Card,Delivered,52,4.5
ORD_01544,CUST_0264,REST_131,Cafe Coffee Day,Hyderabad,2024-09-26,21:46:02,Beverages,Cold Coffee with Ice Cream,1,150.0,30.0,88.18,UPI,Delivered,42,2.5
ORD_01545,CUST_0568,REST_121,Subway,Kolkata,2024-05-17,19:36:55,Fast Food,Chicken Zinger Meal,1,299.0,50.0,71.48,Credit Card,Pending,39,0.0
ORD_01546,CUST_0492,REST_116,Saravanaa Bhavan,Mumbai,2024-08-04,20:20:38,Indian,Kadhai Paneer,1,270.0,40.0,22.46,Cash,Delivered,51,5.0
ORD_01547,CUST_0607,REST_118,Wow! Momo,Kolkata,2024-09-17,14:59:17,Chinese,Manchurian Gravy,5,210.0,50.0,56.68,Cash,Delivered,46,4.5
ORD_01548,CUST_0265,REST_104,La Pino'z Pizza,Ahmedabad,2024-08-22,08:55:55,Pizza,Margherita Pizza,3,249.0,40.0,24.68,UPI,Delivered,23,5.0
ORD_01549,CUST_0221,REST_129,Starbucks,Chennai,2024-07-19,13:26:27,Beverages,Masala Chai (Flask),2,110.0,0.0,24.21,Credit Card,Delivered,19,4.0
ORD_01550,CUST_0679,REST_118,Wow! Momo,Chennai,2024-05-25,13:39:56,Chinese,Chicken Fried Rice,2,230.0,40.0,38.02,Debit Card,Pending,28,0.0
ORD_01551,CUST_0018,REST_128,Belgian Waffle Co,Kolkata,2024-04-27,13:02:08,Desserts,Nutella Brownie,3,130.0,30.0,134.66,UPI,Delivered,62,4.5
ORD_01552,CUST_0340,REST_107,Wendy's,Ahmedabad,2024-03-07,20:34:20,Burger,Crispy Veg Burger,3,129.0,40.0,29.48,UPI,Delivered,50,1.0
ORD_01553,CUST_0422,REST_118,Wow! Momo,Hyderabad,2024-10-13,20:12:20,Chinese,Schezwan Veg Momos,1,150.0,20.0,0.0,Debit Card,Delivered,23,3.5
ORD_01554,CUST_0563,REST_121,Subway,Pune,2024-11-28,21:41:58,Fast Food,Paneer Wrap,1,160.0,30.0,0.0,Debit Card,Delivered,47,4.5
ORD_01555,CUST_0487,REST_116,Saravanaa Bhavan,Mumbai,2024-07-31,20:47:27,Indian,Dal Makhani,1,220.0,30.0,31.62,Cash,Delivered,56,4.5
ORD_01556,CUST_0251,REST_105,Burger King,Hyderabad,2024-04-10,22:43:26,Burger,Double Whopper,1,299.0,0.0,32.09,UPI,Delivered,35,3.5
ORD_01557,CUST_0439,REST_126,Theobroma,Bangalore,2024-05-05,22:34:20,Desserts,Gulab Jamun (2 pcs),2,80.0,50.0,70.02,Debit Card,Delivered,49,5.0
ORD_01558,CUST_0792,REST_119,Wok Express,Kolkata,2024-05-26,18:08:37,Chinese,Chicken Fried Rice,1,230.0,20.0,45.28,UPI,Delivered,19,2.5
ORD_01559,CUST_0488,REST_132,Chai Point,Pune,2024-08-31,21:55:09,Beverages,Iced Green Tea,1,130.0,40.0,39.51,UPI,Delivered,30,5.0
ORD_01560,CUST_0773,REST_114,Barbeque Nation,Ahmedabad,2024-11-14,12:41:45,Indian,Paneer Butter Masala,1,280.0,30.0,63.8,UPI,Delivered,50,5.0
ORD_01561,CUST_0740,REST_122,KFC,Chennai,2024-06-19,13:23:15,Fast Food,Paneer Wrap,1,160.0,20.0,139.87,UPI,Delivered,20,4.0
ORD_01562,CUST_0688,REST_103,Ovenstory Pizza,Mumbai,2024-01-15,10:04:03,Pizza,Paneer Tikka Pizza,2,349.0,30.0,61.44,UPI,Delivered,23,4.5
ORD_01563,CUST_0514,REST_121,Subway,Pune,2024-10-07,21:32:13,Fast Food,Crispy Chicken Bucket,2,480.0,40.0,95.75,UPI,Delivered,37,4.5
ORD_01564,CUST_0096,REST_129,Starbucks,Pune,2024-08-24,21:25:42,Beverages,Masala Chai (Flask),2,110.0,40.0,28.1,Cash,Delivered,63,5.0
ORD_01565,CUST_0615,REST_101,Domino's Pizza,Kolkata,2024-03-25,15:00:46,Pizza,Farmhouse Supreme,1,399.0,20.0,69.95,Debit Card,Delivered,48,4.0
ORD_01566,CUST_0433,REST_109,Paradise Biryani,Bangalore,2024-01-29,20:56:05,Biryani,Veg Dum Biryani,1,240.0,40.0,0.0,Cash,Delivered,33,5.0
ORD_01567,CUST_0093,REST_131,Cafe Coffee Day,Chennai,2024-05-13,13:52:08,Beverages,Caffe Latte,1,220.0,30.0,35.51,UPI,Cancelled,0,0.0
ORD_01568,CUST_0171,REST_130,Chaayos,Hyderabad,2024-02-12,14:43:44,Beverages,Masala Chai (Flask),2,110.0,40.0,70.91,Debit Card,Delivered,24,5.0
ORD_01569,CUST_0376,REST_113,Punjab Grill,Delhi,2024-06-30,12:17:57,Indian,Butter Chicken,4,360.0,40.0,115.09,UPI,Delivered,57,3.0
ORD_01570,CUST_0374,REST_108,The Burger Club,Bangalore,2024-11-04,19:51:36,Burger,Smoky BBQ Burger,1,249.0,0.0,147.83,Cash,Delivered,41,4.0
ORD_01571,CUST_0114,REST_131,Cafe Coffee Day,Pune,2024-04-01,20:54:06,Beverages,Iced Green Tea,2,130.0,30.0,72.5,UPI,Cancelled,0,0.0
ORD_01572,CUST_0750,REST_113,Punjab Grill,Mumbai,2024-07-16,20:45:38,Indian,Dal Makhani,5,220.0,20.0,0.0,UPI,Delivered,41,4.5
ORD_01573,CUST_0248,REST_106,McDonald's,Mumbai,2024-09-20,22:57:12,Burger,Crispy Veg Burger,1,129.0,0.0,0.0,UPI,Delivered,23,5.0
ORD_01574,CUST_0372,REST_101,Domino's Pizza,Hyderabad,2024-04-24,19:51:19,Pizza,Farmhouse Supreme,1,399.0,40.0,24.84,Credit Card,Cancelled,0,0.0
ORD_01575,CUST_0759,REST_123,Taco Bell,Pune,2024-06-12,14:53:45,Fast Food,Cheesy French Fries,1,120.0,30.0,0.0,Debit Card,Delivered,53,4.0
ORD_01576,CUST_0606,REST_112,Meghana Foods,Delhi,2024-11-02,20:03:26,Biryani,Paneer Biryani,1,260.0,0.0,143.8,Credit Card,Delivered,24,3.0
ORD_01577,CUST_0657,REST_105,Burger King,Pune,2024-12-25,12:10:42,Burger,Crispy Veg Burger,1,129.0,0.0,27.78,Credit Card,Cancelled,0,0.0
ORD_01578,CUST_0086,REST_124,Faasos,Ahmedabad,2024-11-28,20:09:01,Fast Food,Veggie Delight Sub,1,190.0,30.0,63.98,Credit Card,Delivered,18,5.0
ORD_01579,CUST_0678,REST_130,Chaayos,Kolkata,2024-10-09,12:45:12,Beverages,Caffe Latte,1,220.0,0.0,0.0,Cash,Delivered,35,4.5
ORD_01580,CUST_0753,REST_118,Wow! Momo,Bangalore,2024-08-25,12:39:22,Chinese,Manchurian Gravy,1,210.0,30.0,0.0,Credit Card,Delivered,61,1.0
ORD_01581,CUST_0658,REST_112,Meghana Foods,Mumbai,2024-07-13,19:11:50,Biryani,Hyderabadi Chicken Biryani,4,320.0,20.0,0.0,UPI,Delivered,37,3.5
ORD_01582,CUST_0409,REST_101,Domino's Pizza,Kolkata,2024-02-12,14:37:32,Pizza,Farmhouse Supreme,1,399.0,40.0,94.47,UPI,Cancelled,0,0.0
ORD_01583,CUST_0363,REST_110,Behrouz Biryani,Pune,2024-10-13,14:59:32,Biryani,Paneer Biryani,1,260.0,40.0,0.0,Credit Card,Cancelled,0,0.0
ORD_01584,CUST_0244,REST_116,Saravanaa Bhavan,Delhi,2024-08-01,12:53:37,Indian,Paneer Butter Masala,1,280.0,0.0,134.95,Debit Card,Delivered,18,3.0
ORD_01585,CUST_0604,REST_129,Starbucks,Chennai,2024-11-11,19:13:21,Beverages,Iced Green Tea,1,130.0,30.0,114.08,Credit Card,Delivered,64,5.0
ORD_01586,CUST_0736,REST_117,Mainland China,Chennai,2024-12-30,16:29:51,Chinese,Manchurian Gravy,2,210.0,0.0,92.5,UPI,Delivered,55,4.5
ORD_01587,CUST_0754,REST_130,Chaayos,Pune,2024-10-15,20:08:42,Beverages,Cold Coffee with Ice Cream,2,150.0,40.0,0.0,Cash,Cancelled,0,0.0
ORD_01588,CUST_0414,REST_124,Faasos,Pune,2024-10-30,19:49:42,Fast Food,Veggie Delight Sub,4,190.0,50.0,68.0,UPI,Cancelled,0,0.0
ORD_01589,CUST_0002,REST_114,Barbeque Nation,Delhi,2024-07-10,22:57:32,Indian,Butter Chicken,1,360.0,40.0,36.39,Wallet,Delivered,44,4.0
ORD_01590,CUST_0626,REST_119,Wok Express,Pune,2024-04-22,13:46:17,Chinese,Manchurian Gravy,2,210.0,50.0,28.06,UPI,Delivered,23,3.0
ORD_01591,CUST_0353,REST_112,Meghana Foods,Kolkata,2024-10-02,16:05:43,Biryani,Veg Dum Biryani,1,240.0,30.0,103.93,Debit Card,Cancelled,0,0.0
ORD_01592,CUST_0331,REST_108,The Burger Club,Delhi,2024-05-11,21:39:26,Burger,Fiery Paneer Burger,1,179.0,30.0,0.0,UPI,Delivered,37,3.5
ORD_01593,CUST_0452,REST_113,Punjab Grill,Pune,2024-10-16,19:47:32,Indian,Paneer Butter Masala,3,280.0,0.0,104.7,UPI,Delivered,65,5.0
ORD_01594,CUST_0655,REST_111,Bawarchi,Bangalore,2024-03-05,14:50:47,Biryani,Mutton Dum Biryani,1,450.0,50.0,0.0,UPI,Delivered,54,4.5
ORD_01595,CUST_0447,REST_105,Burger King,Mumbai,2024-01-05,14:58:19,Burger,Classic Chicken Burger,2,199.0,0.0,100.02,UPI,Delivered,41,4.0
ORD_01596,CUST_0410,REST_107,Wendy's,Ahmedabad,2024-05-13,19:22:15,Burger,Classic Chicken Burger,2,199.0,40.0,0.0,Debit Card,Delivered,35,3.0
ORD_01597,CUST_0413,REST_130,Chaayos,Bangalore,2024-11-18,20:25:59,Beverages,Cold Coffee with Ice Cream,2,150.0,30.0,23.46,Cash,Delivered,51,3.5
ORD_01598,CUST_0456,REST_121,Subway,Bangalore,2024-02-13,19:20:46,Fast Food,Veggie Delight Sub,3,190.0,20.0,67.35,Credit Card,Delivered,38,4.5
ORD_01599,CUST_0163,REST_112,Meghana Foods,Pune,2024-04-21,19:25:30,biryani,Veg Dum Biryani,2,240.0,30.0,0.0,UPI,Delivered,57,4.0
ORD_01600,CUST_0493,REST_105,Burger King,Kolkata,2024-09-15,22:23:23,Burger,Smoky BBQ Burger,1,249.0,50.0,35.25,UPI,Delivered,28,5.0
ORD_01601,CUST_0440,REST_110,Behrouz Biryani,Chennai,2024-11-25,22:17:28,Biryani,Paneer Biryani,1,260.0,30.0,37.56,Debit Card,Delivered,41,5.0
ORD_01602,CUST_0270,REST_118,Wow! Momo,Hyderabad,2024-10-01,13:06:21,Chinese,Schezwan Veg Momos,3,150.0,50.0,0.0,UPI,Delivered,55,5.0
ORD_01603,CUST_0056,REST_126,Theobroma,Ahmedabad,2024-02-27,21:37:29,Desserts,Belgian Chocolate Waffle,1,160.0,0.0,26.04,Wallet,Delivered,47,4.5
ORD_01604,CUST_0295,REST_113,Punjab Grill,Chennai,2024-12-21,12:11:22,Indian,Dal Makhani,4,220.0,40.0,100.26,UPI,Delivered,35,4.0
ORD_01605,CUST_0500,REST_108,The Burger Club,Chennai,2024-06-17,19:29:13,Burger,Smoky BBQ Burger,0,249.0,30.0,0.0,Debit Card,Delivered,41,5.0
ORD_01606,CUST_0794,REST_131,Cafe Coffee Day,Kolkata,2024-07-04,11:41:26,Beverages,Mango Smoothie,1,160.0,20.0,143.25,Credit Card,Delivered,58,5.0
ORD_01607,CUST_0172,REST_115,Haldiram's,Hyderabad,2024-01-01,22:06:16,Indian,Garlic Naan Combo,1,160.0,50.0,108.34,Credit Card,Delivered,49,4.0
ORD_01608,CUST_0711,REST_117,Mainland China,Hyderabad,2024-06-27,18:02:33,Chinese,Manchurian Gravy,2,210.0,40.0,102.96,Credit Card,Delivered,47,5.0
ORD_01609,CUST_0398,REST_101,Domino's Pizza,Delhi,2024-06-27,12:42:54,Pizza,Paneer Tikka Pizza,1,349.0,0.0,21.94,UPI,Delivered,59,
ORD_01610,CUST_0557,REST_111,Bawarchi,Pune,2024-12-14,20:07:47,Biryani,Veg Dum Biryani,2,240.0,50.0,92.73,Cash,Delivered,55,4.5
ORD_01611,CUST_0256,REST_116,Saravanaa Bhavan,Kolkata,2024-05-02,21:45:33,Indian,Garlic Naan Combo,2,160.0,0.0,45.0,UPI,Delivered,35,4.0
ORD_01612,CUST_0237,REST_106,McDonald's,Kolkata,2024-01-04,20:03:38,Burger,Smoky BBQ Burger,1,249.0,30.0,0.0,Cash,Pending,27,0.0
ORD_01613,CUST_0689,REST_124,Faasos,Hyderabad,2024-07-30,12:44:17,Fast Food,Paneer Wrap,1,-50.0,0.0,0.0,Credit Card,Pending,41,0.0
ORD_01614,CUST_0053,REST_115,Haldiram's,Ahmedabad,2024-07-05,12:24:52,Indian,Garlic Naan Combo,1,160.0,20.0,100.7,Wallet,Delivered,33,3.0
ORD_01615,CUST_0606,REST_106,McDonald's,Chennai,2024-09-24,19:05:51,Burger,Smoky BBQ Burger,1,249.0,20.0,134.76,UPI,Delivered,60,5.0
ORD_01616,CUST_0387,REST_108,The Burger Club,Delhi,2024-10-17,12:53:21,Burger,Smoky BBQ Burger,3,249.0,30.0,61.7,UPI,Pending,40,0.0
ORD_01617,CUST_0387,REST_114,Barbeque Nation,Kolkata,2024-12-17,16:18:59,Indian,Dal Makhani,1,220.0,50.0,0.0,Credit Card,Delivered,62,5.0
ORD_01618,CUST_0461,REST_103,Ovenstory Pizza,Hyderabad,2024-01-30,19:44:37,Pizza,Pepperoni Feast,1,499.0,40.0,62.92,Cash,Cancelled,0,0.0
ORD_01619,CUST_0083,REST_126,Theobroma,Chennai,2024-01-15,16:42:33,Desserts,Red Velvet Jar Cake,1,175.0,20.0,0.0,Wallet,Cancelled,0,0.0
ORD_01620,CUST_0454,REST_116,Saravanaa Bhavan,Bangalore,2024-04-10,22:56:49,Indian,Paneer Butter Masala,1,280.0,30.0,46.56,Credit Card,Delivered,44,4.0
ORD_01621,CUST_0112,REST_132,Chai Point,Hyderabad,2024-11-05,22:26:41,Beverages,Caffe Latte,1,220.0,0.0,30.2,UPI,Delivered,36,4.5
ORD_01622,CUST_0405,REST_117,Mainland China,Mumbai,2024-07-18,15:02:14,Chinese,Manchurian Gravy,3,210.0,20.0,36.36,UPI,Delivered,57,4.5
ORD_01623,CUST_0603,REST_125,Baskin Robbins,Delhi,2024-12-16,08:24:50,Desserts,Belgian Chocolate Waffle,3,160.0,50.0,0.0,Cash,Delivered,49,4.0
ORD_01624,CUST_0134,REST_108,The Burger Club,Kolkata,2024-03-04,14:55:23,Burger,Crispy Veg Burger,2,-50.0,0.0,0.0,Wallet,Delivered,43,4.5
ORD_01625,CUST_0284,REST_107,Wendy's,Bangalore,2024-02-04,14:57:25,Burger,Double Whopper,2,299.0,30.0,105.11,UPI,Delivered,45,4.5
ORD_01626,CUST_0026,REST_123,Taco Bell,Ahmedabad,2024-01-06,20:12:49,Fast Food,Paneer Wrap,5,160.0,50.0,0.0,Cash,Delivered,61,3.5
ORD_01627,CUST_0005,REST_124,Faasos,Pune,2024-06-16,23:19:21,Fast Food,Veggie Delight Sub,3,190.0,40.0,62.43,Credit Card,Delivered,28,4.0
ORD_01628,CUST_0784,REST_110,Behrouz Biryani,Delhi,2024-02-14,13:32:40,Biryani,Mutton Dum Biryani,2,450.0,40.0,20.66,UPI,Delivered,56,4.5
ORD_01629,CUST_0505,REST_129,Starbucks,Delhi,2024-01-17,22:58:03,Beverages,Caffe Latte,3,220.0,30.0,0.0,UPI,Cancelled,0,0.0
ORD_01630,CUST_0338,REST_127,Naturals Ice Cream,Delhi,2024-04-28,18:13:15,Desserts,Nutella Brownie,1,130.0,50.0,0.0,Credit Card,Delivered,43,4.5
ORD_01631,CUST_0447,REST_104,La Pino'z Pizza,Mumbai,2024-04-24,22:43:40,Pizza,Farmhouse Supreme,2,399.0,20.0,122.93,Cash,Delivered,32,5.0
ORD_01632,CUST_0431,REST_124,Faasos,Ahmedabad,2024-06-23,19:19:34,Fast Food,Cheesy French Fries,1,120.0,50.0,119.0,Credit Card,Pending,43,0.0
ORD_01633,CUST_0120,REST_124,Faasos,Delhi,2024-06-23,13:30:03,Fast Food,Crispy Chicken Bucket,1,480.0,50.0,101.99,Cash,Cancelled,0,0.0
ORD_01634,CUST_0424,REST_105,Burger King,Delhi,2024-09-04,23:25:19,Burger,Crispy Veg Burger,3,129.0,30.0,0.0,Credit Card,Delivered,47,5.0
ORD_01635,CUST_0467,REST_112,Meghana Foods,Bangalore,2024-04-17,21:17:43,Biryani,Paneer Biryani,1,260.0,20.0,53.49,UPI,Delivered,51,3.5
ORD_01636,CUST_0012,REST_126,Theobroma,Pune,2024-02-04,20:59:26,Desserts,Gulab Jamun (2 pcs),2,80.0,40.0,0.0,Credit Card,Delivered,46,3.0
ORD_01637,CUST_0384,REST_102,Pizza Hut,Ahmedabad,2024-10-16,21:09:24,Pizza,Cheese Burst Pizza,1,429.0,40.0,68.36,Credit Card,Cancelled,0,0.0
ORD_01638,CUST_0088,REST_130,Chaayos,Mumbai,2024-03-04,22:11:11,Beverages,Masala Chai (Flask),2,110.0,0.0,73.18,Credit Card,Delivered,30,5.0
ORD_01639,CUST_0795,REST_102,Pizza Hut,Hyderabad,2024-11-11,12:16:17,Pizza,Pepperoni Feast,1,499.0,40.0,141.72,Debit Card,Pending,32,0.0
ORD_01640,CUST_0265,REST_104,La Pino'z Pizza,Hyderabad,2024-06-25,12:21:28,Pizza,Cheese Burst Pizza,1,429.0,40.0,0.0,UPI,Delivered,26,4.5
ORD_01641,CUST_0733,REST_104,La Pino'z Pizza,Mumbai,2024-05-09,14:21:18,Pizza,Farmhouse Supreme,1,399.0,30.0,0.0,UPI,Delivered,51,4.0
ORD_01642,CUST_0371,REST_118,Wow! Momo,Kolkata,2024-01-04,22:26:48,Chinese,Manchurian Gravy,5,210.0,20.0,64.04,Cash,Cancelled,0,0.0
ORD_01643,CUST_0564,REST_125,Baskin Robbins,Ahmedabad,2024-01-22,20:10:07,Desserts,Red Velvet Jar Cake,1,175.0,0.0,77.56,Debit Card,Delivered,63,3.0
ORD_01644,CUST_0425,REST_112,Meghana Foods,Hyderabad,2024-09-25,13:58:56,Biryani,Paneer Biryani,1,260.0,20.0,127.48,UPI,Delivered,37,4.5
ORD_01645,CUST_0178,REST_132,Chai Point,Delhi,2024-06-02,19:15:12,Beverages,Masala Chai (Flask),2,110.0,50.0,20.36,UPI,Delivered,62,5.0
ORD_01646,CUST_0320,REST_106,McDonald's,Kolkata,2024-03-16,14:45:41,Burger,Crispy Veg Burger,2,129.0,0.0,46.9,UPI,Cancelled,0,0.0
ORD_01647,CUST_0283,REST_109,Paradise Biryani,Ahmedabad,2024-05-17,12:55:29,Biryani,Hyderabadi Chicken Biryani,1,320.0,0.0,101.66,UPI,Delivered,46,5.0
ORD_01648,CUST_0053,REST_125,Baskin Robbins,Hyderabad,2024-09-30,18:18:47,Desserts,Gulab Jamun (2 pcs),1,80.0,20.0,0.0,Cash,Delivered,49,5.0
ORD_01649,CUST_0569,REST_125,Baskin Robbins,Hyderabad,2024-01-26,16:21:28,Desserts,Gulab Jamun (2 pcs),5,80.0,20.0,0.0,UPI,Delivered,65,4.0
ORD_01650,CUST_0721,REST_129,Starbucks,Delhi,2024-07-05,19:36:27,Beverages,Cold Coffee with Ice Cream,1,150.0,40.0,21.52,UPI,Delivered,26,5.0
ORD_01651,CUST_0159,REST_110,Behrouz Biryani,Kolkata,2024-12-26,22:53:00,Biryani,Mutton Dum Biryani,3,450.0,50.0,30.87,Cash,Delivered,28,4.5
ORD_01652,CUST_0549,REST_121,Subway,Kolkata,2024-08-07,22:05:18,Fast Food,Crispy Chicken Bucket,2,480.0,0.0,110.0,Debit Card,Delivered,62,3.5
ORD_01653,CUST_0318,REST_120,Berco's,Bangalore,2024-10-25,13:08:22,Chinese,Chicken Fried Rice,2,230.0,50.0,92.83,UPI,Delivered,54,2.5
ORD_01654,CUST_0482,REST_116,Saravanaa Bhavan,Ahmedabad,2024-09-02,21:19:12,Indian,Garlic Naan Combo,2,160.0,20.0,38.84,UPI,Cancelled,0,0.0
ORD_01655,CUST_0169,REST_124,Faasos,Pune,2024-06-21,17:14:57,Fast Food,Crispy Chicken Bucket,1,480.0,0.0,121.0,Cash,Delivered,32,5.0
ORD_01656,CUST_0020,REST_111,Bawarchi,Chennai,2024-10-24,09:40:01,Biryani,Kolkata Special Biryani,2,350.0,50.0,0.0,Cash,Delivered,40,4.5
ORD_01657,CUST_0131,REST_112,Meghana Foods,Chennai,2024-12-21,12:08:23,Biryani,Kolkata Special Biryani,1,350.0,20.0,91.56,Credit Card,Delivered,56,4.0
ORD_01658,CUST_0275,REST_107,Wendy's,Mumbai,2024-08-26,19:48:29,Burger,Double Whopper,1,299.0,20.0,70.13,UPI,Pending,30,0.0
ORD_01659,CUST_0014,REST_107,Wendy's,Mumbai,2024-11-08,14:21:39,Burger,Double Whopper,1,299.0,30.0,36.84,UPI,Delivered,33,3.5
ORD_01660,CUST_0663,REST_128,Belgian Waffle Co,Kolkata,2024-09-01,10:22:15,Desserts,Gulab Jamun (2 pcs),3,80.0,0.0,87.46,Credit Card,Delivered,37,4.5
ORD_01661,CUST_0413,REST_101,Domino's Pizza,Kolkata,2024-03-14,12:36:02,Pizza,Pepperoni Feast,2,499.0,0.0,66.33,UPI,Cancelled,0,0.0
ORD_01662,CUST_0309,REST_132,Chai Point,Bangalore,2024-12-27,21:42:03,Beverages,Caffe Latte,2,220.0,30.0,0.0,UPI,Delivered,49,4.5
ORD_01663,CUST_0768,REST_128,Belgian Waffle Co,Mumbai,2024-05-17,15:39:12,Desserts,Belgian Chocolate Waffle,1,160.0,20.0,42.01,UPI,Delivered,31,4.0
ORD_01664,CUST_0188,REST_112,Meghana Foods,Kolkata,2024-12-21,22:12:15,Biryani,Paneer Biryani,3,260.0,50.0,0.0,UPI,Delivered,48,5.0
ORD_01665,CUST_0645,REST_102,Pizza Hut,Hyderabad,2024-08-04,20:09:18,Pizza,Pepperoni Feast,2,499.0,30.0,0.0,Cash,Delivered,63,3.5
ORD_01666,CUST_0248,REST_121,Subway,Hyderabad,2024-02-07,20:15:52,Fast Food,Cheesy French Fries,1,120.0,0.0,111.56,UPI,Cancelled,0,0.0
ORD_01667,CUST_0511,REST_117,Mainland China,Mumbai,2024-03-18,21:21:25,Chinese,Chilli Chicken Gravy,1,270.0,0.0,28.59,Credit Card,Cancelled,0,0.0
ORD_01668,CUST_0239,REST_129,Starbucks,Mumbai,2024-02-16,19:57:01,Beverages,Iced Green Tea,1,130.0,20.0,37.05,Wallet,Cancelled,0,0.0
ORD_01669,CUST_0632,REST_107,Wendy's,Ahmedabad,2024-06-09,19:57:59,Burger,Fiery Paneer Burger,0,179.0,20.0,0.0,Cash,Delivered,35,4.5
ORD_01670,,REST_126,Theobroma,Delhi,2024-12-09,14:42:23,Desserts,Chocolate Truffle Pastry,3,140.0,40.0,0.0,UPI,Cancelled,0,0.0
ORD_01671,CUST_0447,REST_121,Subway,Delhi,2024-03-19,22:32:51,Fast Food,Cheesy French Fries,1,120.0,40.0,45.33,UPI,Delivered,31,4.0
ORD_01672,CUST_0518,REST_101,Domino's Pizza,Mumbai,2024-02-10,21:46:06,Pizza,Margherita Pizza,3,249.0,20.0,46.71,Cash,Delivered,24,4.5
ORD_01673,CUST_0288,REST_108,The Burger Club,Pune,2024-10-11,13:32:30,Burger,Double Whopper,2,299.0,30.0,0.0,Credit Card,Delivered,44,3.0
ORD_01674,CUST_0359,REST_127,Naturals Ice Cream,Mumbai,2024-10-12,12:24:30,Desserts,Gulab Jamun (2 pcs),1,80.0,0.0,0.0,Wallet,Delivered,28,3.5
ORD_01675,CUST_0568,REST_120,Berco's,Delhi,2024-11-19,20:22:26,Chinese,Chicken Fried Rice,1,230.0,40.0,59.99,Credit Card,Delivered,52,5.0
ORD_01676,CUST_0619,REST_121,Subway,Ahmedabad,2024-06-26,14:26:29,Fast Food,Cheesy French Fries,3,120.0,30.0,34.49,UPI,Delivered,51,4.5
ORD_01677,CUST_0382,REST_124,Faasos,Delhi,2024-02-13,13:27:02,Fast Food,Crispy Chicken Bucket,1,480.0,50.0,136.58,UPI,Delivered,23,4.5
ORD_01678,CUST_0672,REST_114,Barbeque Nation,Ahmedabad,2024-01-17,21:27:21,Indian,Paneer Butter Masala,2,280.0,20.0,0.0,Cash,Delivered,33,5.0
ORD_01679,CUST_0388,REST_129,Starbucks,Ahmedabad,2024-03-23,11:23:18,Beverages,Iced Green Tea,1,130.0,20.0,0.0,UPI,Delivered,21,5.0
ORD_01680,CUST_0298,REST_121,Subway,Kolkata,2024-06-24,19:32:47,Fast Food,Crispy Chicken Bucket,2,480.0,50.0,50.28,UPI,Delivered,43,4.0
ORD_01681,CUST_0523,REST_111,Bawarchi,Ahmedabad,2024-02-19,19:12:51,Biryani,Kolkata Special Biryani,2,350.0,30.0,0.0,UPI,Delivered,19,5.0
ORD_01682,CUST_0229,REST_111,Bawarchi,Kolkata,2024-04-25,23:44:45,Biryani,Paneer Biryani,1,260.0,40.0,117.48,Cash,Delivered,35,4.5
ORD_01683,CUST_0525,REST_115,Haldiram's,Ahmedabad,2024-09-24,13:10:09,Indian,Paneer Butter Masala,1,280.0,40.0,122.39,UPI,Delivered,33,5.0
ORD_01684,CUST_0294,REST_124,Faasos,Mumbai,2024-08-19,11:11:23,Fast Food,Chicken Zinger Meal,1,299.0,30.0,60.51,Credit Card,Delivered,51,3.5
ORD_01685,CUST_0520,REST_121,Subway,Mumbai,2024-07-25,14:34:51,Fast Food,Chicken Zinger Meal,1,299.0,20.0,0.0,UPI,Delivered,36,4.0
ORD_01686,CUST_0629,REST_126,Theobroma,Mumbai,2024-02-12,22:25:39,Desserts,Gulab Jamun (2 pcs),1,80.0,50.0,139.16,UPI,Delivered,18,5.0
ORD_01687,CUST_0266,REST_120,Berco's,Bangalore,2024-02-06,22:15:29,Chinese,Chicken Fried Rice,1,230.0,30.0,0.0,Wallet,Delivered,25,
ORD_01688,CUST_0157,REST_125,Baskin Robbins,Pune,2024-03-03,12:42:36,Desserts,Belgian Chocolate Waffle,1,160.0,40.0,0.0,UPI,Cancelled,0,0.0
ORD_01689,CUST_0514,REST_106,McDonald's,Delhi,2024-07-12,12:56:19,Burger,Classic Chicken Burger,2,199.0,40.0,56.8,UPI,Delivered,20,5.0
ORD_01690,CUST_0096,REST_105,Burger King,Hyderabad,2024-10-14,13:00:21,Burger,Crispy Veg Burger,4,129.0,20.0,0.0,Cash,Delivered,55,4.0
ORD_01691,CUST_0462,REST_124,Faasos,Mumbai,2024-10-20,09:51:57,Fast Food,Crispy Chicken Bucket,1,480.0,0.0,0.0,Credit Card,Delivered,31,5.0
ORD_01692,CUST_0269,REST_127,Naturals Ice Cream,Kolkata,2024-08-30,20:29:20,Desserts,Belgian Chocolate Waffle,2,160.0,40.0,63.48,Cash,Delivered,32,5.0
ORD_01693,CUST_0461,REST_120,Berco's,Chennai,2024-11-05,15:38:06,Chinese,Veg Hakka Noodles,2,180.0,40.0,74.94,UPI,Delivered,58,4.5
ORD_01694,CUST_0005,REST_102,Pizza Hut,Pune,2024-08-06,22:22:14,Pizza,Pepperoni Feast,4,499.0,50.0,0.0,Cash,Cancelled,0,0.0
ORD_01695,CUST_0702,REST_105,Burger King,Mumbai,2024-11-04,13:18:26,Burger,Smoky BBQ Burger,2,249.0,20.0,0.0,UPI,Delivered,36,5.0
ORD_01696,CUST_0298,REST_131,Cafe Coffee Day,Pune,2024-07-12,16:32:16,Beverages,Iced Green Tea,1,130.0,40.0,0.0,Cash,Delivered,24,5.0
ORD_01697,CUST_0467,REST_101,Domino's Pizza,Ahmedabad,2024-09-05,15:41:30,Pizza,Paneer Tikka Pizza,1,349.0,30.0,64.49,Credit Card,Cancelled,0,0.0
ORD_01698,CUST_0106,REST_108,The Burger Club,Delhi,2024-10-20,21:53:03,Burger,Crispy Veg Burger,5,129.0,30.0,29.36,UPI,Delivered,23,2.5
ORD_01699,CUST_0343,REST_131,Cafe Coffee Day,Pune,2024-04-28,21:42:36,Beverages,Caffe Latte,2,220.0,30.0,28.9,Cash,Delivered,61,5.0
ORD_01700,CUST_0240,REST_113,Punjab Grill,Kolkata,2024-06-08,14:37:11,Indian,Paneer Butter Masala,1,280.0,40.0,91.08,UPI,Delivered,65,4.5
ORD_01701,CUST_0468,REST_108,The Burger Club,Hyderabad,2024-10-17,21:44:58,Burger,Double Whopper,1,299.0,50.0,59.75,Debit Card,Delivered,65,3.5
ORD_01702,CUST_0539,REST_122,KFC,Pune,2024-03-19,20:35:29,Fast Food,Paneer Wrap,2,160.0,30.0,74.51,Wallet,Delivered,30,4.0
ORD_01703,CUST_0494,REST_129,Starbucks,Pune,2024-01-04,19:30:55,Beverages,Mango Smoothie,1,160.0,30.0,26.89,Debit Card,Delivered,26,5.0
ORD_01704,CUST_0602,REST_123,Taco Bell,Hyderabad,2024-06-03,14:34:44,Fast Food,Chicken Zinger Meal,2,299.0,0.0,0.0,UPI,Pending,40,0.0
ORD_01705,CUST_0498,REST_114,Barbeque Nation,Mumbai,2024-12-04,19:46:34,Indian,Dal Makhani,5,220.0,40.0,118.74,UPI,Delivered,56,3.5
ORD_01706,CUST_0338,REST_112,Meghana Foods,Mumbai,2024-01-04,19:50:50,Biryani,Hyderabadi Chicken Biryani,3,320.0,0.0,0.0,UPI,Delivered,22,3.5
ORD_01707,CUST_0576,REST_117,Mainland China,Chennai,2024-02-14,08:03:43,Chinese,Chicken Fried Rice,2,230.0,50.0,0.0,Credit Card,Delivered,37,4.0
ORD_01708,CUST_0587,REST_128,Belgian Waffle Co,Mumbai,2024-04-10,12:04:03,Desserts,Red Velvet Jar Cake,1,175.0,30.0,47.16,Debit Card,Pending,40,0.0
ORD_01709,CUST_0423,REST_124,Faasos,Kolkata,2024-11-06,19:49:33,Fast Food,Crispy Chicken Bucket,1,480.0,20.0,0.0,UPI,Delivered,64,2.0
ORD_01710,CUST_0125,REST_125,Baskin Robbins,Ahmedabad,2024-01-15,22:16:48,Desserts,Red Velvet Jar Cake,1,175.0,40.0,43.3,UPI,Cancelled,0,0.0
ORD_01711,CUST_0068,REST_132,Chai Point,Pune,2024-01-08,12:14:50,Beverages,Masala Chai (Flask),2,110.0,0.0,60.38,Credit Card,Pending,24,0.0
ORD_01712,CUST_0547,REST_128,Belgian Waffle Co,Bangalore,2024-03-30,20:29:37,Desserts,Chocolate Truffle Pastry,1,140.0,50.0,66.51,UPI,Delivered,29,3.0
ORD_01713,CUST_0264,REST_119,Wok Express,Chennai,2024-11-18,14:46:34,Chinese,Chicken Fried Rice,1,230.0,0.0,141.28,UPI,Delivered,32,5.0
ORD_01714,CUST_0025,REST_124,Faasos,Mumbai,2024-02-13,18:44:22,Fast Food,Chicken Zinger Meal,2,299.0,0.0,143.24,Credit Card,Delivered,48,4.5
ORD_01715,CUST_0054,REST_121,Subway,Bangalore,2024-01-09,16:24:15,Fast Food,Veggie Delight Sub,1,190.0,0.0,68.75,Wallet,Delivered,19,5.0
ORD_01716,CUST_0521,REST_105,Burger King,Chennai,2024-11-14,22:29:49,Burger,Double Whopper,1,299.0,40.0,134.75,UPI,Delivered,49,3.5
ORD_01717,CUST_0355,REST_111,Bawarchi,Delhi,2024-05-17,12:04:30,Biryani,Kolkata Special Biryani,2,350.0,40.0,109.2,UPI,Delivered,27,2.5
ORD_01718,CUST_0669,REST_125,Baskin Robbins,Ahmedabad,2024-03-23,21:46:54,Desserts,Chocolate Truffle Pastry,1,140.0,20.0,0.0,UPI,Delivered,43,
ORD_01719,CUST_0521,REST_111,Bawarchi,Bangalore,2024-03-12,12:58:53,Biryani,Paneer Biryani,3,260.0,0.0,0.0,Cash,Delivered,51,5.0
ORD_01720,CUST_0452,REST_127,Naturals Ice Cream,Hyderabad,2024-10-05,20:00:30,Desserts,Belgian Chocolate Waffle,1,160.0,0.0,66.47,Cash,Delivered,48,5.0
ORD_01721,CUST_0448,REST_132,Chai Point,Bangalore,2024-11-18,19:10:39,Beverages,Caffe Latte,2,220.0,30.0,25.03,Credit Card,Delivered,41,
ORD_01722,CUST_0118,REST_118,Wow! Momo,Chennai,2024-08-07,14:44:03,Chinese,Chicken Fried Rice,1,230.0,40.0,0.0,Cash,Delivered,38,5.0
ORD_01723,CUST_0542,REST_102,Pizza Hut,Hyderabad,2024-12-15,21:12:29,Pizza,Farmhouse Supreme,1,399.0,20.0,73.93,Credit Card,Delivered,53,5.0
ORD_01724,CUST_0426,REST_113,Punjab Grill,Pune,2024-08-06,14:30:46,Indian,Garlic Naan Combo,2,160.0,0.0,0.0,Debit Card,Delivered,35,3.0
ORD_01725,CUST_0020,REST_108,The Burger Club,Pune,2024-05-15,12:01:43,Burger,Fiery Paneer Burger,1,179.0,30.0,99.85,UPI,Delivered,59,5.0
ORD_01726,CUST_0147,REST_109,Paradise Biryani,Pune,2024-03-07,19:22:00,Biryani,Paneer Biryani,1,260.0,0.0,73.04,UPI,Delivered,63,4.5
ORD_01727,CUST_0792,REST_107,Wendy's,Hyderabad,2024-12-28,20:44:15,Burger,Double Whopper,2,299.0,20.0,73.88,Wallet,Delivered,53,5.0
ORD_01728,CUST_0456,REST_115,Haldiram's,Chennai,2024-01-30,17:31:25,Indian,Dal Makhani,1,220.0,30.0,57.2,Cash,Delivered,24,5.0
ORD_01729,CUST_0795,REST_123,Taco Bell,Bangalore,2024-12-17,12:29:28,Fast Food,Paneer Wrap,2,160.0,50.0,42.1,UPI,Pending,28,0.0
ORD_01730,CUST_0020,REST_103,Ovenstory Pizza,Hyderabad,2024-09-30,08:45:48,Pizza,Farmhouse Supreme,2,399.0,0.0,107.38,Credit Card,Delivered,37,3.5
ORD_01731,CUST_0624,REST_123,Taco Bell,Hyderabad,2024-12-04,13:02:20,Fast Food,Cheesy French Fries,2,120.0,30.0,44.36,UPI,Delivered,23,5.0
ORD_01732,CUST_0460,REST_103,Ovenstory Pizza,Hyderabad,2024-08-27,12:28:55,Pizza,Farmhouse Supreme,1,399.0,0.0,0.0,UPI,Delivered,40,2.5
ORD_01733,CUST_0040,REST_122,KFC,Delhi,2024-02-29,14:24:45,Fast Food,Veggie Delight Sub,1,190.0,40.0,0.0,Debit Card,Delivered,47,4.5
ORD_01734,CUST_0134,REST_104,La Pino'z Pizza,Hyderabad,2024-07-18,11:47:15,Pizza,Farmhouse Supreme,2,399.0,50.0,55.15,Cash,Cancelled,0,0.0
ORD_01735,CUST_0478,REST_124,Faasos,Delhi,2024-04-22,22:47:34,Fast Food,Crispy Chicken Bucket,3,480.0,30.0,85.92,UPI,Delivered,53,3.5
ORD_01736,CUST_0525,REST_118,Wow! Momo,Delhi,2024-08-27,20:03:45,Chinese,Manchurian Gravy,3,210.0,50.0,0.0,UPI,Delivered,55,5.0
ORD_01737,CUST_0627,REST_119,Wok Express,Chennai,2024-12-16,16:55:51,Chinese,Schezwan Veg Momos,1,150.0,0.0,78.24,UPI,Cancelled,0,0.0
ORD_01738,CUST_0437,REST_127,Naturals Ice Cream,Bangalore,2024-11-30,22:53:22,Desserts,Belgian Chocolate Waffle,5,160.0,0.0,21.7,Credit Card,Delivered,39,4.5
ORD_01739,CUST_0215,REST_104,La Pino'z Pizza,Kolkata,2024-12-26,21:23:32,Pizza,Cheese Burst Pizza,3,429.0,40.0,32.26,Credit Card,Delivered,60,2.0
ORD_01740,CUST_0388,REST_118,Wow! Momo,Ahmedabad,2024-12-12,20:03:28,Chinese,Chilli Chicken Gravy,2,270.0,0.0,138.01,Cash,Delivered,61,4.0
ORD_01741,CUST_0674,REST_104,La Pino'z Pizza,Mumbai,2024-09-30,20:09:12,Pizza,Cheese Burst Pizza,1,429.0,50.0,0.0,UPI,Cancelled,0,0.0
ORD_01742,CUST_0602,REST_111,Bawarchi,Kolkata,2024-04-05,20:59:52,Biryani,Hyderabadi Chicken Biryani,2,320.0,40.0,0.0,UPI,Delivered,62,4.0
ORD_01743,CUST_0122,REST_130,Chaayos,Chennai,2024-10-31,12:08:08,Beverages,Masala Chai (Flask),1,110.0,40.0,36.06,Credit Card,Delivered,20,4.5
ORD_01744,CUST_0322,REST_124,Faasos,Kolkata,2024-03-17,22:07:30,Fast Food,Crispy Chicken Bucket,1,480.0,20.0,37.0,Wallet,Delivered,54,5.0
ORD_01745,CUST_0402,REST_109,Paradise Biryani,Delhi,2024-10-15,19:40:09,Biryani,Paneer Biryani,1,260.0,0.0,99.37,UPI,Delivered,27,5.0
ORD_01746,CUST_0555,REST_103,Ovenstory Pizza,Hyderabad,2024-05-31,21:15:42,Pizza,Paneer Tikka Pizza,1,349.0,30.0,37.81,Wallet,Delivered,21,5.0
ORD_01747,CUST_0723,REST_125,Baskin Robbins,Kolkata,2024-09-12,14:38:51,Desserts,Gulab Jamun (2 pcs),2,80.0,20.0,0.0,UPI,Delivered,30,4.5
ORD_01748,CUST_0270,REST_101,Domino's Pizza,Pune,2024-04-01,12:25:36,Pizza,Cheese Burst Pizza,1,429.0,20.0,106.81,Debit Card,Delivered,61,5.0
ORD_01749,CUST_0455,REST_121,Subway,Kolkata,2024-02-23,14:02:27,Fast Food,Chicken Zinger Meal,2,299.0,40.0,0.0,Credit Card,Pending,41,0.0
ORD_01750,CUST_0040,REST_114,Barbeque Nation,Mumbai,2024-06-07,13:27:38,Indian,Dal Makhani,1,220.0,20.0,103.68,Credit Card,Delivered,30,4.0
ORD_01751,CUST_0237,REST_112,Meghana Foods,Delhi,2024-03-16,21:14:01,Biryani,Paneer Biryani,1,260.0,20.0,0.0,UPI,Cancelled,0,0.0
ORD_01752,CUST_0129,REST_116,Saravanaa Bhavan,Bangalore,2024-05-23,19:20:18,Indian,Garlic Naan Combo,2,160.0,30.0,49.78,Debit Card,Delivered,53,3.0
ORD_01753,CUST_0199,REST_109,Paradise Biryani,Bangalore,2024-03-26,14:35:03,Biryani,Hyderabadi Chicken Biryani,3,320.0,30.0,43.05,Cash,Delivered,65,3.5
ORD_01754,CUST_0014,REST_104,La Pino'z Pizza,Pune,2024-08-13,21:58:52,Pizza,Farmhouse Supreme,5,399.0,20.0,31.96,Cash,Delivered,48,4.5
ORD_01755,CUST_0268,REST_129,Starbucks,Mumbai,2024-05-19,13:29:29,Beverages,Iced Green Tea,2,130.0,0.0,81.48,Debit Card,Delivered,56,4.5
ORD_01756,,REST_112,Meghana Foods,Chennai,2024-02-01,12:32:50,Biryani,Paneer Biryani,5,260.0,40.0,23.92,Cash,Delivered,25,4.5
ORD_01757,CUST_0201,REST_108,The Burger Club,Ahmedabad,2024-06-20,22:34:32,Burger,Crispy Veg Burger,1,129.0,20.0,0.0,Debit Card,Delivered,42,5.0
ORD_01758,CUST_0592,REST_106,McDonald's,Kolkata,2024-10-25,12:56:11,Burger,Fiery Paneer Burger,2,179.0,30.0,0.0,Credit Card,Delivered,41,4.0
ORD_01759,CUST_0409,REST_105,Burger King,Mumbai,2024-10-11,14:01:33,Burger,Smoky BBQ Burger,1,249.0,0.0,58.07,Credit Card,Delivered,49,3.5
ORD_01760,CUST_0175,REST_132,Chai Point,Mumbai,2024-01-29,13:03:18,Beverages,Cold Coffee with Ice Cream,1,150.0,40.0,118.42,Credit Card,Delivered,46,4.0
ORD_01761,CUST_0301,REST_105,Burger King,Pune,2024-02-04,19:03:43,Burger,Classic Chicken Burger,1,199.0,0.0,60.53,UPI,Delivered,41,5.0
ORD_01762,CUST_0296,REST_110,Behrouz Biryani,Ahmedabad,2024-03-30,19:43:11,Biryani,Paneer Biryani,2,260.0,40.0,54.34,Cash,Delivered,47,4.0
ORD_01763,CUST_0342,REST_127,Naturals Ice Cream,Hyderabad,2024-08-19,16:53:48,Desserts,Nutella Brownie,1,130.0,20.0,57.3,Cash,Delivered,60,4.0
ORD_01764,CUST_0086,REST_117,Mainland China,Pune,2024-04-18,12:50:50,Chinese,Chilli Chicken Gravy,2,270.0,30.0,0.0,Debit Card,Delivered,47,3.0
ORD_01765,CUST_0786,REST_132,Chai Point,Hyderabad,2024-10-20,22:24:34,Beverages,Mango Smoothie,1,160.0,40.0,75.36,Cash,Delivered,23,4.0
ORD_01766,CUST_0614,REST_123,Taco Bell,Mumbai,2024-07-19,12:17:17,Fast Food,Paneer Wrap,2,160.0,0.0,31.63,Credit Card,Delivered,43,5.0
ORD_01767,CUST_0691,REST_131,Cafe Coffee Day,Kolkata,2024-06-18,22:13:11,Beverages,Masala Chai (Flask),1,110.0,20.0,0.0,Wallet,Delivered,24,5.0
ORD_01768,CUST_0709,REST_121,Subway,Mumbai,2024-05-08,13:57:32,Fast Food,Paneer Wrap,2,160.0,30.0,65.02,UPI,Delivered,54,4.5
ORD_01769,CUST_0215,REST_130,Chaayos,Mumbai,2024-12-20,08:56:48,Beverages,Masala Chai (Flask),1,110.0,20.0,0.0,Debit Card,Delivered,40,4.5
ORD_01770,CUST_0679,REST_103,Ovenstory Pizza,Bangalore,2024-05-31,12:52:36,Pizza,Farmhouse Supreme,1,399.0,40.0,116.1,UPI,Delivered,22,3.5
ORD_01771,CUST_0482,REST_120,Berco's,Chennai,2024-07-16,20:37:15,Chinese,Chilli Chicken Gravy,4,270.0,0.0,50.12,UPI,Delivered,29,5.0
ORD_01772,CUST_0470,REST_131,Cafe Coffee Day,Bangalore,2024-01-25,19:51:09,Beverages,Iced Green Tea,2,130.0,20.0,67.53,Debit Card,Delivered,50,4.5
ORD_01773,CUST_0604,REST_131,Cafe Coffee Day,Ahmedabad,2024-05-22,21:56:28,Beverages,Masala Chai (Flask),2,110.0,0.0,0.0,UPI,Cancelled,0,0.0
ORD_01774,CUST_0140,REST_125,Baskin Robbins,Hyderabad,2024-11-04,14:29:21,Desserts,Belgian Chocolate Waffle,2,160.0,0.0,118.61,UPI,Cancelled,0,0.0
ORD_01775,CUST_0028,REST_111,Bawarchi,Delhi,2024-05-26,23:38:15,Biryani,Paneer Biryani,1,260.0,30.0,70.66,UPI,Delivered,53,4.0
ORD_01776,CUST_0136,REST_104,La Pino'z Pizza,Hyderabad,2024-12-02,14:16:33,Pizza,Margherita Pizza,1,249.0,30.0,82.66,UPI,Delivered,46,4.0
ORD_01777,CUST_0255,REST_116,Saravanaa Bhavan,Mumbai,2024-11-29,23:04:34,Indian,Butter Chicken,1,360.0,20.0,0.0,Cash,Cancelled,0,0.0
ORD_01778,CUST_0065,REST_109,Paradise Biryani,Delhi,2024-10-05,13:34:54,Biryani,Mutton Dum Biryani,1,450.0,40.0,63.89,Debit Card,Delivered,38,4.0
ORD_01779,CUST_0638,REST_128,Belgian Waffle Co,Kolkata,2024-06-30,14:53:18,Desserts,Red Velvet Jar Cake,1,175.0,0.0,0.0,Debit Card,Delivered,29,5.0
ORD_01780,CUST_0176,REST_125,Baskin Robbins,Pune,2024-11-10,21:11:34,Desserts,Belgian Chocolate Waffle,1,160.0,20.0,138.05,Wallet,Delivered,20,5.0
ORD_01781,CUST_0082,REST_112,Meghana Foods,Hyderabad,2024-03-26,20:58:01,Biryani,Hyderabadi Chicken Biryani,1,320.0,40.0,114.22,Wallet,Delivered,46,3.0
ORD_01782,CUST_0559,REST_112,Meghana Foods,Pune,2024-12-25,13:11:30,Biryani,Paneer Biryani,1,260.0,40.0,73.99,Credit Card,Delivered,50,1.0
ORD_01783,CUST_0575,REST_120,Berco's,Hyderabad,2024-01-04,14:34:14,Chinese,Veg Hakka Noodles,3,180.0,30.0,39.08,Debit Card,Delivered,58,4.0
ORD_01784,CUST_0351,REST_110,Behrouz Biryani,Pune,2024-08-19,14:49:02,Biryani,Mutton Dum Biryani,1,450.0,30.0,0.0,Cash,Delivered,48,5.0
ORD_01785,CUST_0795,REST_114,Barbeque Nation,Ahmedabad,2024-10-08,22:59:58,Indian,Butter Chicken,1,360.0,20.0,78.13,Credit Card,Delivered,39,5.0
ORD_01786,CUST_0534,REST_132,Chai Point,Hyderabad,2024-05-30,22:30:35,Beverages,Cold Coffee with Ice Cream,1,150.0,0.0,52.11,Cash,Cancelled,0,0.0
ORD_01787,CUST_0661,REST_116,Saravanaa Bhavan,Ahmedabad,2024-07-13,13:17:32,Indian,Dal Makhani,2,220.0,30.0,43.72,Credit Card,Delivered,63,5.0
ORD_01788,CUST_0707,REST_119,Wok Express,Bangalore,2024-09-30,14:28:01,Chinese,Chilli Chicken Gravy,1,270.0,40.0,92.94,Cash,Cancelled,0,0.0
ORD_01789,CUST_0608,REST_112,Meghana Foods,Chennai,2024-01-17,12:40:35,Biryani,Veg Dum Biryani,2,240.0,20.0,0.0,UPI,Delivered,32,3.5
ORD_01790,CUST_0524,REST_106,McDonald's,Mumbai,2024-09-12,22:09:34,Burger,Smoky BBQ Burger,1,249.0,30.0,54.35,UPI,Cancelled,0,0.0
ORD_01791,CUST_0078,REST_101,Domino's Pizza,Mumbai,2024-04-21,21:53:51,Pizza,Farmhouse Supreme,1,399.0,40.0,27.11,Credit Card,Delivered,50,4.0
ORD_01792,CUST_0327,REST_124,Faasos,Pune,2024-07-07,14:42:57,Fast Food,Paneer Wrap,1,160.0,40.0,0.0,UPI,Delivered,41,5.0
ORD_01793,CUST_0665,REST_126,Theobroma,Hyderabad,2024-12-29,13:07:19,Desserts,Nutella Brownie,1,130.0,30.0,116.94,Cash,Cancelled,0,0.0
ORD_01794,CUST_0135,REST_109,Paradise Biryani,Kolkata,2024-12-08,13:49:48,Biryani,Kolkata Special Biryani,1,350.0,30.0,0.0,UPI,Delivered,29,5.0
ORD_01795,CUST_0384,REST_119,Wok Express,Ahmedabad,2024-03-17,20:02:50,Chinese,Chilli Chicken Gravy,3,270.0,20.0,41.21,Cash,Delivered,30,5.0
ORD_01796,CUST_0561,REST_117,Mainland China,Bangalore,2024-07-04,12:11:46,Chinese,Chicken Fried Rice,4,230.0,20.0,35.65,Wallet,Delivered,62,5.0
ORD_01797,CUST_0792,REST_115,Haldiram's,Pune,2024-10-21,20:51:45,Indian,Paneer Butter Masala,1,280.0,50.0,102.13,Debit Card,Delivered,48,4.5
ORD_01798,CUST_0063,REST_120,Berco's,Mumbai,2024-05-09,20:57:09,Chinese,Manchurian Gravy,1,210.0,40.0,0.0,Cash,Delivered,25,5.0
ORD_01799,CUST_0748,REST_119,Wok Express,Hyderabad,2024-02-05,22:44:11,Chinese,Schezwan Veg Momos,3,150.0,40.0,24.8,Cash,Delivered,26,5.0
ORD_01800,CUST_0027,REST_106,McDonald's,Bangalore,2024-02-12,09:05:18,Burger,Smoky BBQ Burger,2,249.0,30.0,28.95,Cash,Delivered,53,4.5
ORD_01801,CUST_0072,REST_127,Naturals Ice Cream,Pune,2024-03-21,19:43:36,Desserts,Belgian Chocolate Waffle,3,160.0,0.0,23.86,UPI,Delivered,53,4.0
ORD_01802,CUST_0097,REST_110,Behrouz Biryani,Ahmedabad,2024-11-16,19:19:59,Biryani,Kolkata Special Biryani,2,350.0,0.0,81.38,Debit Card,Delivered,53,3.0
ORD_01803,CUST_0118,REST_117,Mainland China,Ahmedabad,2024-01-16,20:50:10,Chinese,Chilli Chicken Gravy,1,270.0,20.0,0.0,Credit Card,Delivered,45,5.0
ORD_01804,CUST_0263,REST_127,Naturals Ice Cream,Ahmedabad,2024-09-10,14:09:22,Desserts,Chocolate Truffle Pastry,2,140.0,40.0,0.0,UPI,Delivered,65,5.0
ORD_01805,CUST_0201,REST_105,Burger King,Ahmedabad,2024-06-10,22:54:01,Burger,Crispy Veg Burger,4,129.0,50.0,67.28,UPI,Delivered,47,5.0
ORD_01806,CUST_0623,REST_128,Belgian Waffle Co,Chennai,2024-12-17,14:08:49,Desserts,Gulab Jamun (2 pcs),1,-50.0,40.0,0.0,Cash,Delivered,38,4.5
ORD_01807,CUST_0028,REST_107,Wendy's,Ahmedabad,2024-10-13,12:11:13,Burger,Crispy Veg Burger,1,129.0,0.0,105.47,Debit Card,Delivered,36,5.0
ORD_01808,CUST_0711,REST_110,Behrouz Biryani,Hyderabad,2024-06-20,12:53:36,Biryani,Kolkata Special Biryani,1,350.0,20.0,68.91,Debit Card,Delivered,27,4.0
ORD_01809,CUST_0346,REST_123,Taco Bell,Chennai,2024-04-18,12:57:36,Fast Food,Crispy Chicken Bucket,4,480.0,0.0,143.95,Cash,Delivered,33,4.5
ORD_01810,CUST_0212,REST_116,Saravanaa Bhavan,Ahmedabad,2024-11-21,20:34:01,Indian,Kadhai Paneer,1,270.0,20.0,44.14,Cash,Delivered,35,4.5
ORD_01811,CUST_0729,REST_108,The Burger Club,Chennai,2024-09-08,12:02:25,Burger,Double Whopper,1,299.0,40.0,0.0,Debit Card,Delivered,48,4.5
ORD_01812,CUST_0367,REST_101,Domino's Pizza,Chennai,2024-05-17,19:23:28,Pizza,Margherita Pizza,1,249.0,0.0,59.12,Credit Card,Cancelled,0,0.0
ORD_01813,CUST_0552,REST_105,Burger King,Pune,2024-07-16,14:56:24,Burger,Classic Chicken Burger,1,199.0,50.0,41.98,Credit Card,Delivered,39,5.0
ORD_01814,CUST_0389,REST_118,Wow! Momo,Kolkata,2024-09-13,20:32:48,Chinese,Schezwan Veg Momos,1,150.0,20.0,24.92,UPI,Delivered,36,3.5
ORD_01815,CUST_0648,REST_119,Wok Express,Kolkata,2024-06-30,13:01:00,Chinese,Manchurian Gravy,1,210.0,0.0,81.95,Wallet,Delivered,26,5.0
ORD_01816,CUST_0226,REST_131,Cafe Coffee Day,Pune,2024-12-19,22:47:55,Beverages,Caffe Latte,3,220.0,40.0,92.38,UPI,Delivered,21,2.5
ORD_01817,CUST_0696,REST_102,Pizza Hut,Ahmedabad,2024-01-16,10:26:43,Pizza,Farmhouse Supreme,3,399.0,30.0,0.0,UPI,Delivered,62,4.0
ORD_01818,CUST_0772,REST_115,Haldiram's,Mumbai,2024-11-17,21:12:55,Indian,Kadhai Paneer,2,270.0,40.0,77.54,Credit Card,Delivered,49,3.0
ORD_01819,CUST_0677,REST_107,Wendy's,Kolkata,2024-10-31,16:18:39,Burger,Double Whopper,2,299.0,40.0,36.15,Debit Card,Pending,44,0.0
ORD_01820,CUST_0713,REST_126,Theobroma,Kolkata,2024-06-24,19:00:07,Desserts,Gulab Jamun (2 pcs),1,80.0,0.0,44.58,UPI,Delivered,60,4.0
ORD_01821,CUST_0327,REST_115,Haldiram's,Bangalore,2024-07-28,15:52:10,Indian,Paneer Butter Masala,1,280.0,50.0,59.51,Credit Card,Delivered,20,5.0
ORD_01822,CUST_0477,REST_111,Bawarchi,Delhi,2024-08-17,12:47:47,Biryani,Veg Dum Biryani,1,240.0,30.0,133.36,Wallet,Delivered,36,5.0
ORD_01823,CUST_0296,REST_115,Haldiram's,Bangalore,2024-03-17,14:40:13,Indian,Dal Makhani,1,220.0,50.0,128.47,Debit Card,Delivered,54,1.0
ORD_01824,CUST_0214,REST_112,Meghana Foods,Mumbai,2024-07-12,22:45:30,Biryani,Veg Dum Biryani,1,240.0,0.0,0.0,Cash,Cancelled,0,0.0
ORD_01825,CUST_0067,REST_103,Ovenstory Pizza,Ahmedabad,2024-01-02,14:07:07,Pizza,Margherita Pizza,5,249.0,0.0,0.0,Wallet,Delivered,42,4.0
ORD_01826,CUST_0106,REST_104,La Pino'z Pizza,Hyderabad,2024-06-04,21:55:58,Pizza,Farmhouse Supreme,1,399.0,50.0,139.35,Credit Card,Pending,25,0.0
ORD_01827,CUST_0739,REST_120,Berco's,Ahmedabad,2024-01-03,19:40:09,Chinese,Schezwan Veg Momos,1,150.0,20.0,0.0,UPI,Delivered,59,4.0
ORD_01828,CUST_0032,REST_112,Meghana Foods,Bangalore,2024-10-19,09:39:26,Biryani,Kolkata Special Biryani,2,350.0,40.0,28.16,UPI,Cancelled,0,0.0
ORD_01829,CUST_0563,REST_124,Faasos,Hyderabad,2024-07-28,20:06:49,Fast Food,Crispy Chicken Bucket,2,480.0,0.0,0.0,Wallet,Delivered,65,4.5
ORD_01830,CUST_0458,REST_116,Saravanaa Bhavan,Mumbai,2024-02-01,14:48:46,Indian,Kadhai Paneer,1,270.0,40.0,145.44,UPI,Delivered,63,5.0
ORD_01831,CUST_0528,REST_119,Wok Express,Hyderabad,2024-03-20,14:27:31,Chinese,Manchurian Gravy,2,210.0,50.0,42.52,Credit Card,Delivered,40,5.0
ORD_01832,CUST_0294,REST_124,Faasos,Chennai,2024-08-14,22:25:23,Fast Food,Cheesy French Fries,2,120.0,0.0,113.24,Cash,Delivered,55,5.0
ORD_01833,CUST_0359,REST_102,Pizza Hut,Mumbai,2024-06-19,12:03:11,Pizza,Farmhouse Supreme,1,399.0,20.0,74.54,UPI,Delivered,65,4.5
ORD_01834,CUST_0262,REST_111,Bawarchi,Kolkata,2024-04-24,19:29:48,Biryani,Kolkata Special Biryani,2,350.0,30.0,77.94,UPI,Delivered,45,4.5
ORD_01835,CUST_0153,REST_132,Chai Point,Chennai,2024-07-07,21:45:35,Beverages,Mango Smoothie,1,160.0,50.0,21.36,Credit Card,Delivered,31,4.5
ORD_01836,CUST_0418,REST_114,Barbeque Nation,Hyderabad,2024-08-10,21:08:09,Indian,Garlic Naan Combo,1,160.0,30.0,28.76,Wallet,Delivered,47,5.0
ORD_01837,CUST_0225,REST_110,Behrouz Biryani,Ahmedabad,2024-10-23,19:14:51,Biryani,Veg Dum Biryani,1,240.0,40.0,130.0,Credit Card,Delivered,52,4.0
ORD_01838,CUST_0671,REST_117,Mainland China,Hyderabad,2024-08-16,20:12:14,Chinese,Chicken Fried Rice,3,230.0,20.0,54.77,Cash,Delivered,31,4.5
ORD_01839,CUST_0650,REST_111,Bawarchi,Delhi,2024-10-07,12:17:29,Biryani,Kolkata Special Biryani,1,350.0,0.0,64.05,Cash,Delivered,61,4.0
ORD_01840,CUST_0432,REST_104,La Pino'z Pizza,Pune,2024-07-08,19:19:19,Pizza,Farmhouse Supreme,2,399.0,20.0,0.0,Cash,Delivered,32,4.5
ORD_01841,CUST_0446,REST_103,Ovenstory Pizza,Chennai,2024-12-31,22:12:41,Pizza,Pepperoni Feast,4,499.0,50.0,49.11,Cash,Delivered,26,4.5
ORD_01842,CUST_0651,REST_116,Saravanaa Bhavan,Mumbai,2024-11-06,14:43:33,Indian,Kadhai Paneer,3,270.0,20.0,0.0,UPI,Delivered,24,4.5
ORD_01843,CUST_0596,REST_123,Taco Bell,Pune,2024-12-14,12:08:21,Fast Food,Crispy Chicken Bucket,1,480.0,40.0,70.13,Cash,Delivered,60,4.0
ORD_01844,,REST_120,Berco's,Hyderabad,2024-08-29,21:53:36,Chinese,Schezwan Veg Momos,2,150.0,50.0,27.83,Cash,Delivered,23,3.0
ORD_01845,CUST_0541,REST_111,Bawarchi,Kolkata,2024-08-28,20:06:20,Biryani,Mutton Dum Biryani,1,450.0,40.0,0.0,Credit Card,Delivered,54,4.0
ORD_01846,CUST_0611,REST_123,Taco Bell,Chennai,2024-04-12,13:20:50,Fast Food,Crispy Chicken Bucket,2,480.0,40.0,62.83,Credit Card,Delivered,48,5.0
ORD_01847,CUST_0033,REST_109,Paradise Biryani,Mumbai,2024-12-05,22:13:24,Biryani,Hyderabadi Chicken Biryani,2,320.0,20.0,73.51,UPI,Delivered,47,5.0
ORD_01848,CUST_0191,REST_115,Haldiram's,Bangalore,2024-08-19,20:38:04,Indian,Kadhai Paneer,1,270.0,40.0,0.0,UPI,Delivered,56,5.0
ORD_01849,CUST_0442,REST_104,La Pino'z Pizza,Pune,2024-03-19,13:59:48,Pizza,Pepperoni Feast,1,499.0,50.0,122.1,UPI,Delivered,40,4.5
ORD_01850,CUST_0287,REST_132,Chai Point,Delhi,2024-11-11,14:12:31,Beverages,Cold Coffee with Ice Cream,1,150.0,40.0,0.0,Wallet,Delivered,60,4.5
ORD_01851,CUST_0111,REST_119,Wok Express,Mumbai,2024-05-06,21:27:36,Chinese,Schezwan Veg Momos,3,150.0,30.0,134.46,Credit Card,Pending,37,0.0
ORD_01852,CUST_0563,REST_122,KFC,Mumbai,2024-10-20,21:24:27,Fast Food,Paneer Wrap,1,160.0,0.0,44.34,Credit Card,Delivered,46,4.5
ORD_01853,CUST_0772,REST_131,Cafe Coffee Day,Hyderabad,2024-05-15,22:32:20,Beverages,Caffe Latte,2,220.0,50.0,0.0,UPI,Delivered,27,5.0
ORD_01854,CUST_0585,REST_120,Berco's,Pune,2024-11-23,20:19:49,Chinese,Manchurian Gravy,3,210.0,30.0,0.0,UPI,Delivered,25,5.0
ORD_01855,CUST_0365,REST_102,Pizza Hut,Pune,2024-08-19,19:13:21,Pizza,Cheese Burst Pizza,3,429.0,40.0,41.0,UPI,Delivered,21,5.0
ORD_01856,CUST_0452,REST_132,Chai Point,Chennai,2024-03-03,12:27:05,Beverages,Iced Green Tea,1,130.0,0.0,78.32,Credit Card,Delivered,61,4.5
ORD_01857,CUST_0360,REST_105,Burger King,Pune,2024-06-03,20:13:13,Burger,Crispy Veg Burger,1,129.0,50.0,59.33,UPI,Delivered,32,4.5
ORD_01858,CUST_0001,REST_111,Bawarchi,Mumbai,2024-04-08,08:06:56,Biryani,Kolkata Special Biryani,3,350.0,0.0,0.0,UPI,Delivered,47,5.0
ORD_01859,CUST_0384,REST_125,Baskin Robbins,Mumbai,2024-05-31,14:07:12,Desserts,Nutella Brownie,3,130.0,30.0,0.0,UPI,Delivered,24,4.0
ORD_01860,CUST_0608,REST_128,Belgian Waffle Co,Hyderabad,2024-09-13,14:31:04,Desserts,Chocolate Truffle Pastry,1,140.0,50.0,0.0,UPI,Cancelled,0,0.0
ORD_01861,CUST_0209,REST_121,Subway,Bangalore,2024-12-25,22:05:09,Fast Food,Chicken Zinger Meal,4,299.0,20.0,0.0,UPI,Delivered,35,4.5
ORD_01862,CUST_0139,REST_117,Mainland China,Mumbai,2024-04-19,14:04:59,Chinese,Veg Hakka Noodles,4,180.0,40.0,50.56,UPI,Delivered,34,4.5
ORD_01863,CUST_0109,REST_112,Meghana Foods,Delhi,2024-01-17,12:24:37,Biryani,Mutton Dum Biryani,5,450.0,30.0,107.2,Cash,Delivered,25,5.0
ORD_01864,CUST_0659,REST_105,Burger King,Delhi,2024-12-08,15:55:43,Burger,Double Whopper,2,299.0,50.0,89.68,UPI,Delivered,65,4.5
ORD_01865,CUST_0738,REST_104,La Pino'z Pizza,Bangalore,2024-04-23,21:52:42,Pizza,Pepperoni Feast,1,499.0,40.0,57.81,Credit Card,Pending,23,0.0
ORD_01866,CUST_0597,REST_108,The Burger Club,Pune,2024-01-25,19:01:22,Burger,Smoky BBQ Burger,1,249.0,0.0,0.0,UPI,Delivered,45,5.0
ORD_01867,CUST_0281,REST_103,Ovenstory Pizza,Delhi,2024-07-27,10:44:39,Pizza,Farmhouse Supreme,1,399.0,0.0,0.0,Credit Card,Delivered,33,5.0
ORD_01868,CUST_0270,REST_121,Subway,Chennai,2024-01-06,14:21:53,Fast Food,Chicken Zinger Meal,3,299.0,50.0,0.0,Credit Card,Delivered,47,5.0
ORD_01869,CUST_0609,REST_121,Subway,Hyderabad,2024-05-12,21:05:19,Fast Food,Chicken Zinger Meal,1,299.0,50.0,35.97,UPI,Cancelled,0,0.0
ORD_01870,CUST_0454,REST_111,Bawarchi,Pune,2024-12-11,17:29:25,Biryani,Mutton Dum Biryani,2,450.0,50.0,0.0,Cash,Delivered,20,5.0
ORD_01871,CUST_0293,REST_112,Meghana Foods,Ahmedabad,2024-08-28,20:56:33,Biryani,Hyderabadi Chicken Biryani,1,320.0,0.0,0.0,Credit Card,Delivered,26,4.5
ORD_01872,CUST_0398,REST_108,The Burger Club,Delhi,2024-03-11,20:27:00,Burger,Fiery Paneer Burger,2,179.0,30.0,27.01,Credit Card,Delivered,53,4.5
ORD_01873,CUST_0692,REST_129,Starbucks,Pune,2024-07-21,20:53:31,Beverages,Cold Coffee with Ice Cream,2,150.0,30.0,0.0,UPI,Delivered,49,2.5
ORD_01874,CUST_0735,REST_122,KFC,Bangalore,2024-04-01,18:09:21,Fast Food,Cheesy French Fries,3,120.0,40.0,75.05,UPI,Delivered,57,5.0
ORD_01875,CUST_0065,REST_109,Paradise Biryani,Ahmedabad,2024-01-29,20:00:40,Biryani,Veg Dum Biryani,1,240.0,20.0,0.0,Credit Card,Delivered,25,4.5
ORD_01876,CUST_0424,REST_122,KFC,Mumbai,2024-12-05,20:08:46,Fast Food,Cheesy French Fries,2,120.0,0.0,0.0,UPI,Delivered,55,5.0
ORD_01877,CUST_0763,REST_107,Wendy's,Hyderabad,2024-05-23,23:32:14,Burger,Crispy Veg Burger,1,129.0,20.0,54.93,Debit Card,Delivered,52,5.0
ORD_01878,CUST_0047,REST_105,Burger King,Bangalore,2024-09-28,19:13:31,Burger,Fiery Paneer Burger,2,179.0,50.0,142.59,Cash,Delivered,59,5.0
ORD_01879,CUST_0698,REST_111,Bawarchi,Pune,2024-07-28,22:33:49,Biryani,Mutton Dum Biryani,2,450.0,40.0,125.95,UPI,Delivered,36,4.0
ORD_01880,CUST_0131,REST_115,Haldiram's,Pune,2024-09-24,12:12:47,Indian,Kadhai Paneer,2,270.0,40.0,86.18,UPI,Delivered,26,4.0
ORD_01881,CUST_0120,REST_130,Chaayos,Delhi,2024-01-13,20:16:21,Beverages,Iced Green Tea,1,130.0,50.0,30.27,Wallet,Delivered,34,4.5
ORD_01882,CUST_0389,REST_102,Pizza Hut,Pune,2024-10-06,17:20:45,Pizza,Cheese Burst Pizza,2,429.0,50.0,59.76,UPI,Delivered,38,5.0
ORD_01883,CUST_0221,REST_122,KFC,Pune,2024-07-09,12:25:08,Fast Food,Crispy Chicken Bucket,1,480.0,0.0,36.25,Debit Card,Delivered,34,5.0
ORD_01884,CUST_0125,REST_125,Baskin Robbins,Mumbai,2024-05-26,22:59:19,Desserts,Belgian Chocolate Waffle,1,160.0,40.0,0.0,Wallet,Delivered,56,4.0
ORD_01885,CUST_0100,REST_122,KFC,Delhi,2024-05-04,22:10:39,Fast Food,Veggie Delight Sub,1,190.0,50.0,25.07,Credit Card,Delivered,58,5.0
ORD_01886,CUST_0615,REST_123,Taco Bell,Ahmedabad,2024-07-30,14:33:33,Fast Food,Paneer Wrap,1,160.0,40.0,22.95,Credit Card,Cancelled,0,0.0
ORD_01887,CUST_0119,REST_112,Meghana Foods,Kolkata,2024-05-10,22:58:14,Biryani,Paneer Biryani,1,260.0,40.0,118.75,UPI,Cancelled,0,0.0
ORD_01888,CUST_0165,REST_110,Behrouz Biryani,Bangalore,2024-06-13,19:59:56,Biryani,Paneer Biryani,1,260.0,30.0,57.72,Wallet,Delivered,65,3.5
ORD_01889,CUST_0406,REST_120,Berco's,Ahmedabad,2024-09-11,22:01:14,Chinese,Schezwan Veg Momos,1,150.0,40.0,148.65,UPI,Delivered,61,2.5
ORD_01890,CUST_0735,REST_110,Behrouz Biryani,Bangalore,2024-04-02,12:07:37,Biryani,Hyderabadi Chicken Biryani,3,320.0,20.0,112.76,Debit Card,Delivered,48,4.5
ORD_01891,CUST_0451,REST_127,Naturals Ice Cream,Bangalore,2024-11-02,19:58:19,Desserts,Red Velvet Jar Cake,2,175.0,30.0,74.91,UPI,Delivered,20,3.0
ORD_01892,CUST_0407,REST_119,Wok Express,Mumbai,2024-02-18,21:41:58,Chinese,Chicken Fried Rice,1,230.0,30.0,59.99,Cash,Pending,22,0.0
ORD_01893,CUST_0534,REST_127,Naturals Ice Cream,Chennai,2024-03-19,13:07:01,Desserts,Chocolate Truffle Pastry,3,140.0,20.0,57.52,Cash,Delivered,37,4.5
ORD_01894,CUST_0231,REST_117,Mainland China,Pune,2024-12-18,13:37:22,Chinese,Veg Hakka Noodles,4,180.0,50.0,128.23,Cash,Delivered,22,4.5
ORD_01895,CUST_0773,REST_106,McDonald's,Hyderabad,2024-04-09,20:21:36,Burger,Fiery Paneer Burger,1,179.0,40.0,43.52,Cash,Delivered,54,5.0
ORD_01896,CUST_0436,REST_115,Haldiram's,Delhi,2024-09-05,19:37:22,Indian,Paneer Butter Masala,1,280.0,50.0,0.0,Cash,Delivered,37,5.0
ORD_01897,CUST_0134,REST_113,Punjab Grill,Hyderabad,2024-07-26,19:02:06,Indian,Garlic Naan Combo,1,160.0,20.0,38.39,Cash,Delivered,36,5.0
ORD_01898,CUST_0258,REST_109,Paradise Biryani,Ahmedabad,2024-10-26,12:00:55,Biryani,Veg Dum Biryani,2,240.0,40.0,0.0,Wallet,Delivered,34,3.5
ORD_01899,CUST_0019,REST_107,Wendy's,Chennai,2024-04-24,12:24:29,Burger,Fiery Paneer Burger,2,179.0,50.0,56.65,UPI,Delivered,20,4.5
ORD_01900,CUST_0047,REST_116,Saravanaa Bhavan,Bangalore,2024-08-09,20:03:23,Indian,Butter Chicken,1,360.0,40.0,44.14,UPI,Delivered,41,4.5
ORD_01901,CUST_0681,REST_124,Faasos,Kolkata,2024-04-10,22:29:00,Fast Food,Paneer Wrap,1,160.0,30.0,0.0,Cash,Delivered,47,4.0
ORD_01902,CUST_0188,REST_104,La Pino'z Pizza,Pune,2024-06-23,14:44:34,Pizza,Cheese Burst Pizza,3,429.0,50.0,23.46,Debit Card,Delivered,61,4.5
ORD_01903,CUST_0356,REST_131,Cafe Coffee Day,Pune,2024-12-22,21:17:17,Beverages,Caffe Latte,3,220.0,0.0,0.0,UPI,Delivered,49,4.0
ORD_01904,CUST_0784,REST_127,Naturals Ice Cream,Kolkata,2024-09-22,14:24:24,Desserts,Belgian Chocolate Waffle,2,160.0,50.0,73.48,Credit Card,Delivered,58,4.0
ORD_01905,CUST_0454,REST_121,Subway,Chennai,2024-05-09,21:15:28,Fast Food,Veggie Delight Sub,1,190.0,50.0,50.75,UPI,Delivered,51,4.5
ORD_01906,CUST_0233,REST_121,Subway,Chennai,2024-08-13,19:17:35,Fast Food,Veggie Delight Sub,3,190.0,0.0,111.15,UPI,Delivered,31,5.0
ORD_01907,,REST_109,Paradise Biryani,Hyderabad,2024-07-27,13:47:33,Biryani,Mutton Dum Biryani,1,450.0,30.0,77.19,UPI,Delivered,35,5.0
ORD_01908,CUST_0396,REST_111,Bawarchi,Hyderabad,2024-06-09,20:26:23,Biryani,Hyderabadi Chicken Biryani,1,320.0,50.0,51.98,UPI,Cancelled,0,0.0
ORD_01909,CUST_0479,REST_127,Naturals Ice Cream,Chennai,2024-08-09,15:13:54,Desserts,Gulab Jamun (2 pcs),3,80.0,20.0,89.74,Credit Card,Delivered,34,5.0
ORD_01910,CUST_0055,REST_105,Burger King,Chennai,2024-01-11,22:27:02,Burger,Crispy Veg Burger,1,129.0,50.0,0.0,Debit Card,Delivered,43,5.0
ORD_01911,CUST_0607,REST_132,Chai Point,Ahmedabad,2024-09-22,20:55:53,Beverages,Caffe Latte,1,220.0,0.0,0.0,UPI,Delivered,59,4.5
ORD_01912,CUST_0485,REST_121,Subway,Hyderabad,2024-12-08,13:26:02,Fast Food,Cheesy French Fries,1,120.0,40.0,0.0,UPI,Delivered,39,4.5
ORD_01913,CUST_0493,REST_106,McDonald's,Delhi,2024-04-03,22:59:06,Burger,Smoky BBQ Burger,3,249.0,50.0,0.0,UPI,Delivered,41,4.5
ORD_01914,CUST_0305,REST_114,Barbeque Nation,Delhi,2024-07-29,22:00:21,Indian,Garlic Naan Combo,3,160.0,50.0,75.88,Cash,Delivered,58,4.0
ORD_01915,CUST_0657,REST_105,Burger King,Kolkata,2024-05-16,19:29:33,Burger,Fiery Paneer Burger,1,179.0,50.0,36.58,Cash,Delivered,30,4.0
ORD_01916,CUST_0530,REST_130,Chaayos,Kolkata,2024-06-17,14:43:00,Beverages,Mango Smoothie,3,160.0,30.0,46.36,Cash,Delivered,30,5.0
ORD_01917,CUST_0519,REST_127,Naturals Ice Cream,Hyderabad,2024-02-12,14:33:20,Desserts,Red Velvet Jar Cake,2,175.0,50.0,146.11,Wallet,Cancelled,0,0.0
ORD_01918,CUST_0675,REST_113,Punjab Grill,Kolkata,2024-04-05,09:29:40,Indian,Butter Chicken,3,360.0,40.0,0.0,Credit Card,Delivered,45,4.5
ORD_01919,CUST_0128,REST_110,Behrouz Biryani,Kolkata,2024-03-07,14:42:39,Biryani,Hyderabadi Chicken Biryani,1,320.0,20.0,0.0,Wallet,Delivered,28,3.0
ORD_01920,CUST_0410,REST_117,Mainland China,Kolkata,2024-01-16,14:37:07,Chinese,Chicken Fried Rice,3,230.0,30.0,138.12,credit card,Delivered,31,3.0
ORD_01921,CUST_0150,REST_113,Punjab Grill,Kolkata,2024-06-16,21:08:12,Indian,Kadhai Paneer,1,270.0,50.0,0.0,UPI,Pending,32,0.0
ORD_01922,CUST_0130,REST_117,Mainland China,Mumbai,2024-10-17,19:58:22,Chinese,Veg Hakka Noodles,1,180.0,30.0,31.96,Cash,Delivered,49,4.5
ORD_01923,CUST_0601,REST_119,Wok Express,Bangalore,2024-05-01,12:23:54,Chinese,Chilli Chicken Gravy,1,270.0,20.0,67.28,UPI,Delivered,26,4.5
ORD_01924,CUST_0135,REST_107,Wendy's,Kolkata,2024-07-04,22:43:26,Burger,Double Whopper,2,299.0,50.0,24.36,Debit Card,Delivered,33,5.0
ORD_01925,CUST_0589,REST_123,Taco Bell,Pune,2024-09-13,12:43:51,Fast Food,Cheesy French Fries,1,120.0,30.0,35.49,Credit Card,Cancelled,0,0.0
ORD_01926,CUST_0755,REST_111,Bawarchi,Mumbai,2024-07-27,09:15:58,Biryani,Veg Dum Biryani,1,240.0,40.0,105.97,Wallet,Delivered,40,4.5
ORD_01927,CUST_0216,REST_121,Subway,Kolkata,2024-09-16,12:42:09,Fast Food,Crispy Chicken Bucket,1,480.0,30.0,0.0,Credit Card,Delivered,49,3.0
ORD_01928,CUST_0589,REST_123,Taco Bell,Bangalore,2024-03-05,22:09:54,Fast Food,Crispy Chicken Bucket,1,480.0,50.0,93.62,Cash,Delivered,19,4.5
ORD_01929,CUST_0339,REST_119,Wok Express,Kolkata,2024-12-18,22:57:16,Chinese,Manchurian Gravy,4,210.0,0.0,27.29,Credit Card,Delivered,44,4.0
ORD_01930,CUST_0158,REST_122,KFC,Kolkata,2024-01-16,22:27:28,Fast Food,Cheesy French Fries,1,120.0,0.0,26.82,UPI,Delivered,27,4.5
ORD_01931,CUST_0407,REST_113,Punjab Grill,Kolkata,2024-07-07,14:17:06,Indian,Dal Makhani,1,220.0,0.0,0.0,UPI,Delivered,53,5.0
ORD_01932,CUST_0365,REST_124,Faasos,Kolkata,2024-03-03,14:42:13,Fast Food,Veggie Delight Sub,1,190.0,40.0,67.34,UPI,Delivered,53,3.5
ORD_01933,CUST_0777,REST_117,Mainland China,Mumbai,2024-09-14,14:03:18,Chinese,Veg Hakka Noodles,1,180.0,40.0,0.0,Debit Card,Delivered,53,5.0
ORD_01934,CUST_0641,REST_114,Barbeque Nation,Ahmedabad,2024-10-11,19:49:39,Indian,Garlic Naan Combo,2,160.0,20.0,125.12,UPI,Delivered,51,2.0
ORD_01935,CUST_0662,REST_105,Burger King,Mumbai,2024-07-09,14:38:05,Burger,Classic Chicken Burger,1,199.0,30.0,87.99,UPI,Delivered,20,4.5
ORD_01936,CUST_0695,REST_116,Saravanaa Bhavan,Hyderabad,2024-09-12,12:58:00,Indian,Butter Chicken,2,360.0,20.0,55.0,Cash,Cancelled,0,0.0
ORD_01937,CUST_0065,REST_119,Wok Express,Hyderabad,2024-09-23,22:49:28,Chinese,Schezwan Veg Momos,1,150.0,20.0,35.01,Debit Card,Delivered,18,4.5
ORD_01938,CUST_0717,REST_111,Bawarchi,Delhi,2024-07-26,13:17:09,Biryani,Mutton Dum Biryani,2,450.0,40.0,0.0,Debit Card,Delivered,59,4.5
ORD_01939,CUST_0784,REST_132,Chai Point,Bangalore,2024-05-02,14:20:33,Beverages,Mango Smoothie,1,160.0,50.0,65.36,UPI,Delivered,28,5.0
ORD_01940,CUST_0680,REST_119,Wok Express,Delhi,2024-11-08,21:15:05,Chinese,Schezwan Veg Momos,3,150.0,30.0,105.25,Credit Card,Delivered,35,5.0
ORD_01941,CUST_0388,REST_127,Naturals Ice Cream,Mumbai,2024-07-17,19:57:07,Desserts,Nutella Brownie,2,130.0,50.0,0.0,UPI,Delivered,27,5.0
ORD_01942,CUST_0646,REST_120,Berco's,Bangalore,2024-09-08,19:14:29,Chinese,Manchurian Gravy,1,210.0,40.0,62.54,UPI,Delivered,63,5.0
ORD_01943,CUST_0504,REST_124,Faasos,Chennai,2024-05-05,21:50:21,Fast Food,Paneer Wrap,1,160.0,40.0,70.23,UPI,Delivered,60,4.5
ORD_01944,CUST_0381,REST_125,Baskin Robbins,Ahmedabad,2024-06-29,20:58:25,Desserts,Chocolate Truffle Pastry,2,140.0,40.0,34.36,UPI,Delivered,31,2.5
ORD_01945,CUST_0170,REST_103,Ovenstory Pizza,Ahmedabad,2024-02-24,22:22:12,Pizza,Paneer Tikka Pizza,3,349.0,30.0,0.0,UPI,Delivered,61,4.5
ORD_01946,CUST_0467,REST_122,KFC,Delhi,2024-05-07,19:36:33,Fast Food,Crispy Chicken Bucket,1,480.0,0.0,105.66,Cash,Delivered,38,3.5
ORD_01947,CUST_0051,REST_118,Wow! Momo,Delhi,2024-04-05,23:57:27,Chinese,Chicken Fried Rice,1,230.0,20.0,0.0,Cash,Delivered,63,5.0
ORD_01948,CUST_0213,REST_105,Burger King,Hyderabad,2024-01-21,10:47:52,Burger,Fiery Paneer Burger,1,179.0,0.0,26.98,UPI,Delivered,47,3.0
ORD_01949,CUST_0303,REST_121,Subway,Pune,2024-03-08,14:11:22,Fast Food,Cheesy French Fries,2,120.0,40.0,0.0,UPI,Delivered,38,3.0
ORD_01950,CUST_0199,REST_117,Mainland China,Mumbai,2024-09-02,19:07:14,Chinese,Schezwan Veg Momos,1,150.0,0.0,0.0,Credit Card,Cancelled,0,0.0
ORD_01951,CUST_0112,REST_131,Cafe Coffee Day,Pune,2024-04-12,11:18:28,Beverages,Masala Chai (Flask),1,110.0,20.0,0.0,UPI,Delivered,46,5.0
ORD_01952,CUST_0184,REST_128,Belgian Waffle Co,Pune,2024-07-22,13:14:12,Desserts,Belgian Chocolate Waffle,1,160.0,40.0,100.48,UPI,Delivered,34,4.5
ORD_01953,CUST_0154,REST_130,Chaayos,Pune,2024-12-11,22:47:03,Beverages,Cold Coffee with Ice Cream,1,150.0,30.0,0.0,UPI,Pending,43,0.0
ORD_01954,CUST_0702,REST_129,Starbucks,Pune,2024-10-23,22:04:49,Beverages,Mango Smoothie,1,160.0,20.0,0.0,Cash,Delivered,47,3.5
ORD_01955,CUST_0185,REST_122,KFC,Hyderabad,2024-04-27,15:01:40,Fast Food,Paneer Wrap,3,160.0,30.0,60.37,Credit Card,Pending,33,0.0
ORD_01956,CUST_0058,REST_118,Wow! Momo,Ahmedabad,2024-02-25,15:02:09,Chinese,Chicken Fried Rice,1,230.0,40.0,42.67,Cash,Delivered,61,5.0
ORD_01957,CUST_0026,REST_103,Ovenstory Pizza,Bangalore,2024-11-30,18:45:19,Pizza,Margherita Pizza,1,249.0,0.0,82.39,Cash,Delivered,43,4.0
ORD_01958,CUST_0230,REST_114,Barbeque Nation,Pune,2024-06-10,13:44:19,Indian,Paneer Butter Masala,1,280.0,0.0,0.0,Credit Card,Cancelled,0,0.0
ORD_01959,CUST_0790,REST_116,Saravanaa Bhavan,Chennai,2024-01-17,12:06:50,Indian,Garlic Naan Combo,1,160.0,30.0,26.12,UPI,Delivered,57,5.0
ORD_01960,CUST_0230,REST_129,Starbucks,Hyderabad,2024-11-24,19:24:33,Beverages,Mango Smoothie,1,160.0,40.0,40.62,UPI,Delivered,65,5.0
ORD_01961,CUST_0577,REST_101,Domino's Pizza,Hyderabad,2024-12-17,21:57:52,Pizza,Margherita Pizza,2,249.0,40.0,50.15,UPI,Delivered,49,4.5
ORD_01962,CUST_0385,REST_129,Starbucks,Chennai,2024-11-04,16:46:19,Beverages,Iced Green Tea,1,130.0,30.0,64.08,UPI,Pending,31,0.0
ORD_01963,CUST_0758,REST_115,Haldiram's,Kolkata,2024-01-11,13:55:23,Indian,Garlic Naan Combo,1,160.0,30.0,67.81,Cash,Cancelled,0,0.0
ORD_01964,CUST_0151,REST_129,Starbucks,Bangalore,2024-12-04,21:01:48,beverages,Iced Green Tea,1,130.0,40.0,136.43,UPI,Delivered,50,3.5
ORD_01965,CUST_0121,REST_116,Saravanaa Bhavan,Mumbai,2024-10-27,14:17:54,Indian,Paneer Butter Masala,2,280.0,50.0,0.0,Cash,Delivered,30,1.0
ORD_01966,CUST_0416,REST_103,Ovenstory Pizza,Bangalore,2024-08-24,13:54:31,Pizza,Cheese Burst Pizza,2,429.0,0.0,0.0,Cash,Delivered,42,4.5
ORD_01967,CUST_0103,REST_124,Faasos,Delhi,2024-07-24,19:31:28,Fast Food,Paneer Wrap,1,160.0,30.0,102.15,Credit Card,Delivered,25,1.0
ORD_01968,CUST_0153,REST_121,Subway,Mumbai,2024-07-07,14:53:36,Fast Food,Veggie Delight Sub,4,190.0,40.0,129.8,Credit Card,Delivered,40,5.0
ORD_01969,CUST_0109,REST_131,Cafe Coffee Day,Pune,2024-08-01,12:23:34,Beverages,Iced Green Tea,1,130.0,20.0,46.95,Cash,Delivered,36,4.5
ORD_01970,CUST_0383,REST_118,Wow! Momo,Kolkata,2024-04-30,22:48:07,Chinese,Manchurian Gravy,1,210.0,20.0,138.18,Cash,Delivered,42,3.0
ORD_01971,CUST_0592,REST_112,Meghana Foods,Delhi,2024-02-27,14:26:37,Biryani,Kolkata Special Biryani,2,350.0,20.0,57.3,UPI,Delivered,53,4.5
ORD_01972,CUST_0329,REST_112,Meghana Foods,Pune,2024-04-28,21:11:27,Biryani,Veg Dum Biryani,2,240.0,0.0,0.0,Credit Card,Delivered,49,5.0
ORD_01973,CUST_0117,REST_112,Meghana Foods,Bangalore,2024-12-06,13:47:23,Biryani,Paneer Biryani,1,260.0,20.0,29.09,UPI,Delivered,23,4.5
ORD_01974,CUST_0442,REST_102,Pizza Hut,Kolkata,2024-11-29,22:23:53,Pizza,Cheese Burst Pizza,2,429.0,0.0,0.0,Wallet,Delivered,49,4.0
ORD_01975,CUST_0577,REST_131,Cafe Coffee Day,Delhi,2024-02-07,17:13:19,Beverages,Caffe Latte,2,220.0,20.0,0.0,Cash,Delivered,22,4.0
ORD_01976,CUST_0033,REST_130,Chaayos,Bangalore,2024-11-12,19:46:50,Beverages,Cold Coffee with Ice Cream,1,150.0,50.0,40.52,Cash,Pending,25,0.0
ORD_01977,CUST_0263,REST_113,Punjab Grill,Hyderabad,2024-10-01,22:00:51,Indian,Garlic Naan Combo,1,160.0,30.0,0.0,UPI,Delivered,32,4.0
ORD_01978,CUST_0280,REST_105,Burger King,Chennai,2024-01-09,22:49:47,Burger,Crispy Veg Burger,2,129.0,30.0,39.18,Debit Card,Delivered,18,5.0
ORD_01979,CUST_0073,REST_106,McDonald's,Pune,2024-11-17,13:28:20,Burger,Double Whopper,1,299.0,30.0,141.58,UPI,Delivered,63,4.5
ORD_01980,CUST_0307,REST_124,Faasos,Ahmedabad,2024-11-25,22:18:53,Fast Food,Crispy Chicken Bucket,4,480.0,20.0,36.6,Wallet,Cancelled,0,0.0
ORD_01981,CUST_0167,REST_109,Paradise Biryani,Mumbai,2024-06-23,20:39:45,Biryani,Mutton Dum Biryani,2,450.0,20.0,51.33,UPI,Delivered,23,4.0
ORD_01982,CUST_0303,REST_120,Berco's,Hyderabad,2024-02-01,18:53:59,Chinese,Schezwan Veg Momos,1,150.0,0.0,22.78,UPI,Delivered,54,4.5
ORD_01983,CUST_0053,REST_121,Subway,Ahmedabad,2024-04-07,19:16:40,Fast Food,Chicken Zinger Meal,2,299.0,0.0,20.03,UPI,Delivered,24,4.5
ORD_01984,CUST_0393,REST_124,Faasos,Mumbai,2024-12-06,18:17:07,Fast Food,Cheesy French Fries,1,120.0,20.0,39.78,Credit Card,Delivered,39,2.0
ORD_01985,CUST_0069,REST_127,Naturals Ice Cream,Kolkata,2024-02-29,14:06:42,Desserts,Nutella Brownie,1,130.0,40.0,51.12,Credit Card,Delivered,37,4.5
ORD_01986,CUST_0599,REST_107,Wendy's,Delhi,2024-10-19,14:17:32,Burger,Double Whopper,1,299.0,0.0,0.0,Credit Card,Delivered,50,2.5
ORD_01987,CUST_0407,REST_107,Wendy's,Hyderabad,2024-07-30,19:57:07,Burger,Double Whopper,3,299.0,0.0,0.0,UPI,Delivered,21,4.5
ORD_01988,CUST_0310,REST_128,Belgian Waffle Co,Chennai,2024-07-05,14:04:44,Desserts,Gulab Jamun (2 pcs),1,80.0,40.0,0.0,Credit Card,Delivered,60,4.5
ORD_01989,CUST_0335,REST_127,Naturals Ice Cream,Delhi,2024-12-21,12:58:20,Desserts,Belgian Chocolate Waffle,1,160.0,20.0,50.79,UPI,Delivered,30,5.0
ORD_01990,CUST_0141,REST_107,Wendy's,Hyderabad,2024-09-30,15:18:11,Burger,Fiery Paneer Burger,1,179.0,0.0,28.12,Credit Card,Delivered,34,4.5
ORD_01991,CUST_0489,REST_114,Barbeque Nation,Delhi,2024-03-12,21:10:15,Indian,Paneer Butter Masala,1,280.0,40.0,136.02,Cash,Delivered,26,4.5
ORD_01992,CUST_0668,REST_128,Belgian Waffle Co,Ahmedabad,2024-06-03,22:31:55,Desserts,Gulab Jamun (2 pcs),1,80.0,0.0,38.59,Credit Card,Delivered,21,5.0
ORD_01993,CUST_0716,REST_121,Subway,Mumbai,2024-12-18,14:45:55,Fast Food,Crispy Chicken Bucket,1,480.0,20.0,0.0,Cash,Pending,31,0.0
ORD_01994,CUST_0443,REST_117,Mainland China,Kolkata,2024-12-07,14:37:11,Chinese,Schezwan Veg Momos,1,150.0,40.0,146.51,Credit Card,Delivered,53,5.0
ORD_01995,CUST_0569,REST_110,Behrouz Biryani,Delhi,2024-11-27,20:49:53,Biryani,Kolkata Special Biryani,1,350.0,40.0,46.3,Wallet,Cancelled,0,0.0
ORD_01996,CUST_0667,REST_124,Faasos,Hyderabad,2024-02-10,14:23:37,Fast Food,Veggie Delight Sub,1,190.0,0.0,57.49,Cash,Delivered,59,5.0
ORD_01997,CUST_0725,REST_103,Ovenstory Pizza,Ahmedabad,2024-08-28,08:31:30,Pizza,Margherita Pizza,1,249.0,50.0,62.59,UPI,Delivered,54,4.5
ORD_01998,CUST_0410,REST_124,Faasos,Hyderabad,2024-09-15,13:08:49,Fast Food,Chicken Zinger Meal,1,299.0,50.0,135.89,Debit Card,Delivered,57,4.0
ORD_01999,CUST_0287,REST_118,Wow! Momo,Kolkata,2024-07-08,13:06:12,Chinese,Chicken Fried Rice,3,230.0,20.0,60.84,Cash,Delivered,24,4.5
ORD_02000,CUST_0706,REST_105,Burger King,Kolkata,2024-11-01,13:21:06,Burger,Crispy Veg Burger,2,129.0,40.0,0.0,Credit Card,Delivered,18,2.5
ORD_02001,CUST_0032,REST_108,The Burger Club,Chennai,2024-09-11,12:09:15,Burger,Double Whopper,1,299.0,40.0,111.51,Cash,Delivered,20,1.0
ORD_02002,CUST_0695,REST_113,Punjab Grill,Bangalore,2024-09-21,19:56:50,Indian,Butter Chicken,3,360.0,50.0,51.36,UPI,Cancelled,0,0.0
ORD_02003,CUST_0454,REST_109,Paradise Biryani,Kolkata,2024-03-23,13:37:27,Biryani,Hyderabadi Chicken Biryani,1,320.0,40.0,91.31,UPI,Delivered,31,5.0
ORD_02004,CUST_0017,REST_110,Behrouz Biryani,Pune,2024-08-09,18:50:37,Biryani,Hyderabadi Chicken Biryani,3,320.0,0.0,0.0,Credit Card,Delivered,50,4.0
ORD_02005,CUST_0428,REST_121,Subway,Chennai,2024-01-23,20:19:04,Fast Food,Crispy Chicken Bucket,2,480.0,0.0,44.63,UPI,Delivered,45,5.0
ORD_02006,CUST_0482,REST_114,Barbeque Nation,Ahmedabad,2024-05-24,14:30:55,Indian,Paneer Butter Masala,3,280.0,0.0,0.0,UPI,Delivered,30,4.0
ORD_02007,CUST_0262,REST_115,Haldiram's,Hyderabad,2024-03-07,22:23:04,Indian,Dal Makhani,3,220.0,0.0,0.0,UPI,Delivered,58,5.0
ORD_02008,CUST_0241,REST_123,Taco Bell,Kolkata,2024-10-19,19:46:30,Fast Food,Chicken Zinger Meal,2,299.0,20.0,27.03,UPI,Pending,33,0.0
ORD_02009,CUST_0710,REST_109,Paradise Biryani,Ahmedabad,2024-07-12,10:45:33,Biryani,Kolkata Special Biryani,3,350.0,50.0,116.95,Cash,Delivered,53,3.0
ORD_02010,CUST_0503,REST_132,Chai Point,Pune,2024-02-02,22:29:42,Beverages,Masala Chai (Flask),1,110.0,20.0,24.62,Wallet,Delivered,47,4.0
ORD_02011,CUST_0043,REST_130,Chaayos,Chennai,2024-05-20,21:20:21,Beverages,Cold Coffee with Ice Cream,2,150.0,40.0,135.64,UPI,Delivered,47,3.5
ORD_02012,CUST_0117,REST_132,Chai Point,Mumbai,2024-12-12,19:22:56,Beverages,Masala Chai (Flask),1,110.0,30.0,54.09,Debit Card,Delivered,52,4.0
ORD_02013,CUST_0401,REST_103,Ovenstory Pizza,Bangalore,2024-06-05,12:37:11,Pizza,Farmhouse Supreme,1,399.0,50.0,0.0,UPI,Delivered,51,5.0
ORD_02014,CUST_0468,REST_109,Paradise Biryani,Mumbai,2024-11-21,21:12:29,Biryani,Kolkata Special Biryani,2,350.0,30.0,0.0,Credit Card,Delivered,61,4.0
ORD_02015,CUST_0774,REST_123,Taco Bell,Hyderabad,2024-01-19,14:45:37,Fast Food,Cheesy French Fries,2,120.0,40.0,73.22,Debit Card,Delivered,55,3.0
ORD_02016,CUST_0733,REST_105,Burger King,Bangalore,2024-08-21,08:59:17,Burger,Crispy Veg Burger,1,129.0,50.0,0.0,Credit Card,Delivered,25,4.0
ORD_02017,CUST_0109,REST_124,Faasos,Ahmedabad,2024-12-20,21:06:56,Fast Food,Paneer Wrap,1,160.0,30.0,42.49,UPI,Delivered,35,5.0
ORD_02018,CUST_0789,REST_120,Berco's,Chennai,2024-12-22,22:30:05,Chinese,Veg Hakka Noodles,1,180.0,0.0,112.66,Cash,Delivered,33,5.0
ORD_02019,CUST_0049,REST_118,Wow! Momo,Chennai,2024-08-25,21:53:24,Chinese,Veg Hakka Noodles,2,180.0,50.0,53.75,Cash,Cancelled,0,0.0
ORD_02020,CUST_0696,REST_113,Punjab Grill,Mumbai,2024-04-26,12:51:29,Indian,Dal Makhani,1,220.0,50.0,112.52,Cash,Delivered,43,3.5
ORD_02021,CUST_0479,REST_117,Mainland China,Mumbai,2024-12-14,19:32:27,Chinese,Veg Hakka Noodles,2,180.0,30.0,0.0,UPI,Delivered,40,4.0
ORD_02022,CUST_0100,REST_112,Meghana Foods,Delhi,2024-10-31,22:03:01,Biryani,Veg Dum Biryani,1,240.0,20.0,109.52,UPI,Delivered,40,3.5
ORD_02023,CUST_0481,REST_103,Ovenstory Pizza,Chennai,2024-07-13,19:56:41,Pizza,Pepperoni Feast,2,499.0,20.0,0.0,Credit Card,Delivered,58,5.0
ORD_02024,CUST_0028,REST_104,La Pino'z Pizza,Bangalore,2024-09-07,22:41:37,Pizza,Margherita Pizza,1,249.0,0.0,27.07,UPI,Delivered,34,5.0
ORD_02025,CUST_0449,REST_122,KFC,Hyderabad,2024-05-15,13:49:27,Fast Food,Paneer Wrap,1,160.0,40.0,0.0,Credit Card,Delivered,57,4.5
ORD_02026,CUST_0277,REST_125,Baskin Robbins,Bangalore,2024-05-20,18:20:13,Desserts,Nutella Brownie,1,130.0,30.0,28.48,Cash,Delivered,57,4.5
ORD_02027,CUST_0277,REST_102,Pizza Hut,Chennai,2024-03-09,21:37:14,Pizza,Pepperoni Feast,3,499.0,50.0,0.0,UPI,Delivered,58,5.0
ORD_02028,CUST_0521,REST_121,Subway,Mumbai,2024-06-10,22:45:42,Fast Food,Chicken Zinger Meal,1,299.0,50.0,69.05,Credit Card,Delivered,41,5.0
ORD_02029,CUST_0302,REST_122,KFC,Bangalore,2024-12-26,23:31:30,Fast Food,Cheesy French Fries,1,120.0,30.0,34.55,Cash,Delivered,45,5.0
ORD_02030,CUST_0446,REST_126,Theobroma,Mumbai,2024-06-01,12:47:42,Desserts,Gulab Jamun (2 pcs),1,80.0,30.0,112.26,Cash,Delivered,53,4.5
ORD_02031,CUST_0298,REST_101,Domino's Pizza,Pune,2024-03-03,21:01:29,Pizza,Pepperoni Feast,1,499.0,30.0,0.0,Wallet,Delivered,56,4.5
ORD_02032,CUST_0445,REST_114,Barbeque Nation,Mumbai,2024-08-27,20:25:08,Indian,Dal Makhani,1,220.0,0.0,36.32,UPI,Delivered,21,5.0
ORD_02033,CUST_0665,REST_118,Wow! Momo,Hyderabad,2024-09-17,16:17:09,Chinese,Manchurian Gravy,1,210.0,50.0,57.71,UPI,Delivered,49,4.5
ORD_02034,CUST_0425,REST_123,Taco Bell,Chennai,2024-12-23,19:45:39,Fast Food,Paneer Wrap,1,160.0,40.0,68.17,UPI,Delivered,64,5.0
ORD_02035,CUST_0295,REST_129,Starbucks,Bangalore,2024-04-27,20:59:43,Beverages,Iced Green Tea,1,130.0,0.0,0.0,Cash,Delivered,60,3.0
ORD_02036,CUST_0105,REST_127,Naturals Ice Cream,Ahmedabad,2024-12-07,19:17:46,Desserts,Chocolate Truffle Pastry,4,140.0,30.0,25.46,UPI,Delivered,50,5.0
ORD_02037,CUST_0017,REST_102,Pizza Hut,Kolkata,2024-09-29,13:02:30,Pizza,Pepperoni Feast,2,499.0,30.0,38.62,UPI,Delivered,51,2.0
ORD_02038,CUST_0453,REST_132,Chai Point,Pune,2024-04-03,20:20:44,Beverages,Masala Chai (Flask),1,110.0,20.0,149.61,Cash,Delivered,26,4.0
ORD_02039,CUST_0222,REST_109,Paradise Biryani,Pune,2024-03-02,20:24:00,Biryani,Veg Dum Biryani,1,240.0,20.0,0.0,UPI,Delivered,34,2.5
ORD_02040,CUST_0395,REST_122,KFC,Pune,2024-02-04,21:30:15,Fast Food,Chicken Zinger Meal,1,299.0,0.0,20.24,Cash,Delivered,53,
ORD_02041,CUST_0582,REST_104,La Pino'z Pizza,Kolkata,2024-04-17,22:28:54,Pizza,Cheese Burst Pizza,3,429.0,20.0,0.0,UPI,Delivered,30,3.5
ORD_02042,CUST_0088,REST_121,Subway,Chennai,2024-12-16,14:58:23,Fast Food,Veggie Delight Sub,2,190.0,0.0,42.66,Credit Card,Delivered,21,4.5
ORD_02043,CUST_0575,REST_106,McDonald's,Ahmedabad,2024-09-24,13:22:11,Burger,Crispy Veg Burger,1,129.0,30.0,62.48,UPI,Delivered,38,3.5
ORD_02044,CUST_0639,REST_121,Subway,Ahmedabad,2024-07-03,14:01:12,Fast Food,Chicken Zinger Meal,1,299.0,0.0,116.31,Cash,Delivered,18,3.5
ORD_02045,CUST_0069,REST_121,Subway,Ahmedabad,2024-05-23,20:59:01,Fast Food,Veggie Delight Sub,1,190.0,50.0,43.28,Cash,Delivered,49,5.0
ORD_02046,CUST_0347,REST_121,Subway,Mumbai,2024-06-20,22:11:57,Fast Food,Cheesy French Fries,1,120.0,40.0,57.24,UPI,Delivered,45,2.5
ORD_02047,CUST_0128,REST_109,Paradise Biryani,Chennai,2024-04-25,13:48:42,Biryani,Veg Dum Biryani,1,240.0,0.0,57.88,Debit Card,Delivered,49,3.5
ORD_02048,CUST_0199,REST_115,Haldiram's,Chennai,2024-08-05,20:28:16,Indian,Paneer Butter Masala,4,280.0,40.0,57.33,Credit Card,Delivered,54,4.5
ORD_02049,CUST_0714,REST_124,Faasos,Kolkata,2024-11-13,19:03:25,Fast Food,Cheesy French Fries,2,120.0,40.0,28.32,UPI,Cancelled,0,0.0
ORD_02050,CUST_0640,REST_131,Cafe Coffee Day,Hyderabad,2024-08-20,12:10:17,Beverages,Caffe Latte,2,220.0,0.0,34.63,Credit Card,Delivered,27,3.0
ORD_02051,CUST_0253,REST_103,Ovenstory Pizza,Ahmedabad,2024-01-02,22:40:37,Pizza,Paneer Tikka Pizza,1,349.0,30.0,0.0,Cash,Delivered,43,4.0
ORD_02052,CUST_0443,REST_102,Pizza Hut,Bangalore,2024-08-28,18:49:31,Pizza,Pepperoni Feast,1,499.0,30.0,46.61,UPI,Delivered,33,5.0
ORD_02053,CUST_0350,REST_121,Subway,Ahmedabad,2024-04-29,21:11:21,Fast Food,Cheesy French Fries,2,120.0,40.0,0.0,Cash,Delivered,18,3.5
ORD_02054,CUST_0503,REST_125,Baskin Robbins,Hyderabad,2024-01-16,21:04:52,Desserts,Red Velvet Jar Cake,3,175.0,20.0,105.42,Credit Card,Delivered,50,5.0
ORD_02055,CUST_0549,REST_132,Chai Point,Chennai,2024-09-12,21:02:01,Beverages,Cold Coffee with Ice Cream,1,150.0,40.0,0.0,UPI,Delivered,46,5.0
ORD_02056,CUST_0285,REST_131,Cafe Coffee Day,Delhi,2024-04-10,22:05:42,Beverages,Masala Chai (Flask),2,110.0,40.0,0.0,Debit Card,Delivered,29,3.5
ORD_02057,CUST_0490,REST_117,Mainland China,Ahmedabad,2024-05-10,21:27:07,Chinese,Chilli Chicken Gravy,1,270.0,30.0,129.33,UPI,Delivered,49,4.5
ORD_02058,CUST_0643,REST_117,Mainland China,Delhi,2024-09-14,12:26:13,Chinese,Manchurian Gravy,2,210.0,50.0,0.0,Cash,Delivered,63,5.0
ORD_02059,CUST_0537,REST_107,Wendy's,Bangalore,2024-01-13,19:13:55,Burger,Smoky BBQ Burger,4,249.0,0.0,0.0,UPI,Delivered,40,4.5
ORD_02060,CUST_0495,REST_123,Taco Bell,Delhi,2024-08-25,13:24:00,Fast Food,Crispy Chicken Bucket,1,480.0,40.0,66.08,Cash,Cancelled,0,0.0
ORD_02061,CUST_0757,REST_124,Faasos,Chennai,2024-09-08,22:48:52,Fast Food,Chicken Zinger Meal,1,299.0,30.0,128.97,UPI,Cancelled,0,0.0
ORD_02062,CUST_0404,REST_122,KFC,Mumbai,2024-09-13,13:54:41,Fast Food,Crispy Chicken Bucket,1,480.0,40.0,0.0,Debit Card,Cancelled,0,0.0
ORD_02063,CUST_0373,REST_120,Berco's,Mumbai,2024-03-09,14:31:09,Chinese,Manchurian Gravy,1,210.0,30.0,27.8,UPI,Delivered,62,4.5
ORD_02064,CUST_0425,REST_130,Chaayos,Bangalore,2024-08-09,16:02:03,Beverages,Iced Green Tea,1,130.0,40.0,0.0,UPI,Pending,26,0.0
ORD_02065,CUST_0252,REST_107,Wendy's,Bangalore,2024-01-29,20:36:52,burger,Double Whopper,3,299.0,20.0,142.26,UPI,Delivered,50,5.0
ORD_02066,CUST_0363,REST_123,Taco Bell,Chennai,2024-09-12,20:44:18,Fast Food,Paneer Wrap,1,160.0,50.0,38.9,UPI,Delivered,47,3.0
ORD_02067,CUST_0725,REST_121,Subway,Hyderabad,2024-10-19,14:41:32,Fast Food,Chicken Zinger Meal,1,299.0,0.0,38.05,Wallet,Pending,39,0.0
ORD_02068,CUST_0254,REST_124,Faasos,Hyderabad,2024-02-04,14:59:09,Fast Food,Cheesy French Fries,1,120.0,40.0,126.94,Cash,Delivered,25,4.0
ORD_02069,CUST_0443,REST_120,Berco's,Bangalore,2024-06-05,13:45:10,Chinese,Manchurian Gravy,2,210.0,40.0,126.3,Cash,Delivered,51,3.5
ORD_02070,CUST_0497,REST_116,Saravanaa Bhavan,Ahmedabad,2024-10-16,09:05:52,Indian,Garlic Naan Combo,3,160.0,20.0,71.18,Debit Card,Delivered,56,4.0
ORD_02071,CUST_0636,REST_109,Paradise Biryani,Kolkata,2024-10-03,22:10:06,Biryani,Mutton Dum Biryani,3,450.0,0.0,135.12,Cash,Delivered,58,5.0
ORD_02072,CUST_0392,REST_119,Wok Express,Bangalore,2024-12-18,19:06:25,Chinese,Schezwan Veg Momos,1,150.0,40.0,0.0,Credit Card,Delivered,61,4.5
ORD_02073,CUST_0295,REST_112,Meghana Foods,Hyderabad,2024-06-14,19:17:00,Biryani,Mutton Dum Biryani,1,450.0,40.0,0.0,Wallet,Delivered,51,3.5
ORD_02074,CUST_0281,REST_102,Pizza Hut,Bangalore,2024-09-27,21:03:31,Pizza,Farmhouse Supreme,1,399.0,0.0,130.92,UPI,Cancelled,0,0.0
ORD_02075,CUST_0528,REST_129,Starbucks,Mumbai,2024-05-15,21:59:50,Beverages,Caffe Latte,1,220.0,0.0,75.9,Cash,Delivered,29,5.0
ORD_02076,CUST_0707,REST_112,Meghana Foods,Hyderabad,2024-11-18,13:27:22,Biryani,Kolkata Special Biryani,1,350.0,40.0,44.07,UPI,Delivered,32,5.0
ORD_02077,CUST_0110,REST_129,Starbucks,Chennai,2024-07-18,12:21:57,Beverages,Caffe Latte,2,220.0,50.0,0.0,Credit Card,Delivered,26,4.5
ORD_02078,CUST_0725,REST_109,Paradise Biryani,Mumbai,2024-01-31,11:13:56,Biryani,Veg Dum Biryani,1,240.0,20.0,51.32,UPI,Delivered,65,4.5
ORD_02079,CUST_0339,REST_120,Berco's,Bangalore,2024-04-06,19:53:08,Chinese,Schezwan Veg Momos,2,150.0,50.0,91.58,Debit Card,Delivered,25,5.0
ORD_02080,CUST_0614,REST_123,Taco Bell,Hyderabad,2024-12-07,17:51:11,Fast Food,Chicken Zinger Meal,1,299.0,0.0,57.03,Wallet,Delivered,63,4.5
ORD_02081,CUST_0690,REST_105,Burger King,Kolkata,2024-05-21,14:25:16,Burger,Crispy Veg Burger,3,129.0,40.0,0.0,UPI,Delivered,65,4.0
ORD_02082,CUST_0429,REST_118,Wow! Momo,Delhi,2024-12-19,08:40:03,Chinese,Chicken Fried Rice,1,230.0,20.0,0.0,Debit Card,Delivered,63,4.5
ORD_02083,CUST_0473,REST_131,Cafe Coffee Day,Mumbai,2024-02-24,20:12:34,Beverages,Mango Smoothie,2,160.0,20.0,0.0,UPI,Delivered,21,4.0
ORD_02084,CUST_0144,REST_128,Belgian Waffle Co,Kolkata,2024-06-18,21:35:26,Desserts,Gulab Jamun (2 pcs),1,80.0,20.0,37.0,Cash,Delivered,36,5.0
ORD_02085,CUST_0222,REST_111,Bawarchi,Hyderabad,2024-06-30,14:26:54,Biryani,Kolkata Special Biryani,3,350.0,30.0,132.84,UPI,Delivered,65,5.0
ORD_02086,CUST_0321,REST_115,Haldiram's,Ahmedabad,2024-09-20,22:25:36,Indian,Paneer Butter Masala,2,280.0,30.0,51.15,Debit Card,Delivered,44,5.0
ORD_02087,CUST_0656,REST_116,Saravanaa Bhavan,Hyderabad,2024-03-19,22:47:17,Indian,Dal Makhani,1,220.0,20.0,0.0,Cash,Delivered,26,5.0
ORD_02088,CUST_0347,REST_131,Cafe Coffee Day,Kolkata,2024-08-20,12:31:25,Beverages,Caffe Latte,1,220.0,30.0,0.0,UPI,Delivered,31,5.0
ORD_02089,CUST_0484,REST_106,McDonald's,Mumbai,2024-03-20,20:07:01,Burger,Fiery Paneer Burger,2,179.0,20.0,61.65,UPI,Pending,26,0.0
ORD_02090,CUST_0171,REST_101,Domino's Pizza,Kolkata,2024-10-17,20:35:16,Pizza,Farmhouse Supreme,1,399.0,40.0,56.72,Credit Card,Delivered,21,3.0
ORD_02091,CUST_0218,REST_132,Chai Point,Chennai,2024-12-17,12:28:32,Beverages,Mango Smoothie,1,160.0,30.0,73.93,UPI,Delivered,53,5.0
ORD_02092,CUST_0005,REST_116,Saravanaa Bhavan,Chennai,2024-03-22,19:57:46,Indian,Kadhai Paneer,1,270.0,30.0,0.0,UPI,Delivered,45,5.0
ORD_02093,CUST_0189,REST_126,Theobroma,Pune,2024-03-14,20:31:15,Desserts,Red Velvet Jar Cake,2,175.0,30.0,68.51,Debit Card,Delivered,56,4.0
ORD_02094,CUST_0057,REST_130,Chaayos,Chennai,2024-12-10,13:40:16,Beverages,Caffe Latte,3,220.0,40.0,25.79,UPI,Cancelled,0,0.0
ORD_02095,CUST_0747,REST_105,Burger King,Pune,2024-09-19,22:48:47,Burger,Fiery Paneer Burger,2,179.0,50.0,145.7,Cash,Delivered,34,4.5
ORD_02096,CUST_0020,REST_121,Subway,Hyderabad,2024-08-06,13:26:51,Fast Food,Paneer Wrap,1,160.0,30.0,0.0,Debit Card,Pending,27,0.0
ORD_02097,CUST_0241,REST_113,Punjab Grill,Delhi,2024-07-21,12:17:30,Indian,Paneer Butter Masala,1,280.0,0.0,123.41,Credit Card,Delivered,49,4.5
ORD_02098,CUST_0647,REST_106,McDonald's,Mumbai,2024-01-15,20:06:32,Burger,Double Whopper,2,299.0,20.0,0.0,Cash,Delivered,24,4.5
ORD_02099,CUST_0200,REST_126,Theobroma,Hyderabad,2024-05-29,13:05:10,Desserts,Chocolate Truffle Pastry,1,140.0,20.0,0.0,Cash,Cancelled,0,0.0
ORD_02100,CUST_0036,REST_111,Bawarchi,Delhi,2024-01-10,15:06:42,Biryani,Paneer Biryani,2,260.0,40.0,41.94,Cash,Delivered,18,4.0
ORD_02101,CUST_0672,REST_132,Chai Point,Delhi,2024-04-18,13:18:54,Beverages,Masala Chai (Flask),1,110.0,20.0,0.0,UPI,Cancelled,0,0.0
ORD_02102,CUST_0493,REST_121,Subway,Delhi,2024-05-25,17:27:39,Fast Food,Cheesy French Fries,1,120.0,40.0,79.39,Credit Card,Delivered,18,5.0
ORD_02103,CUST_0191,REST_117,Mainland China,Mumbai,2024-11-15,19:55:55,Chinese,Veg Hakka Noodles,1,180.0,20.0,0.0,Credit Card,Delivered,29,3.5
ORD_02104,CUST_0390,REST_103,Ovenstory Pizza,Mumbai,2024-12-29,21:44:04,Pizza,Cheese Burst Pizza,1,429.0,20.0,61.48,UPI,Delivered,28,4.5
ORD_02105,CUST_0044,REST_106,McDonald's,Bangalore,2024-02-20,14:22:46,Burger,Crispy Veg Burger,1,129.0,50.0,130.88,UPI,Delivered,61,5.0
ORD_02106,CUST_0086,REST_129,Starbucks,Pune,2024-08-09,22:50:53,Beverages,Cold Coffee with Ice Cream,2,150.0,40.0,72.42,UPI,Delivered,39,5.0
ORD_02107,CUST_0263,REST_128,Belgian Waffle Co,Bangalore,2024-01-09,19:39:36,Desserts,Red Velvet Jar Cake,1,175.0,40.0,71.21,UPI,Delivered,19,5.0
ORD_02108,CUST_0370,REST_107,Wendy's,Hyderabad,2024-02-01,12:28:20,Burger,Crispy Veg Burger,2,129.0,0.0,47.6,UPI,Delivered,49,4.5
ORD_02109,CUST_0509,REST_128,Belgian Waffle Co,Chennai,2024-09-08,19:35:41,Desserts,Nutella Brownie,2,130.0,0.0,41.6,Credit Card,Delivered,39,3.0
ORD_02110,CUST_0336,REST_108,The Burger Club,Mumbai,2024-08-14,22:15:59,Burger,Double Whopper,2,299.0,50.0,0.0,UPI,Delivered,53,3.0
ORD_02111,CUST_0370,REST_106,McDonald's,Delhi,2024-04-08,22:57:12,Burger,Crispy Veg Burger,3,129.0,50.0,0.0,Debit Card,Delivered,41,5.0
ORD_02112,CUST_0411,REST_105,Burger King,Kolkata,2024-11-22,16:54:30,Burger,Fiery Paneer Burger,3,179.0,0.0,56.76,UPI,Delivered,46,4.5
ORD_02113,CUST_0570,REST_113,Punjab Grill,Pune,2024-05-10,22:47:42,Indian,Butter Chicken,2,360.0,30.0,49.87,UPI,Delivered,60,4.5
ORD_02114,CUST_0128,REST_119,Wok Express,Delhi,2024-09-12,20:29:28,Chinese,Schezwan Veg Momos,1,150.0,0.0,38.61,UPI,Delivered,19,5.0
ORD_02115,CUST_0157,REST_132,Chai Point,Delhi,2024-06-18,22:55:29,Beverages,Masala Chai (Flask),2,110.0,0.0,0.0,UPI,Delivered,18,5.0
ORD_02116,CUST_0236,REST_130,Chaayos,Chennai,2024-08-23,13:55:12,Beverages,Mango Smoothie,2,160.0,0.0,39.43,Cash,Delivered,52,5.0
ORD_02117,CUST_0486,REST_124,Faasos,Hyderabad,2024-08-22,14:13:40,Fast Food,Veggie Delight Sub,2,190.0,40.0,122.03,UPI,Cancelled,0,
ORD_02118,CUST_0628,REST_128,Belgian Waffle Co,Hyderabad,2024-12-31,14:19:49,Desserts,Red Velvet Jar Cake,1,175.0,50.0,0.0,UPI,Delivered,55,4.5
ORD_02119,CUST_0778,REST_122,KFC,Pune,2024-11-04,22:42:29,Fast Food,Veggie Delight Sub,1,190.0,20.0,38.34,Wallet,Delivered,33,3.5
ORD_02120,CUST_0400,REST_101,Domino's Pizza,Bangalore,2024-08-05,21:49:03,Pizza,Paneer Tikka Pizza,1,349.0,20.0,0.0,UPI,Delivered,62,2.0
ORD_02121,CUST_0426,REST_126,Theobroma,Hyderabad,2024-10-11,12:12:23,Desserts,Nutella Brownie,1,130.0,30.0,0.0,UPI,Delivered,25,4.0
ORD_02122,CUST_0314,REST_119,Wok Express,Hyderabad,2024-02-13,22:21:16,Chinese,Chicken Fried Rice,3,230.0,30.0,0.0,Cash,Delivered,36,5.0
ORD_02123,CUST_0647,REST_111,Bawarchi,Chennai,2024-05-01,13:04:10,Biryani,Kolkata Special Biryani,2,350.0,0.0,105.59,Credit Card,Delivered,29,3.0
ORD_02124,CUST_0296,REST_130,Chaayos,Bangalore,2024-08-13,18:13:41,Beverages,Masala Chai (Flask),3,110.0,50.0,47.27,Credit Card,Delivered,25,4.5
ORD_02125,CUST_0063,REST_121,Subway,Ahmedabad,2024-07-07,10:51:33,Fast Food,Cheesy French Fries,1,120.0,30.0,51.29,Debit Card,Cancelled,0,0.0
ORD_02126,CUST_0477,REST_119,Wok Express,Bangalore,2024-02-09,19:08:16,Chinese,Chicken Fried Rice,1,230.0,30.0,92.9,Cash,Delivered,42,3.0
ORD_02127,CUST_0763,REST_107,Wendy's,Mumbai,2024-01-07,14:47:37,Burger,Fiery Paneer Burger,1,179.0,0.0,67.57,Cash,Delivered,46,3.0
ORD_02128,CUST_0151,REST_129,Starbucks,Delhi,2024-06-22,19:54:49,Beverages,Mango Smoothie,1,160.0,0.0,0.0,UPI,Delivered,28,5.0
ORD_02129,CUST_0196,REST_125,Baskin Robbins,Delhi,2024-05-10,13:58:30,Desserts,Chocolate Truffle Pastry,1,140.0,50.0,63.41,Wallet,Delivered,32,4.0
ORD_02130,CUST_0177,REST_125,Baskin Robbins,Mumbai,2024-12-25,13:09:23,Desserts,Belgian Chocolate Waffle,1,160.0,40.0,61.96,Cash,Delivered,46,4.5
ORD_02131,CUST_0034,REST_107,Wendy's,Mumbai,2024-05-22,12:16:25,Burger,Crispy Veg Burger,1,129.0,40.0,0.0,Cash,Delivered,52,3.0
ORD_02132,CUST_0363,REST_111,Bawarchi,Kolkata,2024-12-28,16:29:20,Biryani,Paneer Biryani,2,260.0,40.0,0.0,Credit Card,Delivered,56,4.5
ORD_02133,CUST_0030,REST_124,Faasos,Kolkata,2024-10-21,14:41:34,Fast Food,Chicken Zinger Meal,3,299.0,20.0,43.9,Cash,Delivered,24,5.0
ORD_02134,CUST_0620,REST_107,Wendy's,Chennai,2024-05-23,15:36:03,Burger,Crispy Veg Burger,5,129.0,30.0,107.52,UPI,Delivered,40,4.0
ORD_02135,CUST_0634,REST_125,Baskin Robbins,Pune,2024-08-02,21:43:29,Desserts,Nutella Brownie,3,130.0,40.0,0.0,Cash,Delivered,28,5.0
ORD_02136,CUST_0298,REST_126,Theobroma,Bangalore,2024-07-13,21:58:06,Desserts,Red Velvet Jar Cake,1,175.0,20.0,100.89,UPI,Delivered,56,4.0
ORD_02137,CUST_0383,REST_122,KFC,Hyderabad,2024-11-24,22:48:46,Fast Food,Cheesy French Fries,4,120.0,30.0,0.0,UPI,Cancelled,0,0.0
ORD_02138,CUST_0372,REST_130,Chaayos,Kolkata,2024-05-09,14:51:46,Beverages,Mango Smoothie,1,160.0,20.0,0.0,UPI,Cancelled,0,0.0
ORD_02139,CUST_0763,REST_128,Belgian Waffle Co,Chennai,2024-11-23,22:51:20,Desserts,Nutella Brownie,2,130.0,20.0,119.17,Cash,Delivered,35,4.5
ORD_02140,CUST_0439,REST_110,Behrouz Biryani,Kolkata,2024-07-22,14:55:37,Biryani,Paneer Biryani,4,260.0,50.0,27.82,Credit Card,Delivered,39,5.0
ORD_02141,CUST_0061,REST_107,Wendy's,Chennai,2024-12-31,20:18:09,Burger,Smoky BBQ Burger,1,249.0,30.0,37.61,Debit Card,Delivered,22,4.0
ORD_02142,CUST_0623,REST_126,Theobroma,Ahmedabad,2024-03-23,13:04:19,Desserts,Belgian Chocolate Waffle,1,160.0,40.0,21.2,UPI,Delivered,19,4.5
ORD_02143,CUST_0270,REST_105,Burger King,Pune,2024-11-02,13:12:28,Burger,Smoky BBQ Burger,1,249.0,20.0,69.61,Wallet,Cancelled,0,0.0
ORD_02144,CUST_0224,REST_117,Mainland China,Mumbai,2024-02-03,13:03:15,Chinese,Manchurian Gravy,1,210.0,20.0,0.0,Credit Card,Delivered,23,4.5
ORD_02145,CUST_0430,REST_102,Pizza Hut,Pune,2024-11-18,12:05:14,Pizza,Margherita Pizza,1,249.0,50.0,60.21,Credit Card,Delivered,55,5.0
ORD_02146,CUST_0743,REST_132,Chai Point,Pune,2024-08-20,22:21:48,Beverages,Mango Smoothie,4,160.0,40.0,0.0,UPI,Delivered,21,5.0
ORD_02147,CUST_0517,REST_123,Taco Bell,Delhi,2024-07-02,11:06:57,Fast Food,Veggie Delight Sub,1,190.0,40.0,51.58,UPI,Delivered,21,4.5
ORD_02148,CUST_0139,REST_114,Barbeque Nation,Hyderabad,2024-04-15,19:19:41,Indian,Paneer Butter Masala,1,280.0,30.0,21.57,UPI,Delivered,19,4.5
ORD_02149,CUST_0433,REST_128,Belgian Waffle Co,Mumbai,2024-02-24,19:47:52,Desserts,Belgian Chocolate Waffle,1,160.0,50.0,28.65,Wallet,Cancelled,0,0.0
ORD_02150,CUST_0293,REST_118,Wow! Momo,Hyderabad,2024-12-22,22:15:03,Chinese,Schezwan Veg Momos,1,150.0,30.0,0.0,Cash,Delivered,28,5.0
ORD_02151,CUST_0162,REST_122,KFC,Hyderabad,2024-08-24,13:23:34,Fast Food,Chicken Zinger Meal,1,299.0,30.0,62.16,Cash,Delivered,60,3.0
ORD_02152,CUST_0308,REST_108,The Burger Club,Kolkata,2024-11-15,14:45:44,Burger,Classic Chicken Burger,2,199.0,30.0,104.52,Wallet,Pending,33,0.0
ORD_02153,CUST_0330,REST_113,Punjab Grill,Bangalore,2024-05-12,21:10:19,Indian,Paneer Butter Masala,3,280.0,50.0,49.61,UPI,Delivered,18,4.0
ORD_02154,CUST_0482,REST_121,Subway,Ahmedabad,2024-12-16,22:02:47,Fast Food,Crispy Chicken Bucket,4,480.0,20.0,27.88,Cash,Delivered,20,4.0
ORD_02155,CUST_0715,REST_103,Ovenstory Pizza,Mumbai,2024-08-24,14:02:53,Pizza,Margherita Pizza,2,249.0,20.0,0.0,Debit Card,Delivered,33,5.0
ORD_02156,CUST_0680,REST_104,La Pino'z Pizza,Chennai,2024-11-12,19:24:56,Pizza,Cheese Burst Pizza,1,429.0,40.0,0.0,UPI,Delivered,59,5.0
ORD_02157,CUST_0683,REST_112,Meghana Foods,Hyderabad,2024-12-17,18:58:05,Biryani,Kolkata Special Biryani,4,350.0,0.0,68.65,Cash,Delivered,40,4.5
ORD_02158,CUST_0710,REST_124,Faasos,Kolkata,2024-02-11,21:35:37,Fast Food,Chicken Zinger Meal,3,299.0,0.0,43.13,Credit Card,Delivered,44,4.0
ORD_02159,CUST_0380,REST_108,The Burger Club,Kolkata,2024-02-06,21:26:12,Burger,Crispy Veg Burger,1,129.0,30.0,144.83,Cash,Delivered,56,4.5
ORD_02160,CUST_0084,REST_128,Belgian Waffle Co,Bangalore,2024-10-12,20:37:31,Desserts,Belgian Chocolate Waffle,2,160.0,50.0,61.45,Cash,Delivered,44,4.0
ORD_02161,CUST_0436,REST_103,Ovenstory Pizza,Hyderabad,2024-09-10,13:45:13,Pizza,Pepperoni Feast,1,499.0,20.0,0.0,UPI,Delivered,23,4.5
ORD_02162,CUST_0005,REST_112,Meghana Foods,Delhi,2024-07-26,14:49:00,Biryani,Veg Dum Biryani,1,240.0,40.0,0.0,UPI,Delivered,54,3.5
ORD_02163,CUST_0250,REST_103,Ovenstory Pizza,Ahmedabad,2024-04-25,08:26:50,Pizza,Farmhouse Supreme,1,399.0,20.0,0.0,UPI,Delivered,31,4.0
ORD_02164,CUST_0466,REST_127,Naturals Ice Cream,Kolkata,2024-11-07,12:00:51,Desserts,Red Velvet Jar Cake,1,175.0,0.0,128.25,UPI,Delivered,48,5.0
ORD_02165,CUST_0131,REST_112,Meghana Foods,Chennai,2024-12-21,14:47:50,Biryani,Veg Dum Biryani,0,240.0,20.0,137.93,UPI,Delivered,62,4.0
ORD_02166,CUST_0249,REST_127,Naturals Ice Cream,Mumbai,2024-12-07,12:42:04,Desserts,Nutella Brownie,2,130.0,20.0,147.58,Debit Card,Delivered,24,4.0
ORD_02167,CUST_0781,REST_132,Chai Point,Delhi,2024-01-16,14:40:25,Beverages,Iced Green Tea,1,130.0,40.0,0.0,Credit Card,Cancelled,0,0.0
ORD_02168,CUST_0180,REST_114,Barbeque Nation,Delhi,2024-06-16,13:21:00,Indian,Garlic Naan Combo,1,160.0,40.0,59.44,Credit Card,Delivered,19,3.5
ORD_02169,CUST_0224,REST_113,Punjab Grill,Kolkata,2024-03-20,18:08:54,Indian,Butter Chicken,2,360.0,30.0,65.68,Cash,Delivered,64,5.0
ORD_02170,CUST_0514,REST_104,La Pino'z Pizza,Ahmedabad,2024-03-05,20:21:09,Pizza,Margherita Pizza,1,249.0,50.0,0.0,Cash,Delivered,40,5.0
ORD_02171,CUST_0518,REST_109,Paradise Biryani,Hyderabad,2024-06-16,22:28:31,Biryani,Hyderabadi Chicken Biryani,1,320.0,50.0,0.0,UPI,Delivered,40,4.5
ORD_02172,CUST_0141,REST_112,Meghana Foods,Bangalore,2024-10-17,14:17:45,Biryani,Hyderabadi Chicken Biryani,4,320.0,0.0,146.77,Cash,Delivered,34,4.5
ORD_02173,CUST_0688,REST_124,Faasos,Chennai,2024-07-28,10:46:56,Fast Food,Chicken Zinger Meal,1,299.0,50.0,44.03,Cash,Delivered,65,2.5
ORD_02174,CUST_0725,REST_123,Taco Bell,Delhi,2024-08-15,12:13:36,Fast Food,Chicken Zinger Meal,2,299.0,30.0,131.76,Credit Card,Delivered,18,3.0
ORD_02175,CUST_0292,REST_112,Meghana Foods,Delhi,2024-07-31,21:42:14,Biryani,Hyderabadi Chicken Biryani,1,320.0,50.0,22.29,Wallet,Delivered,60,5.0
ORD_02176,CUST_0229,REST_105,Burger King,Hyderabad,2024-01-06,21:25:54,Burger,Double Whopper,1,299.0,20.0,71.93,UPI,Delivered,36,4.0
ORD_02177,CUST_0385,REST_128,Belgian Waffle Co,Kolkata,2024-08-23,14:40:44,Desserts,Chocolate Truffle Pastry,1,140.0,40.0,37.93,Credit Card,Delivered,30,4.5
ORD_02178,CUST_0035,REST_120,Berco's,Kolkata,2024-04-13,12:25:16,Chinese,Schezwan Veg Momos,2,150.0,0.0,60.85,UPI,Pending,37,0.0
ORD_02179,CUST_0508,REST_103,Ovenstory Pizza,Hyderabad,2024-09-14,12:03:54,Pizza,Cheese Burst Pizza,1,429.0,20.0,85.24,Cash,Delivered,44,5.0
ORD_02180,CUST_0508,REST_103,Ovenstory Pizza,Mumbai,2024-01-27,19:49:18,Pizza,Cheese Burst Pizza,1,429.0,30.0,45.68,Credit Card,Delivered,22,3.0
ORD_02181,CUST_0036,REST_115,Haldiram's,Ahmedabad,2024-07-19,14:14:40,Indian,Dal Makhani,1,220.0,40.0,0.0,Debit Card,Delivered,32,3.5
ORD_02182,CUST_0034,REST_106,McDonald's,Chennai,2024-10-21,14:24:31,Burger,Crispy Veg Burger,1,129.0,20.0,0.0,UPI,Delivered,36,5.0
ORD_02183,CUST_0653,REST_111,Bawarchi,Chennai,2024-02-23,19:12:48,Biryani,Hyderabadi Chicken Biryani,1,320.0,30.0,76.08,UPI,Delivered,36,5.0
ORD_02184,CUST_0579,REST_102,Pizza Hut,Ahmedabad,2024-05-06,14:28:43,Pizza,Pepperoni Feast,1,499.0,40.0,43.66,Wallet,Delivered,28,3.5
ORD_02185,CUST_0328,REST_115,Haldiram's,Delhi,2024-11-27,22:35:13,Indian,Paneer Butter Masala,1,280.0,30.0,0.0,Credit Card,Delivered,51,5.0
ORD_02186,CUST_0245,REST_116,Saravanaa Bhavan,Bangalore,2024-04-02,22:15:32,Indian,Paneer Butter Masala,1,280.0,0.0,39.15,UPI,Delivered,38,5.0
ORD_02187,CUST_0108,REST_132,Chai Point,Delhi,2024-06-23,13:25:53,Beverages,Cold Coffee with Ice Cream,1,150.0,0.0,74.31,Credit Card,Delivered,53,4.5
ORD_02188,CUST_0035,REST_102,Pizza Hut,Hyderabad,2024-08-15,22:17:02,Pizza,Cheese Burst Pizza,1,429.0,50.0,88.93,Credit Card,Delivered,44,5.0
ORD_02189,CUST_0543,REST_106,McDonald's,Ahmedabad,2024-11-01,12:24:20,Burger,Classic Chicken Burger,1,199.0,40.0,0.0,Debit Card,Delivered,44,4.5
ORD_02190,CUST_0373,REST_119,Wok Express,Delhi,2024-08-19,20:22:28,Chinese,Chicken Fried Rice,2,230.0,30.0,72.2,Cash,Delivered,38,5.0
ORD_02191,CUST_0619,REST_107,Wendy's,Mumbai,2024-02-22,18:47:27,Burger,Crispy Veg Burger,1,129.0,20.0,115.76,UPI,Delivered,45,5.0
ORD_02192,CUST_0038,REST_104,La Pino'z Pizza,Kolkata,2024-01-05,14:32:47,Pizza,Cheese Burst Pizza,1,429.0,0.0,91.75,UPI,Delivered,29,4.0
ORD_02193,CUST_0439,REST_115,Haldiram's,Mumbai,2024-07-11,20:54:13,Indian,Dal Makhani,2,220.0,50.0,0.0,UPI,Pending,31,0.0
ORD_02194,CUST_0788,REST_129,Starbucks,Kolkata,2024-02-09,21:46:30,Beverages,Masala Chai (Flask),3,110.0,20.0,49.45,UPI,Delivered,28,2.5
ORD_02195,CUST_0757,REST_129,Starbucks,Bangalore,2024-02-26,14:42:24,Beverages,Mango Smoothie,2,160.0,50.0,103.34,Wallet,Pending,28,0.0
ORD_02196,CUST_0741,REST_116,Saravanaa Bhavan,Bangalore,2024-04-17,13:41:17,Indian,Paneer Butter Masala,1,280.0,40.0,127.13,UPI,Delivered,30,3.0
ORD_02197,CUST_0159,REST_117,Mainland China,Bangalore,2024-12-25,19:55:48,Chinese,Chicken Fried Rice,5,230.0,40.0,0.0,UPI,Delivered,64,5.0
ORD_02198,CUST_0282,REST_123,Taco Bell,Kolkata,2024-10-03,13:34:57,Fast Food,Crispy Chicken Bucket,1,480.0,20.0,0.0,Credit Card,Delivered,32,5.0
ORD_02199,CUST_0208,REST_112,Meghana Foods,Bangalore,2024-04-07,21:55:39,Biryani,Kolkata Special Biryani,1,350.0,40.0,61.53,Wallet,Delivered,24,4.5
ORD_02200,CUST_0599,REST_109,Paradise Biryani,Pune,2024-03-16,19:03:33,Biryani,Mutton Dum Biryani,1,450.0,50.0,49.49,UPI,Pending,26,0.0
ORD_02201,CUST_0396,REST_110,Behrouz Biryani,Mumbai,2024-10-22,21:34:28,Biryani,Hyderabadi Chicken Biryani,1,320.0,50.0,122.99,UPI,Cancelled,0,0.0
ORD_02202,CUST_0403,REST_108,The Burger Club,Hyderabad,2024-05-04,21:24:02,Burger,Double Whopper,1,299.0,20.0,73.21,UPI,Delivered,33,2.5
ORD_02203,CUST_0415,REST_103,Ovenstory Pizza,Chennai,2024-05-24,14:05:27,Pizza,Paneer Tikka Pizza,3,349.0,20.0,0.0,Credit Card,Delivered,61,5.0
ORD_02204,CUST_0063,REST_128,Belgian Waffle Co,Delhi,2024-07-11,12:33:17,Desserts,Red Velvet Jar Cake,1,175.0,30.0,0.0,UPI,Delivered,58,5.0
ORD_02205,CUST_0388,REST_111,Bawarchi,Bangalore,2024-02-23,14:19:33,Biryani,Hyderabadi Chicken Biryani,1,320.0,0.0,74.03,UPI,Delivered,60,4.0
ORD_02206,CUST_0399,REST_120,Berco's,Mumbai,2024-01-10,13:16:39,Chinese,Manchurian Gravy,2,210.0,20.0,54.88,UPI,Delivered,42,3.0
ORD_02207,CUST_0320,REST_105,Burger King,Chennai,2024-07-18,14:34:18,Burger,Fiery Paneer Burger,1,179.0,40.0,91.56,Credit Card,Cancelled,0,0.0
ORD_02208,CUST_0058,REST_118,Wow! Momo,Bangalore,2024-09-25,13:17:47,Chinese,Chicken Fried Rice,1,230.0,0.0,64.01,Cash,Delivered,47,4.0
ORD_02209,CUST_0384,REST_110,Behrouz Biryani,Mumbai,2024-06-26,14:01:53,Biryani,Hyderabadi Chicken Biryani,1,320.0,40.0,0.0,Cash,Delivered,32,4.0
ORD_02210,CUST_0512,REST_120,Berco's,Delhi,2024-06-11,19:10:36,Chinese,Manchurian Gravy,3,210.0,50.0,36.1,Credit Card,Delivered,18,3.5
ORD_02211,CUST_0688,REST_122,KFC,Delhi,2024-09-17,14:22:08,Fast Food,Crispy Chicken Bucket,1,480.0,40.0,116.07,UPI,Delivered,44,4.5
ORD_02212,CUST_0047,REST_104,La Pino'z Pizza,Kolkata,2024-12-30,19:14:56,Pizza,Pepperoni Feast,2,499.0,20.0,0.0,Credit Card,Delivered,28,4.5
ORD_02213,CUST_0173,REST_120,Berco's,Ahmedabad,2024-05-02,14:18:18,Chinese,Chicken Fried Rice,1,230.0,20.0,41.61,UPI,Delivered,55,5.0
ORD_02214,CUST_0576,REST_102,Pizza Hut,Kolkata,2024-01-14,14:16:52,pizza,Pepperoni Feast,1,499.0,50.0,33.52,UPI,Delivered,50,5.0
ORD_02215,CUST_0059,REST_129,Starbucks,Chennai,2024-10-26,21:07:35,Beverages,Masala Chai (Flask),1,110.0,20.0,29.37,UPI,Delivered,34,5.0
ORD_02216,CUST_0708,REST_105,Burger King,Hyderabad,2024-03-04,13:54:45,Burger,Fiery Paneer Burger,1,179.0,20.0,39.61,Cash,Cancelled,0,0.0
ORD_02217,CUST_0543,REST_124,Faasos,Pune,2024-09-02,21:38:24,Fast Food,Veggie Delight Sub,1,190.0,0.0,32.05,UPI,Delivered,36,3.5
ORD_02218,CUST_0270,REST_109,Paradise Biryani,Delhi,2024-02-24,12:27:33,Biryani,Paneer Biryani,2,260.0,50.0,39.56,Debit Card,Delivered,61,2.5
ORD_02219,CUST_0005,REST_114,Barbeque Nation,Chennai,2024-02-29,12:25:38,Indian,Dal Makhani,2,220.0,30.0,44.26,UPI,Cancelled,0,0.0
ORD_02220,CUST_0297,REST_113,Punjab Grill,Mumbai,2024-04-10,14:04:29,Indian,Garlic Naan Combo,1,160.0,30.0,116.51,UPI,Delivered,42,3.5
ORD_02221,CUST_0528,REST_113,Punjab Grill,Hyderabad,2024-11-15,19:15:38,Indian,Butter Chicken,1,360.0,40.0,0.0,Credit Card,Pending,26,0.0
ORD_02222,CUST_0573,REST_115,Haldiram's,Ahmedabad,2024-02-17,22:53:46,Indian,Paneer Butter Masala,1,280.0,30.0,0.0,Cash,Delivered,59,4.5
ORD_02223,CUST_0283,REST_128,Belgian Waffle Co,Mumbai,2024-02-04,13:52:50,Desserts,Nutella Brownie,1,130.0,30.0,72.02,UPI,Delivered,20,4.0
ORD_02224,CUST_0257,REST_124,Faasos,Mumbai,2024-07-24,14:37:06,Fast Food,Veggie Delight Sub,4,190.0,50.0,76.51,Credit Card,Delivered,49,2.5
ORD_02225,CUST_0640,REST_113,Punjab Grill,Chennai,2024-12-31,11:57:43,Indian,Garlic Naan Combo,1,160.0,50.0,44.97,UPI,Delivered,54,4.5
ORD_02226,CUST_0519,REST_110,Behrouz Biryani,Ahmedabad,2024-05-06,19:07:02,Biryani,Kolkata Special Biryani,1,350.0,30.0,50.58,Credit Card,Delivered,25,2.5
ORD_02227,CUST_0489,REST_106,McDonald's,Bangalore,2024-03-01,22:48:35,Burger,Smoky BBQ Burger,2,249.0,50.0,70.15,UPI,Delivered,61,4.5
ORD_02228,CUST_0415,REST_117,Mainland China,Mumbai,2024-12-12,18:56:23,Chinese,Chilli Chicken Gravy,1,270.0,20.0,0.0,Credit Card,Delivered,44,5.0
ORD_02229,CUST_0378,REST_129,Starbucks,Pune,2024-03-04,14:53:16,Beverages,Mango Smoothie,1,160.0,0.0,0.0,UPI,Delivered,65,4.0
ORD_02230,CUST_0456,REST_125,Baskin Robbins,Kolkata,2024-05-02,11:03:46,Desserts,Red Velvet Jar Cake,1,175.0,0.0,74.55,Cash,Delivered,51,4.0
ORD_02231,CUST_0576,REST_118,Wow! Momo,Kolkata,2024-04-15,16:37:45,Chinese,Schezwan Veg Momos,1,150.0,50.0,0.0,Debit Card,Delivered,59,3.0
ORD_02232,CUST_0200,REST_127,Naturals Ice Cream,Pune,2024-08-16,19:32:57,Desserts,Belgian Chocolate Waffle,3,160.0,50.0,71.7,Wallet,Delivered,60,4.5
ORD_02233,CUST_0062,REST_114,Barbeque Nation,Kolkata,2024-11-27,09:50:27,Indian,Dal Makhani,2,220.0,40.0,50.7,UPI,Delivered,58,5.0
ORD_02234,,REST_117,Mainland China,Mumbai,2024-06-28,19:02:18,Chinese,Chicken Fried Rice,1,230.0,0.0,41.83,Cash,Delivered,48,4.0
ORD_02235,CUST_0114,REST_132,Chai Point,Bangalore,2024-08-12,14:20:00,beverages,Cold Coffee with Ice Cream,1,150.0,30.0,0.0,Credit Card,Delivered,64,4.5
ORD_02236,CUST_0302,REST_108,The Burger Club,Hyderabad,2024-08-24,20:54:56,Burger,Fiery Paneer Burger,1,179.0,20.0,37.16,Wallet,Delivered,32,4.5
ORD_02237,CUST_0317,REST_120,Berco's,Pune,2024-06-20,13:24:51,Chinese,Chicken Fried Rice,1,230.0,50.0,0.0,Credit Card,Delivered,45,4.5
ORD_02238,CUST_0111,REST_121,Subway,Kolkata,2024-07-20,15:16:01,Fast Food,Veggie Delight Sub,2,190.0,40.0,0.0,Debit Card,Delivered,61,5.0
ORD_02239,CUST_0443,REST_132,Chai Point,Pune,2024-06-14,19:20:14,Beverages,Mango Smoothie,2,160.0,20.0,0.0,Cash,Delivered,62,3.5
ORD_02240,CUST_0285,REST_122,KFC,Hyderabad,2024-09-13,10:29:35,Fast Food,Veggie Delight Sub,2,190.0,30.0,23.73,Wallet,Delivered,39,4.5
ORD_02241,CUST_0229,REST_132,Chai Point,Pune,2024-07-01,21:08:26,Beverages,Masala Chai (Flask),1,110.0,0.0,0.0,UPI,Delivered,60,4.5
ORD_02242,CUST_0373,REST_121,Subway,Bangalore,2024-07-23,13:18:05,Fast Food,Paneer Wrap,1,160.0,20.0,0.0,Credit Card,Delivered,62,4.5
ORD_02243,CUST_0178,REST_126,Theobroma,Kolkata,2024-05-06,19:02:24,Desserts,Gulab Jamun (2 pcs),2,80.0,30.0,23.46,UPI,Delivered,55,3.5
ORD_02244,CUST_0372,REST_116,Saravanaa Bhavan,Delhi,2024-05-08,12:04:53,indian,Kadhai Paneer,5,270.0,40.0,95.03,Debit Card,Delivered,39,4.5
ORD_02245,CUST_0068,REST_126,Theobroma,Ahmedabad,2024-04-11,21:48:05,Desserts,Chocolate Truffle Pastry,1,140.0,40.0,0.0,UPI,Delivered,45,4.0
ORD_02246,CUST_0145,REST_120,Berco's,Bangalore,2024-12-12,12:06:17,Chinese,Veg Hakka Noodles,1,180.0,0.0,0.0,Credit Card,Delivered,53,4.5
ORD_02247,CUST_0569,REST_116,Saravanaa Bhavan,Chennai,2024-10-10,14:46:52,Indian,Dal Makhani,2,220.0,0.0,142.07,Cash,Delivered,56,5.0
ORD_02248,CUST_0534,REST_121,Subway,Mumbai,2024-12-01,09:34:07,Fast Food,Cheesy French Fries,1,120.0,20.0,0.0,Credit Card,Delivered,20,4.5
ORD_02249,CUST_0712,REST_124,Faasos,Mumbai,2024-06-23,21:51:51,Fast Food,Veggie Delight Sub,2,190.0,0.0,72.88,Credit Card,Pending,23,0.0
ORD_02250,CUST_0425,REST_125,Baskin Robbins,Chennai,2024-11-21,21:57:27,Desserts,Red Velvet Jar Cake,4,175.0,40.0,85.81,UPI,Delivered,64,4.0
ORD_02251,CUST_0195,REST_109,Paradise Biryani,Pune,2024-05-16,14:50:53,Biryani,Kolkata Special Biryani,1,350.0,30.0,66.6,UPI,Cancelled,0,0.0
ORD_02252,CUST_0251,REST_107,Wendy's,Hyderabad,2024-07-08,14:22:31,Burger,Fiery Paneer Burger,2,179.0,0.0,104.31,Cash,Cancelled,0,0.0
ORD_02253,CUST_0099,REST_103,Ovenstory Pizza,Hyderabad,2024-11-15,19:19:15,Pizza,Cheese Burst Pizza,4,429.0,50.0,41.79,Cash,Delivered,40,5.0
ORD_02254,CUST_0742,REST_114,Barbeque Nation,Kolkata,2024-04-25,20:17:57,Indian,Butter Chicken,2,360.0,50.0,103.92,UPI,Delivered,24,3.0
ORD_02255,CUST_0583,REST_124,Faasos,Kolkata,2024-06-13,12:32:47,Fast Food,Cheesy French Fries,1,120.0,30.0,90.01,UPI,Cancelled,0,0.0
ORD_02256,CUST_0225,REST_119,Wok Express,Kolkata,2024-12-11,14:33:22,Chinese,Chicken Fried Rice,2,230.0,50.0,0.0,UPI,Delivered,42,4.5
ORD_02257,CUST_0183,REST_126,Theobroma,Kolkata,2024-08-11,12:15:26,Desserts,Gulab Jamun (2 pcs),1,80.0,0.0,110.25,UPI,Delivered,52,5.0
ORD_02258,CUST_0721,REST_124,Faasos,Kolkata,2024-01-17,20:57:32,Fast Food,Paneer Wrap,1,160.0,40.0,57.29,UPI,Delivered,36,4.5
ORD_02259,CUST_0137,REST_119,Wok Express,Pune,2024-04-24,14:17:06,Chinese,Schezwan Veg Momos,5,150.0,30.0,54.17,UPI,Delivered,33,4.0
ORD_02260,CUST_0542,REST_128,Belgian Waffle Co,Pune,2024-11-22,22:27:40,Desserts,Nutella Brownie,1,130.0,30.0,55.52,UPI,Delivered,24,5.0
ORD_02261,CUST_0303,REST_115,Haldiram's,Mumbai,2024-08-27,13:25:01,Indian,Butter Chicken,2,360.0,50.0,59.14,Credit Card,Delivered,59,5.0
ORD_02262,CUST_0765,REST_110,Behrouz Biryani,Chennai,2024-04-18,14:08:08,Biryani,Veg Dum Biryani,1,240.0,30.0,111.94,Cash,Delivered,47,5.0
ORD_02263,CUST_0348,REST_109,Paradise Biryani,Mumbai,2024-09-26,13:05:06,Biryani,Paneer Biryani,4,260.0,30.0,43.76,UPI,Delivered,30,4.5
ORD_02264,CUST_0406,REST_118,Wow! Momo,Ahmedabad,2024-12-07,21:57:44,Chinese,Veg Hakka Noodles,2,180.0,50.0,93.49,Credit Card,Delivered,37,4.5
ORD_02265,CUST_0393,REST_111,Bawarchi,Hyderabad,2024-03-07,12:09:59,Biryani,Mutton Dum Biryani,1,450.0,40.0,0.0,UPI,Delivered,59,4.5
ORD_02266,CUST_0422,REST_129,Starbucks,Ahmedabad,2024-10-18,13:13:45,Beverages,Iced Green Tea,1,130.0,0.0,140.23,UPI,Delivered,58,5.0
ORD_02267,CUST_0139,REST_107,Wendy's,Delhi,2024-03-29,21:40:03,Burger,Fiery Paneer Burger,1,179.0,30.0,47.19,Cash,Delivered,61,5.0
ORD_02268,CUST_0598,REST_123,Taco Bell,Pune,2024-11-14,22:36:05,Fast Food,Paneer Wrap,2,160.0,50.0,28.45,Debit Card,Delivered,20,4.5
ORD_02269,CUST_0024,REST_107,Wendy's,Mumbai,2024-09-15,21:38:03,Burger,Double Whopper,1,299.0,30.0,0.0,Cash,Delivered,24,5.0
ORD_02270,CUST_0773,REST_128,Belgian Waffle Co,Mumbai,2024-11-19,14:51:00,Desserts,Chocolate Truffle Pastry,2,140.0,0.0,0.0,UPI,Cancelled,0,0.0
ORD_02271,CUST_0496,REST_118,Wow! Momo,Bangalore,2024-09-04,17:56:46,Chinese,Chicken Fried Rice,2,230.0,40.0,58.71,UPI,Delivered,51,5.0
ORD_02272,CUST_0354,REST_129,Starbucks,Delhi,2024-08-25,21:04:11,Beverages,Iced Green Tea,2,130.0,30.0,0.0,Wallet,Delivered,45,4.5
ORD_02273,CUST_0697,REST_132,Chai Point,Ahmedabad,2024-05-08,12:24:51,Beverages,Caffe Latte,3,220.0,30.0,46.52,UPI,Delivered,18,5.0
ORD_02274,CUST_0449,REST_117,Mainland China,Delhi,2024-09-01,20:55:32,Chinese,Schezwan Veg Momos,1,150.0,40.0,0.0,Credit Card,Delivered,20,4.5
ORD_02275,CUST_0404,REST_128,Belgian Waffle Co,Pune,2024-08-30,19:29:07,Desserts,Belgian Chocolate Waffle,2,160.0,20.0,0.0,UPI,Delivered,50,4.0
ORD_02276,CUST_0753,REST_114,Barbeque Nation,Mumbai,2024-04-10,21:45:09,Indian,Dal Makhani,3,220.0,30.0,60.02,Debit Card,Delivered,38,4.0
ORD_02277,CUST_0574,REST_104,La Pino'z Pizza,Delhi,2024-09-24,14:38:19,Pizza,Pepperoni Feast,3,499.0,40.0,0.0,Credit Card,Delivered,22,5.0
ORD_02278,CUST_0267,REST_126,Theobroma,Hyderabad,2024-10-20,22:21:25,Desserts,Chocolate Truffle Pastry,2,140.0,30.0,0.0,Debit Card,Delivered,38,5.0
ORD_02279,CUST_0345,REST_126,Theobroma,Pune,2024-02-01,12:24:09,Desserts,Chocolate Truffle Pastry,2,140.0,0.0,79.04,Credit Card,Delivered,21,4.5
ORD_02280,CUST_0759,REST_117,Mainland China,Mumbai,2024-04-14,19:48:55,Chinese,Veg Hakka Noodles,3,180.0,20.0,126.59,Cash,Delivered,60,4.0
ORD_02281,CUST_0374,REST_130,Chaayos,Bangalore,2024-06-11,14:25:28,Beverages,Iced Green Tea,1,130.0,0.0,0.0,UPI,Delivered,63,4.0
ORD_02282,CUST_0187,REST_107,Wendy's,Pune,2024-12-26,13:00:03,Burger,Classic Chicken Burger,2,199.0,50.0,0.0,Credit Card,Delivered,31,2.0
ORD_02283,CUST_0586,REST_131,Cafe Coffee Day,Hyderabad,2024-01-11,20:27:48,Beverages,Mango Smoothie,1,160.0,50.0,0.0,UPI,Delivered,62,5.0
ORD_02284,CUST_0070,REST_111,Bawarchi,Chennai,2024-10-29,22:48:05,Biryani,Hyderabadi Chicken Biryani,1,320.0,30.0,0.0,Cash,Delivered,62,4.5
ORD_02285,CUST_0708,REST_129,Starbucks,Kolkata,2024-04-09,20:49:09,Beverages,Mango Smoothie,1,160.0,20.0,32.25,UPI,Pending,37,0.0
ORD_02286,CUST_0540,REST_107,Wendy's,Ahmedabad,2024-06-28,21:19:31,Burger,Double Whopper,4,299.0,40.0,37.04,Credit Card,Delivered,35,4.0
ORD_02287,CUST_0466,REST_113,Punjab Grill,Bangalore,2024-03-03,19:46:43,Indian,Paneer Butter Masala,1,280.0,50.0,0.0,Cash,Delivered,65,5.0
ORD_02288,CUST_0360,REST_121,Subway,Mumbai,2024-06-12,12:00:35,Fast Food,Crispy Chicken Bucket,3,480.0,50.0,136.78,Cash,Delivered,34,5.0
ORD_02289,CUST_0603,REST_132,Chai Point,Hyderabad,2024-04-09,17:24:48,Beverages,Mango Smoothie,1,160.0,20.0,0.0,Credit Card,Delivered,65,4.5
ORD_02290,CUST_0204,REST_110,Behrouz Biryani,Ahmedabad,2024-03-28,14:59:04,Biryani,Kolkata Special Biryani,1,350.0,20.0,0.0,UPI,Delivered,58,4.5
ORD_02291,CUST_0321,REST_122,KFC,Mumbai,2024-11-03,21:58:40,Fast Food,Crispy Chicken Bucket,1,480.0,40.0,0.0,UPI,Delivered,59,4.5
ORD_02292,CUST_0078,REST_124,Faasos,Chennai,2024-04-30,21:24:01,Fast Food,Chicken Zinger Meal,2,299.0,30.0,53.36,UPI,Delivered,49,2.0
ORD_02293,CUST_0447,REST_116,Saravanaa Bhavan,Kolkata,2024-09-26,22:51:19,Indian,Kadhai Paneer,1,270.0,50.0,39.05,Credit Card,Delivered,25,5.0
ORD_02294,CUST_0627,REST_119,Wok Express,Chennai,2024-07-18,22:15:54,Chinese,Manchurian Gravy,2,210.0,20.0,0.0,UPI,Delivered,35,5.0
ORD_02295,CUST_0082,REST_115,Haldiram's,Bangalore,2024-08-21,13:57:52,Indian,Kadhai Paneer,1,270.0,50.0,0.0,Cash,Delivered,51,4.5
ORD_02296,CUST_0607,REST_110,Behrouz Biryani,Hyderabad,2024-01-21,12:58:03,Biryani,Paneer Biryani,1,260.0,0.0,0.0,UPI,Delivered,32,4.5
ORD_02297,CUST_0292,REST_121,Subway,Mumbai,2024-04-24,20:18:26,Fast Food,Paneer Wrap,1,160.0,40.0,0.0,UPI,Delivered,33,3.0
ORD_02298,CUST_0794,REST_122,KFC,Pune,2024-07-09,14:56:45,Fast Food,Veggie Delight Sub,1,190.0,40.0,0.0,Debit Card,Delivered,52,5.0
ORD_02299,CUST_0161,REST_108,The Burger Club,Bangalore,2024-09-25,13:48:40,Burger,Crispy Veg Burger,1,129.0,40.0,67.28,UPI,Delivered,48,2.0
ORD_02300,CUST_0436,REST_104,La Pino'z Pizza,Hyderabad,2024-04-22,14:46:15,Pizza,Paneer Tikka Pizza,3,349.0,40.0,51.31,Credit Card,Pending,36,0.0
ORD_02301,CUST_0344,REST_103,Ovenstory Pizza,Mumbai,2024-07-05,13:45:08,Pizza,Farmhouse Supreme,2,399.0,20.0,142.1,credit card,Pending,43,0.0
ORD_02302,CUST_0084,REST_130,Chaayos,Mumbai,2024-12-19,20:22:09,Beverages,Caffe Latte,1,220.0,20.0,0.0,UPI,Delivered,57,5.0
ORD_02303,CUST_0360,REST_129,Starbucks,Pune,2024-08-22,12:37:35,Beverages,Cold Coffee with Ice Cream,3,150.0,40.0,0.0,Credit Card,Delivered,23,4.0
ORD_02304,CUST_0567,REST_103,Ovenstory Pizza,Ahmedabad,2024-09-10,21:48:12,Pizza,Margherita Pizza,2,249.0,0.0,60.79,UPI,Delivered,27,4.5
ORD_02305,CUST_0635,REST_104,La Pino'z Pizza,Kolkata,2024-06-27,20:54:02,Pizza,Margherita Pizza,1,249.0,40.0,23.57,UPI,Delivered,42,4.5
ORD_02306,CUST_0029,REST_131,Cafe Coffee Day,Bangalore,2024-08-18,14:49:09,Beverages,Caffe Latte,1,220.0,50.0,0.0,UPI,Delivered,48,5.0
ORD_02307,CUST_0437,REST_103,Ovenstory Pizza,Hyderabad,2024-04-20,21:43:58,Pizza,Cheese Burst Pizza,1,429.0,40.0,132.22,Debit Card,Delivered,28,5.0
ORD_02308,CUST_0345,REST_104,La Pino'z Pizza,Pune,2024-09-03,21:36:22,Pizza,Paneer Tikka Pizza,1,349.0,20.0,61.44,UPI,Delivered,18,5.0
ORD_02309,CUST_0655,REST_130,Chaayos,Ahmedabad,2024-01-07,20:21:44,Beverages,Masala Chai (Flask),3,110.0,50.0,60.56,Cash,Delivered,52,3.0
ORD_02310,CUST_0542,REST_110,Behrouz Biryani,Ahmedabad,2024-09-05,13:50:30,Biryani,Veg Dum Biryani,2,240.0,0.0,28.41,Wallet,Delivered,36,5.0
ORD_02311,CUST_0479,REST_113,Punjab Grill,Chennai,2024-07-13,19:27:49,Indian,Garlic Naan Combo,2,160.0,0.0,0.0,Cash,Delivered,45,5.0
ORD_02312,CUST_0018,REST_131,Cafe Coffee Day,Chennai,2024-01-22,21:21:35,Beverages,Cold Coffee with Ice Cream,1,150.0,50.0,27.16,Cash,Delivered,54,4.5
ORD_02313,CUST_0667,REST_119,Wok Express,Pune,2024-05-03,21:47:44,Chinese,Manchurian Gravy,3,210.0,50.0,144.02,UPI,Delivered,31,4.5
ORD_02314,CUST_0499,REST_111,Bawarchi,Bangalore,2024-06-15,11:31:02,Biryani,Veg Dum Biryani,1,240.0,20.0,0.0,UPI,Delivered,36,3.5
ORD_02315,CUST_0267,REST_128,Belgian Waffle Co,Chennai,2024-12-09,12:46:02,Desserts,Red Velvet Jar Cake,1,175.0,20.0,72.15,Cash,Delivered,64,4.5
ORD_02316,CUST_0755,REST_130,Chaayos,Pune,2024-02-23,22:07:47,Beverages,Masala Chai (Flask),1,110.0,50.0,71.99,UPI,Delivered,18,2.5
ORD_02317,CUST_0119,REST_125,Baskin Robbins,Pune,2024-01-10,21:24:38,Desserts,Red Velvet Jar Cake,1,175.0,20.0,40.07,UPI,Delivered,34,3.0
ORD_02318,CUST_0158,REST_130,Chaayos,Kolkata,2024-03-20,15:26:06,Beverages,Cold Coffee with Ice Cream,1,150.0,40.0,44.88,UPI,Cancelled,0,0.0
ORD_02319,CUST_0599,REST_131,Cafe Coffee Day,Kolkata,2024-05-23,19:40:36,Beverages,Mango Smoothie,2,160.0,50.0,83.98,Debit Card,Delivered,23,4.0
ORD_02320,CUST_0097,REST_103,Ovenstory Pizza,Pune,2024-07-14,10:16:53,Pizza,Pepperoni Feast,3,499.0,30.0,69.32,UPI,Delivered,34,4.0
ORD_02321,CUST_0441,REST_119,Wok Express,Chennai,2024-11-20,22:47:38,Chinese,Manchurian Gravy,1,210.0,30.0,0.0,Credit Card,Delivered,25,3.5
ORD_02322,CUST_0475,REST_120,Berco's,Mumbai,2024-03-10,20:51:35,Chinese,Schezwan Veg Momos,3,150.0,40.0,0.0,UPI,Delivered,28,5.0
ORD_02323,CUST_0487,REST_104,La Pino'z Pizza,Pune,2024-12-03,13:27:16,Pizza,Farmhouse Supreme,3,399.0,30.0,0.0,UPI,Delivered,30,4.5
ORD_02324,CUST_0334,REST_124,Faasos,Kolkata,2024-10-12,22:46:09,Fast Food,Crispy Chicken Bucket,3,480.0,20.0,71.64,Debit Card,Delivered,22,3.5
ORD_02325,CUST_0361,REST_111,Bawarchi,Chennai,2024-09-03,21:25:57,Biryani,Mutton Dum Biryani,1,450.0,0.0,35.06,Debit Card,Cancelled,0,0.0
ORD_02326,CUST_0450,REST_129,Starbucks,Bangalore,2024-07-19,21:02:44,Beverages,Caffe Latte,2,220.0,50.0,0.0,Cash,Delivered,33,5.0
ORD_02327,CUST_0463,REST_114,Barbeque Nation,Hyderabad,2024-03-05,14:27:28,Indian,Garlic Naan Combo,1,160.0,50.0,0.0,Cash,Delivered,25,4.5
ORD_02328,CUST_0781,REST_132,Chai Point,Pune,2024-10-25,14:18:17,Beverages,Masala Chai (Flask),2,110.0,20.0,90.09,Cash,Delivered,49,5.0
ORD_02329,CUST_0746,REST_127,Naturals Ice Cream,Pune,2024-01-03,18:14:25,Desserts,Nutella Brownie,2,130.0,40.0,31.51,UPI,Delivered,43,5.0
ORD_02330,CUST_0796,REST_108,The Burger Club,Hyderabad,2024-11-01,20:19:02,Burger,Fiery Paneer Burger,3,179.0,50.0,32.19,UPI,Delivered,60,2.5
ORD_02331,CUST_0525,REST_108,The Burger Club,Mumbai,2024-05-23,12:10:15,Burger,Fiery Paneer Burger,1,179.0,50.0,0.0,UPI,Delivered,50,4.5
ORD_02332,CUST_0630,REST_113,Punjab Grill,Kolkata,2024-06-30,20:36:30,Indian,Paneer Butter Masala,1,280.0,0.0,33.53,Credit Card,Cancelled,0,0.0
ORD_02333,CUST_0087,REST_128,Belgian Waffle Co,Mumbai,2024-09-13,12:15:45,Desserts,Chocolate Truffle Pastry,1,140.0,0.0,0.0,UPI,Delivered,59,5.0
ORD_02334,CUST_0507,REST_111,Bawarchi,Bangalore,2024-11-22,12:55:57,Biryani,Hyderabadi Chicken Biryani,1,320.0,0.0,133.23,UPI,Pending,24,0.0
ORD_02335,CUST_0543,REST_101,Domino's Pizza,Chennai,2024-09-02,23:59:41,Pizza,Farmhouse Supreme,1,399.0,20.0,68.64,UPI,Delivered,57,4.5
ORD_02336,CUST_0433,REST_127,Naturals Ice Cream,Pune,2024-09-30,19:48:25,Desserts,Chocolate Truffle Pastry,2,140.0,20.0,0.0,UPI,Pending,35,0.0
ORD_02337,CUST_0056,REST_107,Wendy's,Ahmedabad,2024-10-23,19:38:57,Burger,Double Whopper,4,299.0,0.0,100.6,Credit Card,Delivered,29,4.5
ORD_02338,CUST_0008,REST_120,Berco's,Bangalore,2024-09-19,22:39:33,Chinese,Chilli Chicken Gravy,2,270.0,50.0,23.47,UPI,Delivered,25,3.5
ORD_02339,CUST_0157,REST_110,Behrouz Biryani,Hyderabad,2024-08-20,12:49:20,Biryani,Paneer Biryani,1,260.0,0.0,0.0,Credit Card,Delivered,53,4.0
ORD_02340,CUST_0303,REST_123,Taco Bell,Ahmedabad,2024-11-24,22:50:19,Fast Food,Veggie Delight Sub,1,190.0,30.0,22.87,Cash,Delivered,54,5.0
ORD_02341,CUST_0772,REST_116,Saravanaa Bhavan,Pune,2024-11-02,15:30:53,Indian,Garlic Naan Combo,1,160.0,30.0,35.41,Debit Card,Delivered,52,4.5
ORD_02342,,REST_129,Starbucks,Ahmedabad,2024-10-24,20:07:28,Beverages,Iced Green Tea,2,130.0,0.0,24.28,UPI,Delivered,55,4.0
ORD_02343,CUST_0198,REST_113,Punjab Grill,Hyderabad,2024-12-10,13:16:01,Indian,Dal Makhani,1,220.0,0.0,0.0,UPI,Cancelled,0,0.0
ORD_02344,CUST_0214,REST_109,Paradise Biryani,Kolkata,2024-03-26,20:03:43,Biryani,Kolkata Special Biryani,2,350.0,0.0,130.74,UPI,Delivered,32,5.0
ORD_02345,CUST_0300,REST_110,Behrouz Biryani,Mumbai,2024-01-04,19:44:28,Biryani,Hyderabadi Chicken Biryani,1,320.0,50.0,0.0,Cash,Delivered,20,5.0
ORD_02346,CUST_0682,REST_101,Domino's Pizza,Kolkata,2024-12-29,21:26:49,Pizza,Cheese Burst Pizza,1,429.0,20.0,28.65,UPI,Delivered,56,4.5
ORD_02347,CUST_0443,REST_122,KFC,Hyderabad,2024-02-26,19:09:45,Fast Food,Cheesy French Fries,1,120.0,50.0,103.23,Wallet,Delivered,44,5.0
ORD_02348,CUST_0173,REST_110,Behrouz Biryani,Chennai,2024-08-16,13:05:42,Biryani,Veg Dum Biryani,1,240.0,0.0,24.7,UPI,Delivered,63,4.5
ORD_02349,CUST_0633,REST_122,KFC,Ahmedabad,2024-03-03,22:58:33,Fast Food,Chicken Zinger Meal,2,299.0,50.0,59.28,UPI,Delivered,33,5.0
ORD_02350,CUST_0325,REST_105,Burger King,Delhi,2024-03-24,11:10:18,Burger,Classic Chicken Burger,2,199.0,50.0,0.0,UPI,Delivered,44,4.5
ORD_02351,CUST_0689,REST_129,Starbucks,Hyderabad,2024-12-31,19:43:26,Beverages,Mango Smoothie,1,160.0,30.0,0.0,Wallet,Delivered,52,4.5
ORD_02352,CUST_0006,REST_117,Mainland China,Hyderabad,2024-11-28,10:59:31,Chinese,Veg Hakka Noodles,1,180.0,0.0,41.28,UPI,Cancelled,0,0.0
ORD_02353,CUST_0689,REST_130,Chaayos,Bangalore,2024-04-23,10:29:10,Beverages,Iced Green Tea,1,130.0,20.0,110.26,UPI,Pending,33,0.0
ORD_02354,CUST_0032,REST_107,Wendy's,Delhi,2024-03-07,09:45:57,Burger,Classic Chicken Burger,3,199.0,50.0,86.14,UPI,Delivered,35,5.0
ORD_02355,CUST_0177,REST_105,Burger King,Chennai,2024-08-30,21:42:25,Burger,Classic Chicken Burger,4,199.0,20.0,0.0,Credit Card,Delivered,32,2.5
ORD_02356,CUST_0436,REST_109,Paradise Biryani,Chennai,2024-08-04,16:25:03,Biryani,Hyderabadi Chicken Biryani,1,320.0,50.0,82.33,Credit Card,Delivered,33,5.0
ORD_02357,CUST_0401,REST_109,Paradise Biryani,Kolkata,2024-05-26,13:12:48,Biryani,Kolkata Special Biryani,4,350.0,0.0,131.4,UPI,Delivered,18,4.5
ORD_02358,CUST_0662,REST_105,Burger King,Chennai,2024-08-31,11:59:14,Burger,Double Whopper,2,299.0,30.0,60.86,Credit Card,Delivered,61,5.0
ORD_02359,CUST_0613,REST_132,Chai Point,Mumbai,2024-12-16,22:47:24,Beverages,Iced Green Tea,1,130.0,50.0,114.52,Wallet,Delivered,62,4.0
ORD_02360,CUST_0285,REST_131,Cafe Coffee Day,Chennai,2024-05-03,20:23:41,Beverages,Mango Smoothie,3,160.0,50.0,43.76,Cash,Delivered,60,4.5
ORD_02361,CUST_0160,REST_113,Punjab Grill,Kolkata,2024-06-12,19:50:36,Indian,Garlic Naan Combo,1,160.0,0.0,0.0,Credit Card,Delivered,57,4.5
ORD_02362,CUST_0459,REST_103,Ovenstory Pizza,Chennai,2024-10-16,21:02:38,Pizza,Pepperoni Feast,1,499.0,50.0,0.0,UPI,Delivered,64,5.0
ORD_02363,CUST_0051,REST_114,Barbeque Nation,Pune,2024-02-09,14:06:05,Indian,Dal Makhani,2,220.0,30.0,0.0,Credit Card,Delivered,58,3.5
ORD_02364,CUST_0182,REST_101,Domino's Pizza,Ahmedabad,2024-09-14,10:48:07,Pizza,Paneer Tikka Pizza,1,349.0,0.0,52.04,Cash,Cancelled,0,0.0
ORD_02365,CUST_0165,REST_113,Punjab Grill,Hyderabad,2024-06-17,22:08:22,Indian,Butter Chicken,1,360.0,20.0,38.92,Credit Card,Delivered,45,5.0
ORD_02366,CUST_0119,REST_106,McDonald's,Chennai,2024-03-30,14:31:12,Burger,Classic Chicken Burger,1,199.0,30.0,32.79,Cash,Delivered,24,4.0
ORD_02367,CUST_0155,REST_118,Wow! Momo,Mumbai,2024-08-12,13:16:07,Chinese,Veg Hakka Noodles,1,180.0,50.0,53.97,Cash,Delivered,21,2.0
ORD_02368,CUST_0581,REST_122,KFC,Bangalore,2024-10-21,22:31:38,Fast Food,Crispy Chicken Bucket,3,480.0,50.0,0.0,UPI,Delivered,49,5.0
ORD_02369,CUST_0465,REST_113,Punjab Grill,Bangalore,2024-12-14,10:08:37,Indian,Garlic Naan Combo,1,160.0,20.0,0.0,UPI,Cancelled,0,0.0
ORD_02370,CUST_0672,REST_101,Domino's Pizza,Hyderabad,2024-08-31,21:48:43,Pizza,Margherita Pizza,1,249.0,30.0,51.72,Wallet,Delivered,36,4.0
ORD_02371,CUST_0175,REST_110,Behrouz Biryani,Hyderabad,2024-04-26,09:35:30,Biryani,Mutton Dum Biryani,2,450.0,50.0,141.49,Debit Card,Delivered,64,4.5
ORD_02372,CUST_0108,REST_129,Starbucks,Hyderabad,2024-06-29,13:33:13,Beverages,Iced Green Tea,1,130.0,20.0,0.0,Wallet,Delivered,65,4.5
ORD_02373,CUST_0666,REST_102,Pizza Hut,Mumbai,2024-02-04,20:04:59,Pizza,Paneer Tikka Pizza,1,349.0,50.0,0.0,Credit Card,Delivered,33,4.5
ORD_02374,CUST_0654,REST_130,Chaayos,Chennai,2024-03-04,20:28:03,Beverages,Iced Green Tea,2,130.0,50.0,0.0,UPI,Delivered,38,5.0
ORD_02375,CUST_0500,REST_103,Ovenstory Pizza,Mumbai,2024-07-01,20:54:13,Pizza,Pepperoni Feast,3,499.0,50.0,56.69,Credit Card,Delivered,53,3.5
ORD_02376,CUST_0764,REST_121,Subway,Hyderabad,2024-09-30,22:37:35,Fast Food,Veggie Delight Sub,2,190.0,30.0,60.5,UPI,Delivered,41,4.5
ORD_02377,CUST_0329,REST_113,Punjab Grill,Hyderabad,2024-01-09,22:43:57,Indian,Garlic Naan Combo,1,160.0,40.0,0.0,Debit Card,Delivered,54,4.0
ORD_02378,CUST_0442,REST_107,Wendy's,Delhi,2024-04-22,20:31:13,Burger,Classic Chicken Burger,2,199.0,20.0,0.0,UPI,Delivered,57,5.0
ORD_02379,CUST_0793,REST_130,Chaayos,Hyderabad,2024-07-31,20:56:03,Beverages,Cold Coffee with Ice Cream,3,150.0,30.0,102.83,UPI,Delivered,24,4.5
ORD_02380,CUST_0460,REST_111,Bawarchi,Chennai,2024-10-13,22:15:09,Biryani,Kolkata Special Biryani,1,350.0,30.0,0.0,UPI,Delivered,26,4.5
ORD_02381,CUST_0344,REST_128,Belgian Waffle Co,Hyderabad,2024-11-21,19:52:28,Desserts,Nutella Brownie,5,130.0,0.0,46.22,Credit Card,Pending,20,0.0
ORD_02382,CUST_0322,REST_101,Domino's Pizza,Kolkata,2024-11-05,21:34:55,Pizza,Cheese Burst Pizza,3,429.0,30.0,0.0,UPI,Pending,34,0.0
ORD_02383,CUST_0762,REST_131,Cafe Coffee Day,Delhi,2024-04-04,21:16:03,Beverages,Masala Chai (Flask),4,110.0,30.0,148.03,Debit Card,Cancelled,0,0.0
ORD_02384,CUST_0430,REST_117,Mainland China,Ahmedabad,2024-03-30,22:41:31,Chinese,Manchurian Gravy,2,210.0,50.0,57.38,UPI,Pending,22,0.0
ORD_02385,,REST_117,Mainland China,Delhi,2024-11-18,13:40:30,Chinese,Chilli Chicken Gravy,1,270.0,0.0,133.76,UPI,Delivered,37,4.5
ORD_02386,CUST_0051,REST_103,Ovenstory Pizza,Mumbai,2024-01-12,22:16:54,Pizza,Margherita Pizza,1,249.0,50.0,49.06,UPI,Delivered,52,4.0
ORD_02387,CUST_0370,REST_103,Ovenstory Pizza,Pune,2024-10-24,13:25:27,Pizza,Cheese Burst Pizza,1,429.0,40.0,24.57,UPI,Delivered,48,4.5
ORD_02388,CUST_0092,REST_109,Paradise Biryani,Delhi,2024-06-29,21:03:35,Biryani,Kolkata Special Biryani,2,350.0,30.0,53.09,UPI,Delivered,19,4.5
ORD_02389,CUST_0073,REST_117,Mainland China,Ahmedabad,2024-12-16,22:54:49,Chinese,Schezwan Veg Momos,5,150.0,40.0,136.39,Debit Card,Delivered,20,4.0
ORD_02390,CUST_0796,REST_113,Punjab Grill,Bangalore,2024-08-22,12:10:23,Indian,Kadhai Paneer,1,270.0,40.0,0.0,Cash,Cancelled,0,0.0
ORD_02391,CUST_0608,REST_119,Wok Express,Pune,2024-11-06,13:16:43,Chinese,Manchurian Gravy,1,210.0,50.0,0.0,Cash,Delivered,23,3.5
ORD_02392,CUST_0455,REST_119,Wok Express,Bangalore,2024-12-30,14:10:49,Chinese,Schezwan Veg Momos,2,150.0,30.0,81.92,Debit Card,Cancelled,0,0.0
ORD_02393,CUST_0543,REST_101,Domino's Pizza,Chennai,2024-12-04,21:54:48,Pizza,Cheese Burst Pizza,3,429.0,30.0,92.6,Wallet,Delivered,59,4.0
ORD_02394,CUST_0516,REST_104,La Pino'z Pizza,Ahmedabad,2024-09-01,22:26:51,Pizza,Pepperoni Feast,1,499.0,50.0,31.32,Cash,Delivered,35,3.5
ORD_02395,CUST_0577,REST_129,Starbucks,Delhi,2024-03-05,22:19:28,Beverages,Mango Smoothie,1,160.0,40.0,58.18,UPI,Delivered,57,5.0
ORD_02396,CUST_0195,REST_112,Meghana Foods,Kolkata,2024-03-05,20:07:28,Biryani,Veg Dum Biryani,1,240.0,50.0,71.06,UPI,Delivered,44,4.0
ORD_02397,CUST_0589,REST_103,Ovenstory Pizza,Delhi,2024-04-18,21:31:02,Pizza,Paneer Tikka Pizza,2,349.0,30.0,110.81,Cash,Delivered,25,5.0
ORD_02398,CUST_0462,REST_102,Pizza Hut,Ahmedabad,2024-01-10,13:23:18,Pizza,Farmhouse Supreme,1,399.0,30.0,0.0,Debit Card,Delivered,57,3.5
ORD_02399,CUST_0332,REST_124,Faasos,Bangalore,2024-09-08,21:59:47,Fast Food,Veggie Delight Sub,1,190.0,30.0,0.0,UPI,Delivered,48,4.5
ORD_02400,CUST_0771,REST_114,Barbeque Nation,Pune,2024-12-19,20:00:45,Indian,Dal Makhani,3,220.0,30.0,0.0,Cash,Delivered,31,4.0
ORD_02401,CUST_0165,REST_130,Chaayos,Ahmedabad,2024-11-16,12:30:24,Beverages,Iced Green Tea,2,130.0,50.0,112.35,Wallet,Delivered,35,3.5
ORD_02402,CUST_0754,REST_125,Baskin Robbins,Pune,2024-07-28,08:50:40,Desserts,Red Velvet Jar Cake,1,175.0,40.0,68.13,UPI,Delivered,56,2.5
ORD_02403,CUST_0293,REST_121,Subway,Hyderabad,2024-09-03,13:51:06,Fast Food,Crispy Chicken Bucket,1,480.0,20.0,67.89,Cash,Delivered,26,5.0
ORD_02404,CUST_0295,REST_108,The Burger Club,Delhi,2024-12-14,13:01:54,Burger,Double Whopper,3,299.0,40.0,100.73,UPI,Delivered,42,4.5
ORD_02405,CUST_0628,REST_104,La Pino'z Pizza,Ahmedabad,2024-09-17,19:30:42,Pizza,Cheese Burst Pizza,1,429.0,50.0,0.0,UPI,Delivered,37,3.5
ORD_02406,CUST_0145,REST_131,Cafe Coffee Day,Hyderabad,2024-04-01,21:36:55,Beverages,Caffe Latte,2,220.0,30.0,25.37,UPI,Delivered,61,4.5
ORD_02407,CUST_0626,REST_106,McDonald's,Delhi,2024-06-02,13:02:15,Burger,Smoky BBQ Burger,1,249.0,0.0,50.43,Wallet,Cancelled,0,0.0
ORD_02408,CUST_0366,REST_105,Burger King,Kolkata,2024-01-15,15:36:52,Burger,Double Whopper,3,299.0,0.0,120.21,UPI,Delivered,45,4.0
ORD_02409,CUST_0223,REST_114,Barbeque Nation,Chennai,2024-07-01,17:56:10,Indian,Garlic Naan Combo,1,160.0,30.0,46.07,Cash,Delivered,53,4.5
ORD_02410,CUST_0753,REST_102,Pizza Hut,Hyderabad,2024-08-31,10:29:36,Pizza,Paneer Tikka Pizza,1,349.0,0.0,39.68,Wallet,Delivered,30,5.0
ORD_02411,CUST_0621,REST_119,Wok Express,Bangalore,2024-05-05,12:25:35,Chinese,Manchurian Gravy,2,210.0,40.0,33.23,Cash,Delivered,54,3.5
ORD_02412,CUST_0082,REST_128,Belgian Waffle Co,Bangalore,2024-09-16,13:31:50,Desserts,Red Velvet Jar Cake,1,175.0,50.0,0.0,UPI,Delivered,63,3.5
ORD_02413,CUST_0612,REST_127,Naturals Ice Cream,Pune,2024-05-24,21:31:14,Desserts,Red Velvet Jar Cake,1,-50.0,50.0,0.0,UPI,Delivered,22,4.0
ORD_02414,CUST_0105,REST_111,Bawarchi,Delhi,2024-12-18,19:59:11,Biryani,Mutton Dum Biryani,1,450.0,40.0,25.48,Cash,Delivered,40,5.0
ORD_02415,CUST_0215,REST_113,Punjab Grill,Kolkata,2024-01-16,18:32:19,Indian,Paneer Butter Masala,1,280.0,40.0,146.58,UPI,Delivered,21,4.0
ORD_02416,CUST_0734,REST_131,Cafe Coffee Day,Delhi,2024-04-07,22:23:26,Beverages,Iced Green Tea,4,130.0,40.0,75.51,Wallet,Delivered,62,1.0
ORD_02417,CUST_0456,REST_130,Chaayos,Hyderabad,2024-10-31,14:42:02,Beverages,Caffe Latte,1,220.0,0.0,0.0,Debit Card,Delivered,28,4.5
ORD_02418,CUST_0565,REST_111,Bawarchi,Bangalore,2024-01-01,12:33:24,Biryani,Hyderabadi Chicken Biryani,1,320.0,50.0,42.16,UPI,Delivered,23,2.0
ORD_02419,CUST_0350,REST_120,Berco's,Mumbai,2024-02-02,08:50:02,Chinese,Veg Hakka Noodles,4,180.0,30.0,0.0,Debit Card,Delivered,22,4.0
ORD_02420,CUST_0336,REST_102,Pizza Hut,Pune,2024-07-26,12:51:56,Pizza,Paneer Tikka Pizza,2,349.0,30.0,148.59,Cash,Delivered,45,4.5
ORD_02421,CUST_0263,REST_126,Theobroma,Kolkata,2024-08-29,21:10:11,Desserts,Belgian Chocolate Waffle,1,160.0,30.0,104.01,Debit Card,Delivered,62,4.5
ORD_02422,CUST_0800,REST_123,Taco Bell,Ahmedabad,2024-09-22,22:06:50,Fast Food,Crispy Chicken Bucket,1,480.0,50.0,63.38,UPI,Delivered,53,5.0
ORD_02423,CUST_0512,REST_124,Faasos,Kolkata,2024-10-12,22:47:35,Fast Food,Crispy Chicken Bucket,1,480.0,30.0,94.7,Credit Card,Delivered,37,3.0
ORD_02424,CUST_0141,REST_112,Meghana Foods,Chennai,2024-11-18,19:44:22,Biryani,Kolkata Special Biryani,3,350.0,0.0,0.0,UPI,Delivered,50,4.0
ORD_02425,,REST_120,Berco's,Pune,2024-05-30,19:26:46,Chinese,Veg Hakka Noodles,2,180.0,50.0,0.0,UPI,Cancelled,0,0.0
ORD_02426,CUST_0392,REST_129,Starbucks,Delhi,2024-08-07,13:14:27,Beverages,Cold Coffee with Ice Cream,1,150.0,40.0,0.0,Wallet,Delivered,59,4.0
ORD_02427,CUST_0755,REST_103,Ovenstory Pizza,Delhi,2024-03-03,10:20:02,Pizza,Farmhouse Supreme,1,399.0,40.0,24.42,Debit Card,Delivered,25,4.0
ORD_02428,CUST_0007,REST_132,Chai Point,Mumbai,2024-05-08,21:23:23,Beverages,Iced Green Tea,1,130.0,0.0,43.53,Cash,Delivered,45,4.5
ORD_02429,CUST_0095,REST_110,Behrouz Biryani,Bangalore,2024-10-27,16:13:00,Biryani,Veg Dum Biryani,4,240.0,50.0,83.31,UPI,Pending,43,0.0
ORD_02430,CUST_0497,REST_116,Saravanaa Bhavan,Hyderabad,2024-05-23,09:57:33,Indian,Garlic Naan Combo,2,160.0,0.0,0.0,Credit Card,Delivered,55,4.0
ORD_02431,CUST_0705,REST_125,Baskin Robbins,Ahmedabad,2024-03-31,12:21:48,Desserts,Chocolate Truffle Pastry,1,140.0,20.0,0.0,UPI,Delivered,18,3.5
ORD_02432,CUST_0153,REST_129,Starbucks,Kolkata,2024-07-25,13:45:03,Beverages,Cold Coffee with Ice Cream,2,150.0,40.0,45.17,UPI,Delivered,39,4.5
ORD_02433,CUST_0638,REST_121,Subway,Delhi,2024-08-12,10:27:45,Fast Food,Chicken Zinger Meal,1,299.0,50.0,64.29,UPI,Cancelled,0,0.0
ORD_02434,CUST_0765,REST_125,Baskin Robbins,Hyderabad,2024-07-03,22:32:31,Desserts,Red Velvet Jar Cake,1,175.0,20.0,121.41,UPI,Cancelled,0,0.0
ORD_02435,CUST_0563,REST_127,Naturals Ice Cream,Mumbai,2024-11-09,13:52:13,Desserts,Chocolate Truffle Pastry,3,140.0,50.0,25.33,Debit Card,Cancelled,0,0.0
ORD_02436,CUST_0295,REST_101,Domino's Pizza,Delhi,2024-08-11,21:32:18,Pizza,Margherita Pizza,5,249.0,20.0,131.64,Credit Card,Delivered,19,4.0
ORD_02437,,REST_124,Faasos,Hyderabad,2024-12-28,14:54:40,Fast Food,Crispy Chicken Bucket,1,480.0,0.0,51.09,Debit Card,Delivered,41,4.5
ORD_02438,,REST_103,Ovenstory Pizza,Ahmedabad,2024-05-04,22:00:08,Pizza,Cheese Burst Pizza,1,429.0,50.0,28.79,Cash,Delivered,25,1.0
ORD_02439,CUST_0787,REST_121,Subway,Mumbai,2024-11-15,13:58:31,Fast Food,Crispy Chicken Bucket,1,480.0,40.0,0.0,Cash,Delivered,52,5.0
ORD_02440,CUST_0025,REST_110,Behrouz Biryani,Pune,2024-06-15,22:10:22,Biryani,Paneer Biryani,1,260.0,20.0,0.0,Credit Card,Pending,31,0.0
ORD_02441,CUST_0379,REST_106,McDonald's,Mumbai,2024-03-21,19:05:51,Burger,Classic Chicken Burger,1,199.0,50.0,61.84,Credit Card,Delivered,41,5.0
ORD_02442,CUST_0638,REST_117,Mainland China,Delhi,2024-01-13,19:52:18,Chinese,Manchurian Gravy,1,210.0,0.0,145.22,UPI,Delivered,20,2.0
ORD_02443,CUST_0383,REST_124,Faasos,Delhi,2024-11-05,14:13:51,Fast Food,Paneer Wrap,2,160.0,40.0,54.37,Credit Card,Delivered,54,3.0
ORD_02444,CUST_0459,REST_130,Chaayos,Hyderabad,2024-10-17,19:11:54,Beverages,Cold Coffee with Ice Cream,1,150.0,0.0,22.82,UPI,Delivered,20,4.5
ORD_02445,CUST_0127,REST_130,Chaayos,Hyderabad,2024-06-01,12:41:20,Beverages,Iced Green Tea,1,130.0,0.0,69.15,UPI,Delivered,30,4.5
ORD_02446,CUST_0438,REST_113,Punjab Grill,Kolkata,2024-06-10,14:50:17,Indian,Dal Makhani,1,220.0,40.0,26.45,UPI,Delivered,38,1.0
ORD_02447,CUST_0391,REST_108,The Burger Club,Hyderabad,2024-10-08,13:49:14,Burger,Smoky BBQ Burger,1,249.0,0.0,0.0,UPI,Delivered,31,5.0
ORD_02448,CUST_0531,REST_108,The Burger Club,Hyderabad,2024-03-15,20:31:01,Burger,Crispy Veg Burger,1,129.0,0.0,93.39,Debit Card,Cancelled,0,0.0
ORD_02449,CUST_0440,REST_129,Starbucks,Chennai,2024-11-29,19:47:10,Beverages,Mango Smoothie,1,160.0,40.0,53.33,Wallet,Delivered,50,5.0
ORD_02450,CUST_0498,REST_102,Pizza Hut,Hyderabad,2024-04-07,09:36:29,Pizza,Pepperoni Feast,1,499.0,50.0,118.56,UPI,Delivered,21,4.0
ORD_02451,CUST_0102,REST_109,Paradise Biryani,Pune,2024-10-15,14:56:50,Biryani,Hyderabadi Chicken Biryani,2,320.0,40.0,105.28,Cash,Pending,25,0.0
ORD_02452,CUST_0666,REST_128,Belgian Waffle Co,Delhi,2024-01-08,22:54:50,Desserts,Chocolate Truffle Pastry,1,140.0,50.0,0.0,Debit Card,Delivered,21,5.0
ORD_02453,CUST_0379,REST_120,Berco's,Bangalore,2024-09-14,21:34:49,Chinese,Chilli Chicken Gravy,1,270.0,40.0,28.62,UPI,Delivered,57,4.0
ORD_02454,CUST_0454,REST_113,Punjab Grill,Mumbai,2024-10-12,20:16:35,Indian,Paneer Butter Masala,2,280.0,50.0,66.76,Debit Card,Delivered,51,2.0
ORD_02455,CUST_0046,REST_114,Barbeque Nation,Chennai,2024-08-01,18:34:24,Indian,Dal Makhani,3,220.0,40.0,122.58,UPI,Delivered,31,5.0
ORD_02456,CUST_0705,REST_128,Belgian Waffle Co,Mumbai,2024-06-01,22:40:43,Desserts,Gulab Jamun (2 pcs),1,80.0,0.0,59.86,UPI,Delivered,46,4.5
ORD_02457,CUST_0658,REST_116,Saravanaa Bhavan,Kolkata,2024-03-05,14:33:31,Indian,Paneer Butter Masala,1,280.0,0.0,0.0,Wallet,Delivered,58,5.0
ORD_02458,CUST_0451,REST_107,Wendy's,Hyderabad,2024-03-02,18:24:08,Burger,Double Whopper,1,299.0,50.0,73.1,UPI,Delivered,25,4.5
ORD_02459,CUST_0461,REST_103,Ovenstory Pizza,Hyderabad,2024-09-01,12:02:33,Pizza,Cheese Burst Pizza,1,429.0,0.0,108.04,UPI,Cancelled,0,0.0
ORD_02460,CUST_0014,REST_124,Faasos,Delhi,2024-05-30,13:08:07,Fast Food,Chicken Zinger Meal,2,299.0,40.0,37.41,UPI,Delivered,38,3.0
ORD_02461,CUST_0308,REST_119,Wok Express,Bangalore,2024-08-04,12:39:11,Chinese,Manchurian Gravy,2,210.0,0.0,87.15,Wallet,Delivered,57,5.0
ORD_02462,CUST_0025,REST_123,Taco Bell,Delhi,2024-04-26,13:45:59,Fast Food,Crispy Chicken Bucket,4,480.0,50.0,49.57,UPI,Delivered,26,4.0
ORD_02463,CUST_0683,REST_110,Behrouz Biryani,Pune,2024-11-27,21:41:32,Biryani,Veg Dum Biryani,2,240.0,20.0,69.14,Wallet,Delivered,41,4.5
ORD_02464,CUST_0657,REST_118,Wow! Momo,Mumbai,2024-11-29,17:53:49,Chinese,Schezwan Veg Momos,2,150.0,40.0,0.0,UPI,Delivered,59,4.5
ORD_02465,CUST_0080,REST_128,Belgian Waffle Co,Bangalore,2024-07-18,12:37:51,Desserts,Belgian Chocolate Waffle,1,160.0,30.0,21.99,Debit Card,Delivered,21,4.5
ORD_02466,CUST_0365,REST_119,Wok Express,Kolkata,2024-05-07,19:30:56,Chinese,Chilli Chicken Gravy,1,270.0,30.0,84.77,Credit Card,Delivered,37,3.5
ORD_02467,CUST_0161,REST_122,KFC,Mumbai,2024-06-23,14:36:32,Fast Food,Veggie Delight Sub,4,190.0,40.0,65.35,UPI,Delivered,30,5.0
ORD_02468,CUST_0407,REST_125,Baskin Robbins,Kolkata,2024-08-17,22:48:58,Desserts,Chocolate Truffle Pastry,1,140.0,0.0,81.99,Credit Card,Delivered,58,
ORD_02469,CUST_0023,REST_118,Wow! Momo,Pune,2024-08-22,16:15:19,Chinese,Chicken Fried Rice,3,230.0,30.0,106.04,UPI,Delivered,61,3.0
ORD_02470,CUST_0328,REST_120,Berco's,Hyderabad,2024-12-10,10:05:26,Chinese,Schezwan Veg Momos,1,150.0,50.0,51.52,UPI,Delivered,53,4.5
ORD_02471,CUST_0368,REST_122,KFC,Ahmedabad,2024-05-13,19:56:20,Fast Food,Crispy Chicken Bucket,1,480.0,50.0,66.23,UPI,Delivered,24,4.5
ORD_02472,CUST_0747,REST_102,Pizza Hut,Hyderabad,2024-11-04,22:45:17,Pizza,Pepperoni Feast,1,499.0,30.0,0.0,Credit Card,Pending,38,0.0
ORD_02473,CUST_0354,REST_128,Belgian Waffle Co,Ahmedabad,2024-12-28,22:29:08,Desserts,Belgian Chocolate Waffle,1,160.0,40.0,70.24,Cash,Delivered,65,4.0
ORD_02474,CUST_0793,REST_105,Burger King,Chennai,2024-08-18,14:55:04,Burger,Fiery Paneer Burger,1,179.0,50.0,50.75,UPI,Delivered,50,5.0
ORD_02475,CUST_0068,REST_118,Wow! Momo,Pune,2024-03-06,13:22:32,Chinese,Veg Hakka Noodles,1,180.0,50.0,62.61,Wallet,Cancelled,0,0.0
ORD_02476,CUST_0529,REST_103,Ovenstory Pizza,Delhi,2024-08-28,14:05:23,Pizza,Farmhouse Supreme,2,399.0,50.0,32.57,Credit Card,Delivered,42,4.5
ORD_02477,CUST_0151,REST_118,Wow! Momo,Hyderabad,2024-05-20,22:44:01,Chinese,Chilli Chicken Gravy,1,270.0,0.0,55.88,UPI,Delivered,55,5.0
ORD_02478,CUST_0245,REST_131,Cafe Coffee Day,Kolkata,2024-11-13,22:13:44,Beverages,Masala Chai (Flask),2,110.0,0.0,0.0,UPI,Delivered,22,5.0
ORD_02479,CUST_0156,REST_107,Wendy's,Delhi,2024-05-14,14:49:29,Burger,Classic Chicken Burger,2,199.0,40.0,0.0,UPI,Cancelled,0,0.0
ORD_02480,CUST_0637,REST_104,La Pino'z Pizza,Kolkata,2024-07-16,12:28:25,Pizza,Pepperoni Feast,1,499.0,30.0,68.04,Debit Card,Delivered,45,5.0
ORD_02481,CUST_0788,REST_103,Ovenstory Pizza,Ahmedabad,2024-01-21,14:50:47,Pizza,Paneer Tikka Pizza,3,349.0,20.0,70.85,Cash,Delivered,28,4.0
ORD_02482,CUST_0636,REST_116,Saravanaa Bhavan,Pune,2024-02-25,17:23:17,Indian,Kadhai Paneer,1,270.0,50.0,32.35,Cash,Delivered,63,3.0
ORD_02483,CUST_0170,REST_109,Paradise Biryani,Pune,2024-08-02,19:06:20,Biryani,Hyderabadi Chicken Biryani,2,320.0,50.0,0.0,Cash,Delivered,52,3.5
ORD_02484,CUST_0102,REST_122,KFC,Kolkata,2024-04-14,22:36:49,Fast Food,Veggie Delight Sub,1,190.0,20.0,64.95,UPI,Delivered,22,4.5
ORD_02485,CUST_0098,REST_127,Naturals Ice Cream,Ahmedabad,2024-03-13,19:51:01,Desserts,Chocolate Truffle Pastry,2,140.0,20.0,43.33,Credit Card,Delivered,40,3.5
ORD_02486,CUST_0687,REST_101,Domino's Pizza,Ahmedabad,2024-03-02,13:14:32,Pizza,Farmhouse Supreme,3,399.0,0.0,133.92,UPI,Delivered,18,5.0
ORD_02487,CUST_0508,REST_114,Barbeque Nation,Pune,2024-08-27,14:10:45,Indian,Kadhai Paneer,3,270.0,40.0,0.0,Debit Card,Delivered,29,5.0
ORD_02488,CUST_0693,REST_122,KFC,Ahmedabad,2024-02-09,19:10:42,Fast Food,Crispy Chicken Bucket,1,480.0,20.0,27.37,Credit Card,Delivered,46,4.5
ORD_02489,CUST_0318,REST_119,Wok Express,Chennai,2024-10-30,20:42:17,Chinese,Veg Hakka Noodles,1,180.0,50.0,131.98,Credit Card,Delivered,34,4.0
ORD_02490,CUST_0007,REST_132,Chai Point,Bangalore,2024-06-30,12:42:40,Beverages,Cold Coffee with Ice Cream,1,150.0,30.0,0.0,UPI,Delivered,25,3.0
ORD_02491,CUST_0091,REST_102,Pizza Hut,Delhi,2024-11-30,13:08:01,Pizza,Margherita Pizza,1,249.0,50.0,0.0,UPI,Delivered,44,4.5
ORD_02492,CUST_0635,REST_128,Belgian Waffle Co,Pune,2024-01-05,18:03:45,Desserts,Gulab Jamun (2 pcs),1,80.0,30.0,132.65,UPI,Delivered,59,4.5
ORD_02493,CUST_0712,REST_131,Cafe Coffee Day,Chennai,2024-11-24,20:23:47,Beverages,Mango Smoothie,1,160.0,20.0,52.34,Cash,Pending,22,0.0
ORD_02494,CUST_0346,REST_127,Naturals Ice Cream,Mumbai,2024-01-11,12:15:15,desserts,Nutella Brownie,1,130.0,30.0,106.97,Credit Card,Delivered,62,4.5
ORD_02495,CUST_0429,REST_127,Naturals Ice Cream,Delhi,2024-08-24,19:20:13,Desserts,Red Velvet Jar Cake,2,175.0,30.0,0.0,Cash,Pending,42,0.0
ORD_02496,CUST_0651,REST_110,Behrouz Biryani,Pune,2024-10-21,20:07:22,Biryani,Hyderabadi Chicken Biryani,3,320.0,40.0,0.0,Debit Card,Delivered,25,4.5
ORD_02497,CUST_0444,REST_103,Ovenstory Pizza,Ahmedabad,2024-01-31,19:29:42,Pizza,Cheese Burst Pizza,3,429.0,40.0,43.69,UPI,Delivered,36,
ORD_02498,CUST_0637,REST_104,La Pino'z Pizza,Pune,2024-11-11,12:55:09,Pizza,Farmhouse Supreme,1,399.0,50.0,0.0,Cash,Delivered,52,4.5
ORD_02499,CUST_0464,REST_118,Wow! Momo,Bangalore,2024-06-27,14:47:25,Chinese,Schezwan Veg Momos,1,150.0,40.0,108.52,UPI,Delivered,62,5.0
ORD_02500,CUST_0037,REST_107,Wendy's,Ahmedabad,2024-09-06,19:01:07,Burger,Classic Chicken Burger,3,199.0,20.0,135.14,UPI,Delivered,27,4.0
ORD_02501,CUST_0336,REST_129,Starbucks,Pune,2024-01-10,14:11:18,Beverages,Masala Chai (Flask),2,110.0,40.0,0.0,Cash,Delivered,25,4.0
ORD_02502,CUST_0431,REST_103,Ovenstory Pizza,Kolkata,2024-12-05,14:42:06,Pizza,Pepperoni Feast,1,499.0,50.0,32.97,Wallet,Delivered,32,5.0
ORD_02503,CUST_0626,REST_121,Subway,Delhi,2024-02-08,20:51:37,Fast Food,Paneer Wrap,3,160.0,0.0,0.0,UPI,Delivered,45,4.0
ORD_02504,CUST_0269,REST_121,Subway,Mumbai,2024-02-20,12:39:16,Fast Food,Cheesy French Fries,3,120.0,40.0,68.76,Wallet,Delivered,22,4.5
ORD_02505,CUST_0445,REST_104,La Pino'z Pizza,Mumbai,2024-11-23,14:04:57,Pizza,Margherita Pizza,4,249.0,30.0,0.0,UPI,Cancelled,0,0.0
ORD_02506,CUST_0740,REST_105,Burger King,Pune,2024-08-26,14:17:10,Burger,Fiery Paneer Burger,5,179.0,40.0,110.16,Cash,Delivered,65,4.5
ORD_02507,CUST_0568,REST_117,Mainland China,Bangalore,2024-11-15,13:45:43,Chinese,Chilli Chicken Gravy,2,270.0,30.0,29.72,Wallet,Delivered,21,5.0
ORD_02508,CUST_0765,REST_108,The Burger Club,Pune,2024-10-28,13:11:49,Burger,Classic Chicken Burger,1,199.0,30.0,54.85,Cash,Delivered,24,4.5
ORD_02509,CUST_0355,REST_111,Bawarchi,Hyderabad,2024-11-02,12:00:08,Biryani,Hyderabadi Chicken Biryani,3,320.0,40.0,0.0,UPI,Delivered,26,2.0
ORD_02510,CUST_0770,REST_129,Starbucks,Ahmedabad,2024-06-16,14:10:27,Beverages,Iced Green Tea,1,130.0,20.0,60.89,Credit Card,Delivered,62,5.0
ORD_02511,CUST_0187,REST_113,Punjab Grill,Delhi,2024-03-02,21:30:25,Indian,Paneer Butter Masala,2,280.0,0.0,40.39,Wallet,Delivered,52,4.0
ORD_02512,CUST_0378,REST_110,Behrouz Biryani,Hyderabad,2024-07-04,20:39:31,Biryani,Kolkata Special Biryani,1,350.0,40.0,0.0,UPI,Delivered,61,2.0
ORD_02513,CUST_0286,REST_118,Wow! Momo,Hyderabad,2024-04-14,14:30:50,Chinese,Veg Hakka Noodles,2,180.0,40.0,0.0,UPI,Delivered,49,5.0
ORD_02514,CUST_0020,REST_127,Naturals Ice Cream,Mumbai,2024-06-15,09:57:19,Desserts,Belgian Chocolate Waffle,2,160.0,20.0,36.09,Cash,Delivered,28,4.5
ORD_02515,CUST_0753,REST_130,Chaayos,Kolkata,2024-04-06,22:01:49,Beverages,Iced Green Tea,1,130.0,20.0,39.87,Cash,Delivered,31,4.5
ORD_02516,CUST_0377,REST_110,Behrouz Biryani,Kolkata,2024-03-14,10:26:29,Biryani,Kolkata Special Biryani,1,350.0,0.0,0.0,UPI,Cancelled,0,0.0
ORD_02517,CUST_0461,REST_115,Haldiram's,Mumbai,2024-05-26,22:30:59,Indian,Paneer Butter Masala,1,280.0,40.0,115.86,Credit Card,Delivered,65,4.5
ORD_02518,CUST_0451,REST_101,Domino's Pizza,Ahmedabad,2024-05-07,14:59:37,Pizza,Farmhouse Supreme,2,399.0,0.0,127.83,Credit Card,Delivered,60,3.5
ORD_02519,CUST_0339,REST_122,KFC,Ahmedabad,2024-07-18,21:21:07,Fast Food,Chicken Zinger Meal,1,299.0,30.0,86.6,UPI,Delivered,60,5.0
ORD_02520,CUST_0418,REST_118,Wow! Momo,Chennai,2024-10-16,13:07:13,Chinese,Manchurian Gravy,1,210.0,40.0,0.0,Credit Card,Cancelled,0,0.0
ORD_02521,CUST_0747,REST_115,Haldiram's,Pune,2024-02-08,22:42:54,Indian,Dal Makhani,1,220.0,50.0,53.9,UPI,Delivered,55,4.5
ORD_02522,CUST_0016,REST_112,Meghana Foods,Chennai,2024-07-10,11:48:03,Biryani,Paneer Biryani,1,260.0,20.0,39.82,Cash,Delivered,59,4.0
ORD_02523,CUST_0324,REST_127,Naturals Ice Cream,Mumbai,2024-03-12,20:35:33,Desserts,Chocolate Truffle Pastry,1,140.0,50.0,65.26,Credit Card,Cancelled,0,0.0
ORD_02524,CUST_0778,REST_101,Domino's Pizza,Pune,2024-01-02,13:38:47,Pizza,Margherita Pizza,1,249.0,20.0,21.41,Credit Card,Delivered,19,4.5
ORD_02525,CUST_0572,REST_119,Wok Express,Chennai,2024-09-06,19:53:12,Chinese,Chicken Fried Rice,1,230.0,40.0,139.03,UPI,Delivered,32,4.0
ORD_02526,CUST_0602,REST_103,Ovenstory Pizza,Delhi,2024-09-19,15:02:49,Pizza,Pepperoni Feast,2,499.0,40.0,46.85,Wallet,Delivered,63,4.0
ORD_02527,CUST_0569,REST_101,Domino's Pizza,Delhi,2024-08-29,20:38:05,Pizza,Cheese Burst Pizza,2,429.0,20.0,0.0,UPI,Delivered,57,4.0
ORD_02528,CUST_0008,REST_102,Pizza Hut,Hyderabad,2024-02-24,22:33:07,Pizza,Pepperoni Feast,1,499.0,0.0,0.0,Credit Card,Cancelled,0,0.0
ORD_02529,CUST_0323,REST_107,Wendy's,Delhi,2024-03-26,20:01:54,Burger,Smoky BBQ Burger,1,249.0,40.0,0.0,Debit Card,Delivered,43,5.0
ORD_02530,CUST_0106,REST_122,KFC,Mumbai,2024-01-22,19:29:38,Fast Food,Crispy Chicken Bucket,2,480.0,20.0,79.83,UPI,Delivered,27,5.0
ORD_02531,CUST_0077,REST_129,Starbucks,Hyderabad,2024-01-16,10:53:38,Beverages,Caffe Latte,1,220.0,0.0,131.67,UPI,Delivered,63,5.0
ORD_02532,CUST_0477,REST_112,Meghana Foods,Ahmedabad,2024-01-19,13:23:03,Biryani,Mutton Dum Biryani,2,450.0,50.0,75.54,Credit Card,Cancelled,0,0.0
ORD_02533,CUST_0360,REST_114,Barbeque Nation,Hyderabad,2024-01-14,22:45:11,Indian,Dal Makhani,1,220.0,30.0,77.68,Debit Card,Delivered,42,3.0
ORD_02534,,REST_107,Wendy's,Kolkata,2024-04-15,20:01:37,Burger,Crispy Veg Burger,1,129.0,20.0,0.0,Debit Card,Delivered,27,5.0
ORD_02535,CUST_0317,REST_115,Haldiram's,Delhi,2024-11-19,13:21:15,Indian,Kadhai Paneer,1,270.0,0.0,0.0,UPI,Delivered,51,2.5
ORD_02536,CUST_0285,REST_113,Punjab Grill,Hyderabad,2024-06-12,08:44:00,Indian,Kadhai Paneer,1,270.0,50.0,0.0,UPI,Delivered,49,4.5
ORD_02537,CUST_0318,REST_113,Punjab Grill,Pune,2024-07-19,19:14:36,Indian,Dal Makhani,1,220.0,30.0,102.06,Credit Card,Delivered,36,4.5
ORD_02538,CUST_0659,REST_101,Domino's Pizza,Bangalore,2024-02-24,08:08:13,Pizza,Cheese Burst Pizza,1,429.0,0.0,39.14,Cash,Delivered,56,5.0
ORD_02539,CUST_0609,REST_131,Cafe Coffee Day,Delhi,2024-08-21,11:58:47,Beverages,Cold Coffee with Ice Cream,2,150.0,20.0,69.7,Cash,Delivered,19,5.0
ORD_02540,CUST_0401,REST_111,Bawarchi,Bangalore,2024-11-05,13:27:34,Biryani,Mutton Dum Biryani,3,450.0,50.0,122.92,Credit Card,Delivered,27,3.5
ORD_02541,CUST_0570,REST_105,Burger King,Ahmedabad,2024-07-15,18:14:18,Burger,Double Whopper,1,299.0,30.0,0.0,UPI,Delivered,63,3.5
ORD_02542,CUST_0703,REST_119,Wok Express,Ahmedabad,2024-02-02,19:37:23,Chinese,Chicken Fried Rice,1,230.0,50.0,78.73,Cash,Cancelled,0,0.0
ORD_02543,CUST_0737,REST_120,Berco's,Kolkata,2024-06-10,13:08:51,Chinese,Chicken Fried Rice,1,230.0,20.0,31.17,Cash,Delivered,57,5.0
ORD_02544,CUST_0164,REST_121,Subway,Chennai,2024-02-29,22:42:19,Fast Food,Paneer Wrap,0,160.0,20.0,106.38,UPI,Delivered,21,4.0
ORD_02545,CUST_0178,REST_111,Bawarchi,Kolkata,2024-04-13,12:12:16,Biryani,Veg Dum Biryani,2,240.0,40.0,74.67,Cash,Cancelled,0,0.0
ORD_02546,CUST_0071,REST_123,Taco Bell,Ahmedabad,2024-02-19,22:39:02,Fast Food,Crispy Chicken Bucket,1,480.0,50.0,0.0,UPI,Delivered,30,4.5
ORD_02547,CUST_0626,REST_105,Burger King,Pune,2024-03-24,21:41:42,Burger,Smoky BBQ Burger,5,249.0,40.0,85.25,UPI,Delivered,42,5.0
ORD_02548,CUST_0419,REST_127,Naturals Ice Cream,Ahmedabad,2024-10-11,20:10:21,Desserts,Gulab Jamun (2 pcs),3,80.0,50.0,0.0,UPI,Delivered,22,4.0
ORD_02549,CUST_0314,REST_111,Bawarchi,Hyderabad,2024-01-08,13:32:27,Biryani,Kolkata Special Biryani,1,350.0,20.0,54.58,Credit Card,Delivered,33,4.5
ORD_02550,CUST_0331,REST_109,Paradise Biryani,Kolkata,2024-04-05,21:21:53,Biryani,Mutton Dum Biryani,2,450.0,50.0,84.16,Debit Card,Delivered,51,5.0
ORD_02551,CUST_0543,REST_103,Ovenstory Pizza,Hyderabad,2024-01-08,23:14:56,Pizza,Pepperoni Feast,1,499.0,50.0,0.0,UPI,Delivered,51,5.0
ORD_02552,CUST_0442,REST_132,Chai Point,Ahmedabad,2024-03-13,12:37:55,Beverages,Iced Green Tea,2,130.0,0.0,0.0,Debit Card,Cancelled,0,0.0
ORD_02553,CUST_0036,REST_131,Cafe Coffee Day,Kolkata,2024-06-27,16:01:54,Beverages,Masala Chai (Flask),1,110.0,0.0,93.54,Cash,Delivered,31,4.5
ORD_02554,CUST_0120,REST_124,Faasos,Kolkata,2024-08-05,14:58:29,Fast Food,Chicken Zinger Meal,2,299.0,50.0,60.53,UPI,Delivered,31,5.0
ORD_02555,CUST_0234,REST_102,Pizza Hut,Ahmedabad,2024-02-10,12:20:26,Pizza,Cheese Burst Pizza,1,429.0,30.0,73.66,Debit Card,Delivered,61,5.0
ORD_02556,CUST_0460,REST_114,Barbeque Nation,Pune,2024-09-16,14:35:05,Indian,Kadhai Paneer,2,270.0,40.0,0.0,UPI,Delivered,23,4.5
ORD_02557,CUST_0008,REST_118,Wow! Momo,Bangalore,2024-08-07,22:16:46,Chinese,Chicken Fried Rice,2,230.0,40.0,0.0,UPI,Delivered,22,4.5
ORD_02558,CUST_0295,REST_115,Haldiram's,Delhi,2024-03-02,12:26:07,Indian,Garlic Naan Combo,1,160.0,30.0,70.89,UPI,Delivered,34,4.5
ORD_02559,CUST_0769,REST_123,Taco Bell,Hyderabad,2024-05-23,18:59:22,Fast Food,Crispy Chicken Bucket,2,480.0,40.0,108.9,Wallet,Delivered,59,5.0
ORD_02560,CUST_0547,REST_112,Meghana Foods,Kolkata,2024-04-28,14:01:00,Biryani,Kolkata Special Biryani,1,350.0,50.0,95.14,Cash,Delivered,37,4.5
ORD_02561,CUST_0520,REST_127,Naturals Ice Cream,Delhi,2024-01-06,12:56:43,Desserts,Gulab Jamun (2 pcs),2,80.0,30.0,113.12,Cash,Delivered,60,5.0
ORD_02562,CUST_0412,REST_112,Meghana Foods,Bangalore,2024-08-27,22:02:59,Biryani,Hyderabadi Chicken Biryani,4,320.0,50.0,62.03,UPI,Delivered,34,4.5
ORD_02563,CUST_0529,REST_116,Saravanaa Bhavan,Delhi,2024-03-18,12:33:47,Indian,Butter Chicken,5,360.0,30.0,0.0,Cash,Delivered,59,4.5
ORD_02564,CUST_0284,REST_108,The Burger Club,Delhi,2024-09-07,14:11:46,Burger,Classic Chicken Burger,1,199.0,50.0,42.39,Credit Card,Delivered,32,3.0
ORD_02565,CUST_0135,REST_129,Starbucks,Bangalore,2024-02-08,20:42:37,Beverages,Iced Green Tea,1,130.0,50.0,21.88,UPI,Delivered,49,5.0
ORD_02566,CUST_0245,REST_117,Mainland China,Hyderabad,2024-09-23,12:09:32,Chinese,Schezwan Veg Momos,1,150.0,50.0,110.41,UPI,Delivered,34,4.5
ORD_02567,CUST_0347,REST_113,Punjab Grill,Mumbai,2024-09-03,12:33:32,Indian,Garlic Naan Combo,2,160.0,40.0,32.18,Cash,Delivered,58,4.5
ORD_02568,CUST_0060,REST_112,Meghana Foods,Bangalore,2024-02-19,21:15:37,Biryani,Paneer Biryani,1,260.0,40.0,60.1,UPI,Pending,25,0.0
ORD_02569,CUST_0172,REST_125,Baskin Robbins,Chennai,2024-06-23,14:53:50,Desserts,Chocolate Truffle Pastry,2,140.0,20.0,0.0,UPI,Delivered,49,4.5
ORD_02570,CUST_0590,REST_128,Belgian Waffle Co,Chennai,2024-02-13,19:54:09,Desserts,Chocolate Truffle Pastry,2,140.0,0.0,0.0,UPI,Pending,25,0.0
ORD_02571,CUST_0576,REST_126,Theobroma,Hyderabad,2024-10-07,14:21:25,Desserts,Belgian Chocolate Waffle,1,160.0,40.0,73.63,UPI,Delivered,32,4.0
ORD_02572,CUST_0463,REST_125,Baskin Robbins,Ahmedabad,2024-04-06,14:43:21,Desserts,Gulab Jamun (2 pcs),2,80.0,20.0,51.3,Cash,Delivered,48,5.0
ORD_02573,CUST_0608,REST_116,Saravanaa Bhavan,Chennai,2024-12-28,20:30:47,Indian,Garlic Naan Combo,3,160.0,30.0,24.71,Debit Card,Delivered,32,5.0
ORD_02574,CUST_0732,REST_122,KFC,Ahmedabad,2024-05-21,15:26:04,Fast Food,Paneer Wrap,1,160.0,50.0,89.39,UPI,Delivered,54,3.0
ORD_02575,CUST_0635,REST_103,Ovenstory Pizza,Pune,2024-05-17,19:11:22,Pizza,Pepperoni Feast,3,499.0,40.0,23.42,UPI,Delivered,51,5.0
ORD_02576,CUST_0602,REST_125,Baskin Robbins,Delhi,2024-04-29,13:13:48,Desserts,Chocolate Truffle Pastry,1,140.0,30.0,0.0,Debit Card,Delivered,64,2.5
ORD_02577,CUST_0503,REST_106,McDonald's,Chennai,2024-11-08,08:32:46,Burger,Fiery Paneer Burger,1,179.0,30.0,76.14,UPI,Cancelled,0,0.0
ORD_02578,CUST_0608,REST_104,La Pino'z Pizza,Ahmedabad,2024-04-15,12:43:05,Pizza,Cheese Burst Pizza,1,429.0,50.0,0.0,UPI,Delivered,41,4.5
ORD_02579,,REST_127,Naturals Ice Cream,Delhi,2024-07-05,22:19:33,Desserts,Gulab Jamun (2 pcs),1,80.0,20.0,73.49,Credit Card,Delivered,60,4.0
ORD_02580,CUST_0350,REST_103,Ovenstory Pizza,Pune,2024-09-02,21:07:03,Pizza,Farmhouse Supreme,2,399.0,0.0,130.98,Debit Card,Delivered,44,3.5
ORD_02581,CUST_0069,REST_113,Punjab Grill,Kolkata,2024-07-12,14:10:18,Indian,Garlic Naan Combo,1,160.0,30.0,45.47,Cash,Delivered,36,5.0
ORD_02582,CUST_0397,REST_124,Faasos,Ahmedabad,2024-07-04,19:24:35,Fast Food,Cheesy French Fries,1,120.0,20.0,40.5,UPI,Delivered,28,3.5
ORD_02583,CUST_0722,REST_128,Belgian Waffle Co,Pune,2024-10-06,11:32:29,Desserts,Chocolate Truffle Pastry,2,140.0,50.0,35.86,UPI,Delivered,44,2.0
ORD_02584,CUST_0540,REST_119,Wok Express,Ahmedabad,2024-03-11,20:07:58,Chinese,Veg Hakka Noodles,2,180.0,20.0,120.93,Debit Card,Delivered,65,3.0
ORD_02585,CUST_0023,REST_118,Wow! Momo,Chennai,2024-12-17,20:17:54,Chinese,Veg Hakka Noodles,2,180.0,30.0,120.5,Cash,Cancelled,0,0.0
ORD_02586,CUST_0351,REST_128,Belgian Waffle Co,Pune,2024-05-07,20:26:22,Desserts,Red Velvet Jar Cake,1,175.0,50.0,108.15,UPI,Delivered,24,2.5
ORD_02587,CUST_0102,REST_128,Belgian Waffle Co,Hyderabad,2024-09-04,23:38:23,Desserts,Gulab Jamun (2 pcs),3,80.0,20.0,59.57,UPI,Cancelled,0,0.0
ORD_02588,CUST_0224,REST_108,The Burger Club,Ahmedabad,2024-06-09,22:37:07,Burger,Fiery Paneer Burger,3,179.0,0.0,97.93,UPI,Delivered,28,4.5
ORD_02589,CUST_0705,REST_118,Wow! Momo,Chennai,2024-09-27,22:25:36,Chinese,Manchurian Gravy,1,210.0,0.0,0.0,UPI,Delivered,52,4.5
ORD_02590,CUST_0619,REST_104,La Pino'z Pizza,Pune,2024-08-05,19:19:07,Pizza,Cheese Burst Pizza,1,429.0,20.0,0.0,UPI,Delivered,57,5.0
ORD_02591,CUST_0289,REST_120,Berco's,Chennai,2024-04-05,13:08:23,Chinese,Chilli Chicken Gravy,1,270.0,30.0,46.42,UPI,Delivered,39,5.0
ORD_02592,CUST_0168,REST_117,Mainland China,Ahmedabad,2024-06-11,15:39:07,Chinese,Schezwan Veg Momos,4,150.0,40.0,92.94,Cash,Pending,20,0.0
ORD_02593,CUST_0424,REST_103,Ovenstory Pizza,Delhi,2024-09-10,12:57:46,Pizza,Cheese Burst Pizza,1,429.0,0.0,0.0,Cash,Delivered,31,3.5
ORD_02594,CUST_0178,REST_128,Belgian Waffle Co,Kolkata,2024-09-01,13:49:43,Desserts,Nutella Brownie,3,130.0,20.0,0.0,Wallet,Delivered,22,4.5
ORD_02595,CUST_0417,REST_125,Baskin Robbins,Ahmedabad,2024-04-29,20:13:50,Desserts,Gulab Jamun (2 pcs),1,80.0,20.0,0.0,UPI,Delivered,44,5.0
ORD_02596,CUST_0630,REST_117,Mainland China,Pune,2024-05-09,13:51:52,Chinese,Manchurian Gravy,1,210.0,40.0,62.78,UPI,Delivered,33,3.5
ORD_02597,CUST_0666,REST_117,Mainland China,Kolkata,2024-02-25,13:10:03,Chinese,Chicken Fried Rice,3,230.0,0.0,127.55,Debit Card,Delivered,34,3.0
ORD_02598,CUST_0010,REST_109,Paradise Biryani,Mumbai,2024-05-06,18:01:18,Biryani,Veg Dum Biryani,2,240.0,40.0,54.04,Cash,Delivered,23,4.5
ORD_02599,CUST_0193,REST_122,KFC,Delhi,2024-01-08,11:59:20,Fast Food,Cheesy French Fries,2,120.0,30.0,34.68,Credit Card,Delivered,51,4.5
ORD_02600,CUST_0668,REST_132,Chai Point,Bangalore,2024-04-11,15:15:53,Beverages,Iced Green Tea,1,130.0,50.0,0.0,UPI,Delivered,35,5.0
ORD_02601,CUST_0404,REST_108,The Burger Club,Pune,2024-10-21,19:03:46,Burger,Double Whopper,1,299.0,0.0,0.0,UPI,Delivered,58,4.0
ORD_02602,CUST_0499,REST_112,Meghana Foods,Hyderabad,2024-03-12,22:23:44,Biryani,Veg Dum Biryani,3,240.0,30.0,0.0,Credit Card,Delivered,60,4.0
ORD_02603,CUST_0778,REST_128,Belgian Waffle Co,Chennai,2024-08-11,19:04:55,Desserts,Red Velvet Jar Cake,2,175.0,50.0,58.79,Cash,Delivered,37,4.0
ORD_02604,CUST_0218,REST_118,Wow! Momo,Kolkata,2024-11-18,21:08:53,Chinese,Chilli Chicken Gravy,5,270.0,40.0,123.49,Cash,Pending,22,0.0
ORD_02605,CUST_0255,REST_131,Cafe Coffee Day,Chennai,2024-05-05,16:49:02,Beverages,Cold Coffee with Ice Cream,1,150.0,30.0,47.66,Credit Card,Delivered,62,3.5
ORD_02606,CUST_0142,REST_103,Ovenstory Pizza,Chennai,2024-05-17,13:04:08,Pizza,Farmhouse Supreme,1,399.0,50.0,0.0,Cash,Delivered,24,4.5
ORD_02607,CUST_0358,REST_116,Saravanaa Bhavan,Ahmedabad,2024-06-17,19:14:07,Indian,Butter Chicken,1,360.0,30.0,32.53,Credit Card,Delivered,35,3.0
ORD_02608,CUST_0561,REST_123,Taco Bell,Mumbai,2024-02-01,12:49:58,Fast Food,Crispy Chicken Bucket,2,480.0,20.0,0.0,UPI,Cancelled,0,0.0
ORD_02609,CUST_0574,REST_113,Punjab Grill,Ahmedabad,2024-12-16,19:54:02,Indian,Dal Makhani,1,220.0,30.0,62.0,UPI,Delivered,57,5.0
ORD_02610,CUST_0026,REST_123,Taco Bell,Kolkata,2024-07-14,17:38:31,Fast Food,Cheesy French Fries,1,120.0,30.0,44.34,Credit Card,Delivered,32,4.5
ORD_02611,CUST_0792,REST_113,Punjab Grill,Chennai,2024-10-23,12:34:32,Indian,Paneer Butter Masala,1,280.0,40.0,49.19,UPI,Cancelled,0,0.0
ORD_02612,CUST_0016,REST_130,Chaayos,Kolkata,2024-05-04,14:12:00,Beverages,Iced Green Tea,2,130.0,0.0,50.93,Credit Card,Delivered,55,3.5
ORD_02613,CUST_0300,REST_104,La Pino'z Pizza,Pune,2024-06-23,13:42:20,Pizza,Farmhouse Supreme,2,399.0,40.0,20.19,UPI,Delivered,24,3.0
ORD_02614,CUST_0520,REST_124,Faasos,Ahmedabad,2024-01-28,09:42:08,Fast Food,Cheesy French Fries,1,120.0,30.0,124.73,UPI,Delivered,55,3.0
ORD_02615,CUST_0295,REST_104,La Pino'z Pizza,Hyderabad,2024-09-29,22:12:39,Pizza,Farmhouse Supreme,1,399.0,20.0,0.0,Credit Card,Delivered,35,5.0
ORD_02616,CUST_0651,REST_129,Starbucks,Delhi,2024-11-30,14:00:07,Beverages,Iced Green Tea,1,130.0,0.0,131.8,Cash,Delivered,61,2.0
ORD_02617,CUST_0405,REST_112,Meghana Foods,Chennai,2024-11-22,20:26:42,Biryani,Hyderabadi Chicken Biryani,1,320.0,40.0,0.0,UPI,Delivered,32,5.0
ORD_02618,CUST_0431,REST_109,Paradise Biryani,Kolkata,2024-05-06,20:00:41,Biryani,Paneer Biryani,1,260.0,40.0,0.0,Debit Card,Delivered,23,5.0
ORD_02619,CUST_0048,REST_131,Cafe Coffee Day,Mumbai,2024-07-15,16:13:02,Beverages,Cold Coffee with Ice Cream,1,150.0,0.0,86.13,Debit Card,Delivered,43,4.5
ORD_02620,CUST_0308,REST_119,Wok Express,Pune,2024-02-29,19:50:25,Chinese,Schezwan Veg Momos,1,150.0,40.0,92.77,Debit Card,Delivered,57,5.0
ORD_02621,CUST_0557,REST_101,Domino's Pizza,Delhi,2024-03-23,08:32:42,Pizza,Paneer Tikka Pizza,1,349.0,50.0,137.38,Credit Card,Delivered,59,5.0
ORD_02622,CUST_0354,REST_120,Berco's,Pune,2024-06-18,13:29:48,Chinese,Schezwan Veg Momos,1,150.0,50.0,0.0,UPI,Delivered,43,4.5
ORD_02623,CUST_0328,REST_129,Starbucks,Chennai,2024-10-25,14:47:52,Beverages,Cold Coffee with Ice Cream,4,150.0,50.0,0.0,Credit Card,Delivered,28,5.0
ORD_02624,CUST_0005,REST_122,KFC,Chennai,2024-05-15,08:16:39,Fast Food,Veggie Delight Sub,3,190.0,20.0,0.0,Cash,Delivered,19,5.0
ORD_02625,CUST_0480,REST_123,Taco Bell,Kolkata,2024-06-26,22:51:18,Fast Food,Chicken Zinger Meal,2,299.0,0.0,90.81,UPI,Delivered,48,3.5
ORD_02626,CUST_0650,REST_102,Pizza Hut,Hyderabad,2024-09-16,22:51:11,Pizza,Farmhouse Supreme,5,399.0,20.0,67.61,Cash,Cancelled,0,0.0
ORD_02627,CUST_0767,REST_104,La Pino'z Pizza,Chennai,2024-02-24,21:32:01,Pizza,Margherita Pizza,1,249.0,20.0,0.0,Wallet,Delivered,47,3.0
ORD_02628,CUST_0103,REST_129,Starbucks,Bangalore,2024-09-21,19:54:42,Beverages,Mango Smoothie,3,160.0,40.0,148.06,Debit Card,Delivered,39,5.0
ORD_02629,CUST_0207,REST_105,Burger King,Ahmedabad,2024-08-19,20:34:26,Burger,Crispy Veg Burger,1,129.0,40.0,0.0,Wallet,Delivered,24,5.0
ORD_02630,CUST_0359,REST_127,Naturals Ice Cream,Chennai,2024-11-21,12:21:11,Desserts,Red Velvet Jar Cake,1,175.0,40.0,115.38,Debit Card,Delivered,49,4.0
ORD_02631,CUST_0227,REST_108,The Burger Club,Kolkata,2024-01-18,20:42:41,Burger,Fiery Paneer Burger,1,179.0,40.0,21.66,UPI,Delivered,57,4.5
ORD_02632,CUST_0064,REST_107,Wendy's,Ahmedabad,2024-11-13,13:46:42,Burger,Crispy Veg Burger,2,129.0,20.0,0.0,UPI,Delivered,49,5.0
ORD_02633,CUST_0429,REST_107,Wendy's,Delhi,2024-12-27,20:14:51,Burger,Smoky BBQ Burger,2,249.0,30.0,0.0,UPI,Delivered,61,3.5
ORD_02634,CUST_0793,REST_126,Theobroma,Mumbai,2024-09-17,22:25:03,Desserts,Nutella Brownie,2,130.0,20.0,0.0,Wallet,Delivered,40,2.5
ORD_02635,CUST_0221,REST_115,Haldiram's,Chennai,2024-04-14,13:27:33,Indian,Kadhai Paneer,1,270.0,50.0,53.85,Debit Card,Pending,27,0.0
ORD_02636,CUST_0149,REST_117,Mainland China,Chennai,2024-08-25,19:51:34,Chinese,Schezwan Veg Momos,1,150.0,30.0,0.0,Cash,Delivered,37,5.0
ORD_02637,CUST_0144,REST_115,Haldiram's,Pune,2024-09-04,20:37:54,Indian,Kadhai Paneer,1,270.0,40.0,50.81,Cash,Delivered,40,5.0
ORD_02638,CUST_0387,REST_132,Chai Point,Bangalore,2024-04-24,20:21:33,Beverages,Caffe Latte,1,220.0,50.0,104.5,UPI,Delivered,34,4.0
ORD_02639,CUST_0761,REST_120,Berco's,Chennai,2024-06-23,12:19:25,Chinese,Schezwan Veg Momos,3,150.0,40.0,38.21,Credit Card,Delivered,29,5.0
ORD_02640,CUST_0473,REST_115,Haldiram's,Delhi,2024-11-18,13:16:41,Indian,Butter Chicken,1,360.0,30.0,0.0,UPI,Delivered,46,5.0
ORD_02641,CUST_0540,REST_132,Chai Point,Mumbai,2024-06-08,14:19:07,Beverages,Mango Smoothie,1,160.0,20.0,0.0,Cash,Delivered,52,4.0
ORD_02642,CUST_0622,REST_110,Behrouz Biryani,Chennai,2024-07-04,19:24:55,Biryani,Veg Dum Biryani,1,240.0,20.0,135.52,UPI,Delivered,62,3.5
ORD_02643,CUST_0110,REST_105,Burger King,Chennai,2024-12-01,19:18:43,Burger,Smoky BBQ Burger,2,249.0,20.0,56.33,Debit Card,Delivered,54,4.5
ORD_02644,CUST_0321,REST_117,Mainland China,Chennai,2024-03-09,12:08:56,Chinese,Veg Hakka Noodles,1,180.0,40.0,70.3,UPI,Delivered,39,5.0
ORD_02645,CUST_0005,REST_131,Cafe Coffee Day,Delhi,2024-09-06,13:00:58,Beverages,Masala Chai (Flask),1,110.0,20.0,0.0,Credit Card,Cancelled,0,0.0
ORD_02646,CUST_0752,REST_109,Paradise Biryani,Bangalore,2024-05-13,20:20:35,Biryani,Kolkata Special Biryani,2,350.0,0.0,0.0,Cash,Delivered,34,5.0
ORD_02647,CUST_0656,REST_130,Chaayos,Kolkata,2024-01-08,15:35:56,Beverages,Iced Green Tea,1,-50.0,40.0,0.0,UPI,Pending,37,0.0
ORD_02648,CUST_0594,REST_105,Burger King,Mumbai,2024-12-23,19:21:59,Burger,Crispy Veg Burger,1,129.0,50.0,0.0,Wallet,Cancelled,0,0.0
ORD_02649,CUST_0645,REST_109,Paradise Biryani,Bangalore,2024-01-06,12:54:34,Biryani,Mutton Dum Biryani,1,450.0,40.0,29.35,UPI,Cancelled,0,0.0
ORD_02650,CUST_0388,REST_109,Paradise Biryani,Pune,2024-05-17,19:37:35,Biryani,Veg Dum Biryani,1,240.0,0.0,125.92,UPI,Delivered,57,4.0
ORD_02651,CUST_0712,REST_112,Meghana Foods,Chennai,2024-06-19,12:19:37,Biryani,Mutton Dum Biryani,1,450.0,40.0,0.0,Cash,Cancelled,0,0.0
ORD_02652,CUST_0500,REST_123,Taco Bell,Chennai,2024-02-15,20:49:49,Fast Food,Paneer Wrap,2,160.0,20.0,66.7,Cash,Delivered,27,3.0
ORD_02653,CUST_0269,REST_113,Punjab Grill,Pune,2024-02-11,12:22:20,Indian,Garlic Naan Combo,4,160.0,50.0,31.44,Credit Card,Delivered,44,5.0
ORD_02654,CUST_0616,REST_117,Mainland China,Mumbai,2024-08-27,14:42:10,Chinese,Schezwan Veg Momos,2,150.0,20.0,62.94,Cash,Delivered,62,5.0
ORD_02655,CUST_0270,REST_105,Burger King,Delhi,2024-11-16,21:21:50,Burger,Fiery Paneer Burger,1,179.0,50.0,34.87,UPI,Delivered,54,3.5
ORD_02656,CUST_0566,REST_121,Subway,Pune,2024-12-02,19:53:03,Fast Food,Chicken Zinger Meal,2,299.0,0.0,64.12,UPI,Cancelled,0,0.0
ORD_02657,CUST_0216,REST_131,Cafe Coffee Day,Kolkata,2024-12-02,12:21:22,Beverages,Caffe Latte,5,220.0,30.0,106.63,UPI,Delivered,35,4.5
ORD_02658,,REST_107,Wendy's,Mumbai,2024-02-26,20:24:54,Burger,Smoky BBQ Burger,1,249.0,20.0,0.0,Cash,Delivered,48,4.0
ORD_02659,CUST_0354,REST_104,La Pino'z Pizza,Delhi,2024-03-12,21:49:27,Pizza,Paneer Tikka Pizza,1,349.0,30.0,110.48,Cash,Delivered,36,4.5
ORD_02660,CUST_0470,REST_113,Punjab Grill,Pune,2024-04-18,20:42:34,Indian,Kadhai Paneer,2,270.0,50.0,0.0,Credit Card,Delivered,63,4.0
ORD_02661,CUST_0274,REST_117,Mainland China,Ahmedabad,2024-01-08,12:02:43,Chinese,Manchurian Gravy,1,210.0,20.0,0.0,Credit Card,Delivered,40,4.5
ORD_02662,CUST_0796,REST_112,Meghana Foods,Pune,2024-06-25,19:46:22,Biryani,Kolkata Special Biryani,1,350.0,30.0,50.66,Wallet,Cancelled,0,0.0
ORD_02663,CUST_0743,REST_127,Naturals Ice Cream,Pune,2024-09-01,14:25:19,Desserts,Nutella Brownie,3,130.0,50.0,32.33,UPI,Delivered,40,5.0
ORD_02664,CUST_0349,REST_115,Haldiram's,Hyderabad,2024-11-14,12:37:16,Indian,Garlic Naan Combo,2,160.0,50.0,0.0,Cash,Delivered,25,4.0
ORD_02665,CUST_0037,REST_126,Theobroma,Kolkata,2024-09-03,21:41:06,Desserts,Red Velvet Jar Cake,3,175.0,50.0,0.0,UPI,Delivered,52,4.0
ORD_02666,CUST_0373,REST_123,Taco Bell,Kolkata,2024-04-01,12:42:12,Fast Food,Veggie Delight Sub,1,190.0,20.0,0.0,Cash,Delivered,47,4.0
ORD_02667,CUST_0006,REST_128,Belgian Waffle Co,Delhi,2024-05-30,14:24:03,Desserts,Gulab Jamun (2 pcs),3,80.0,50.0,20.14,Cash,Delivered,27,4.5
ORD_02668,CUST_0229,REST_120,Berco's,Pune,2024-11-05,21:49:30,Chinese,Chilli Chicken Gravy,1,270.0,50.0,31.67,Cash,Delivered,58,4.0
ORD_02669,CUST_0540,REST_132,Chai Point,Ahmedabad,2024-06-10,12:34:18,Beverages,Masala Chai (Flask),1,110.0,50.0,37.49,Credit Card,Cancelled,0,0.0
ORD_02670,CUST_0578,REST_103,Ovenstory Pizza,Mumbai,2024-12-05,22:01:23,Pizza,Pepperoni Feast,1,499.0,40.0,0.0,UPI,Delivered,52,4.0
ORD_02671,CUST_0345,REST_132,Chai Point,Kolkata,2024-06-13,19:40:10,Beverages,Iced Green Tea,1,130.0,0.0,0.0,Cash,Delivered,31,5.0
ORD_02672,CUST_0707,REST_123,Taco Bell,Hyderabad,2024-03-28,16:20:37,Fast Food,Crispy Chicken Bucket,2,480.0,20.0,0.0,UPI,Delivered,65,5.0
ORD_02673,CUST_0512,REST_108,The Burger Club,Delhi,2024-12-24,12:21:06,Burger,Double Whopper,3,299.0,30.0,48.29,UPI,Delivered,62,5.0
ORD_02674,CUST_0476,REST_102,Pizza Hut,Chennai,2024-02-08,22:00:49,Pizza,Cheese Burst Pizza,2,429.0,40.0,65.67,UPI,Delivered,61,4.5
ORD_02675,CUST_0766,REST_114,Barbeque Nation,Pune,2024-07-22,22:40:11,Indian,Dal Makhani,2,220.0,50.0,47.24,Credit Card,Delivered,24,4.5
ORD_02676,CUST_0091,REST_115,Haldiram's,Chennai,2024-08-31,20:42:24,Indian,Paneer Butter Masala,4,280.0,30.0,0.0,Credit Card,Delivered,37,4.5
ORD_02677,CUST_0053,REST_115,Haldiram's,Bangalore,2024-12-01,12:16:02,Indian,Dal Makhani,3,220.0,30.0,142.24,UPI,Delivered,22,2.5
ORD_02678,CUST_0628,REST_103,Ovenstory Pizza,Mumbai,2024-12-01,14:08:30,Pizza,Farmhouse Supreme,1,399.0,20.0,0.0,UPI,Delivered,41,4.5
ORD_02679,CUST_0681,REST_115,Haldiram's,Hyderabad,2024-07-02,14:23:37,Indian,Dal Makhani,2,220.0,50.0,116.74,Debit Card,Delivered,46,5.0
ORD_02680,CUST_0594,REST_103,Ovenstory Pizza,Mumbai,2024-09-07,14:52:55,Pizza,Farmhouse Supreme,3,399.0,50.0,0.0,Cash,Delivered,26,4.5
ORD_02681,CUST_0592,REST_103,Ovenstory Pizza,Chennai,2024-08-21,19:01:06,Pizza,Farmhouse Supreme,1,399.0,30.0,0.0,UPI,Delivered,40,4.0
ORD_02682,CUST_0784,REST_127,Naturals Ice Cream,Mumbai,2024-07-22,23:55:50,Desserts,Nutella Brownie,2,130.0,20.0,0.0,UPI,Delivered,34,5.0
ORD_02683,CUST_0245,REST_105,Burger King,Delhi,2024-10-15,12:47:54,Burger,Fiery Paneer Burger,1,179.0,20.0,0.0,UPI,Delivered,23,3.5
ORD_02684,CUST_0151,REST_112,Meghana Foods,Mumbai,2024-03-09,14:10:35,Biryani,Hyderabadi Chicken Biryani,1,320.0,0.0,0.0,Credit Card,Delivered,36,3.0
ORD_02685,CUST_0150,REST_110,Behrouz Biryani,Chennai,2024-05-02,20:44:08,Biryani,Veg Dum Biryani,2,240.0,0.0,0.0,UPI,Delivered,51,3.0
ORD_02686,CUST_0676,REST_118,Wow! Momo,Bangalore,2024-02-01,13:36:06,Chinese,Chilli Chicken Gravy,2,270.0,20.0,0.0,Credit Card,Delivered,42,5.0
ORD_02687,,REST_119,Wok Express,Bangalore,2024-09-06,17:03:57,Chinese,Schezwan Veg Momos,2,150.0,50.0,109.38,Wallet,Delivered,22,3.0
ORD_02688,CUST_0194,REST_129,Starbucks,Mumbai,2024-01-28,20:24:03,Beverages,Iced Green Tea,1,130.0,20.0,129.1,UPI,Delivered,64,5.0
ORD_02689,CUST_0764,REST_126,Theobroma,Hyderabad,2024-03-15,22:45:28,Desserts,Nutella Brownie,3,130.0,20.0,60.77,Credit Card,Delivered,50,5.0
ORD_02690,CUST_0171,REST_110,Behrouz Biryani,Bangalore,2024-09-28,14:33:46,Biryani,Mutton Dum Biryani,2,450.0,20.0,71.03,upi,Delivered,39,4.5
ORD_02691,CUST_0149,REST_103,Ovenstory Pizza,Ahmedabad,2024-12-17,21:19:04,Pizza,Margherita Pizza,1,249.0,30.0,88.91,Wallet,Delivered,41,4.5
ORD_02692,CUST_0535,REST_115,Haldiram's,Hyderabad,2024-05-23,12:44:39,Indian,Paneer Butter Masala,2,280.0,20.0,45.25,UPI,Cancelled,0,0.0
ORD_02693,CUST_0567,REST_116,Saravanaa Bhavan,Hyderabad,2024-11-25,19:50:39,Indian,Kadhai Paneer,1,270.0,50.0,0.0,UPI,Delivered,58,4.0
ORD_02694,CUST_0494,REST_121,Subway,Kolkata,2024-12-24,19:51:58,Fast Food,Paneer Wrap,1,160.0,20.0,0.0,Credit Card,Delivered,18,4.5
ORD_02695,CUST_0072,REST_119,Wok Express,Pune,2024-12-14,13:46:40,Chinese,Schezwan Veg Momos,2,150.0,20.0,25.39,Cash,Delivered,59,4.5
ORD_02696,CUST_0570,REST_110,Behrouz Biryani,Pune,2024-12-04,20:21:52,Biryani,Kolkata Special Biryani,1,350.0,30.0,122.64,Credit Card,Cancelled,0,0.0
ORD_02697,CUST_0114,REST_123,Taco Bell,Mumbai,2024-04-01,12:09:27,Fast Food,Chicken Zinger Meal,2,299.0,40.0,55.47,UPI,Delivered,54,3.5
ORD_02698,CUST_0757,REST_127,Naturals Ice Cream,Kolkata,2024-01-19,22:52:17,Desserts,Gulab Jamun (2 pcs),1,80.0,30.0,99.37,UPI,Delivered,19,4.5
ORD_02699,CUST_0744,REST_112,Meghana Foods,Hyderabad,2024-05-31,17:55:03,Biryani,Hyderabadi Chicken Biryani,2,320.0,20.0,38.99,Debit Card,Delivered,30,4.0
ORD_02700,CUST_0067,REST_126,Theobroma,Kolkata,2024-11-12,19:15:46,Desserts,Chocolate Truffle Pastry,4,140.0,0.0,30.25,Wallet,Delivered,43,5.0
ORD_02701,CUST_0449,REST_104,La Pino'z Pizza,Ahmedabad,2024-11-29,13:18:18,Pizza,Paneer Tikka Pizza,1,349.0,40.0,67.8,upi,Pending,43,0.0
ORD_02702,CUST_0537,REST_101,Domino's Pizza,Delhi,2024-02-25,21:33:49,Pizza,Margherita Pizza,1,249.0,40.0,36.35,UPI,Delivered,50,4.5
ORD_02703,CUST_0669,REST_103,Ovenstory Pizza,Mumbai,2024-10-26,19:42:49,Pizza,Farmhouse Supreme,2,399.0,40.0,0.0,UPI,Delivered,36,3.0
ORD_02704,CUST_0032,REST_113,Punjab Grill,Chennai,2024-05-28,21:05:08,Indian,Garlic Naan Combo,1,160.0,40.0,0.0,Debit Card,Delivered,31,5.0
ORD_02705,CUST_0380,REST_113,Punjab Grill,Mumbai,2024-09-24,14:20:02,Indian,Dal Makhani,1,220.0,0.0,108.37,Credit Card,Delivered,35,5.0
ORD_02706,CUST_0354,REST_124,Faasos,Delhi,2024-10-17,21:46:08,Fast Food,Crispy Chicken Bucket,4,480.0,40.0,0.0,UPI,Delivered,32,4.5
ORD_02707,CUST_0343,REST_105,Burger King,Delhi,2024-03-30,23:54:06,Burger,Fiery Paneer Burger,1,-50.0,30.0,34.48,UPI,Delivered,44,2.5
ORD_02708,CUST_0261,REST_111,Bawarchi,Ahmedabad,2024-04-20,19:31:12,Biryani,Veg Dum Biryani,1,240.0,0.0,0.0,UPI,Delivered,64,5.0
ORD_02709,CUST_0314,REST_111,Bawarchi,Kolkata,2024-10-07,14:50:02,Biryani,Hyderabadi Chicken Biryani,2,320.0,40.0,27.06,Credit Card,Delivered,33,4.5
ORD_02710,CUST_0016,REST_105,Burger King,Hyderabad,2024-01-31,19:10:53,Burger,Classic Chicken Burger,2,199.0,50.0,58.9,Wallet,Delivered,60,4.0
ORD_02711,CUST_0190,REST_117,Mainland China,Ahmedabad,2024-12-29,13:39:09,Chinese,Chilli Chicken Gravy,3,270.0,30.0,36.38,UPI,Delivered,43,4.5
ORD_02712,CUST_0491,REST_128,Belgian Waffle Co,Hyderabad,2024-05-22,12:02:21,Desserts,Gulab Jamun (2 pcs),1,80.0,20.0,60.13,Credit Card,Delivered,35,5.0
ORD_02713,CUST_0505,REST_130,Chaayos,Ahmedabad,2024-08-21,12:00:31,Beverages,Mango Smoothie,1,160.0,20.0,0.0,UPI,Delivered,32,4.0
ORD_02714,CUST_0712,REST_113,Punjab Grill,Hyderabad,2024-08-20,12:35:11,Indian,Dal Makhani,2,220.0,40.0,65.57,UPI,Delivered,23,4.5
ORD_02715,,REST_106,McDonald's,Kolkata,2024-11-25,20:03:56,Burger,Fiery Paneer Burger,2,179.0,40.0,106.75,UPI,Delivered,19,4.5
ORD_02716,CUST_0246,REST_112,Meghana Foods,Mumbai,2024-09-04,22:01:49,Biryani,Kolkata Special Biryani,1,350.0,20.0,90.51,Credit Card,Delivered,40,5.0
ORD_02717,CUST_0415,REST_125,Baskin Robbins,Ahmedabad,2024-06-30,19:41:02,Desserts,Belgian Chocolate Waffle,1,160.0,0.0,22.93,UPI,Delivered,57,5.0
ORD_02718,CUST_0727,REST_123,Taco Bell,Mumbai,2024-05-31,19:37:36,Fast Food,Chicken Zinger Meal,2,299.0,0.0,94.59,UPI,Delivered,41,5.0
ORD_02719,CUST_0651,REST_132,Chai Point,Mumbai,2024-10-24,19:47:57,Beverages,Cold Coffee with Ice Cream,3,150.0,50.0,90.79,Cash,Delivered,18,5.0
ORD_02720,CUST_0096,REST_131,Cafe Coffee Day,Ahmedabad,2024-12-22,19:49:30,Beverages,Iced Green Tea,1,130.0,30.0,73.3,Wallet,Delivered,35,5.0
ORD_02721,CUST_0658,REST_107,Wendy's,Hyderabad,2024-06-30,14:55:08,Burger,Fiery Paneer Burger,3,179.0,50.0,0.0,Credit Card,Delivered,53,4.5
ORD_02722,CUST_0598,REST_116,Saravanaa Bhavan,Mumbai,2024-05-29,13:54:23,Indian,Garlic Naan Combo,3,160.0,40.0,139.01,Credit Card,Delivered,22,3.5
ORD_02723,CUST_0678,REST_118,Wow! Momo,Ahmedabad,2024-03-10,14:06:10,Chinese,Manchurian Gravy,1,210.0,50.0,0.0,Credit Card,Delivered,49,4.5
ORD_02724,CUST_0119,REST_114,Barbeque Nation,Mumbai,2024-09-14,20:16:58,Indian,Paneer Butter Masala,1,280.0,40.0,0.0,Credit Card,Delivered,47,5.0
ORD_02725,CUST_0548,REST_108,The Burger Club,Kolkata,2024-02-13,13:56:25,Burger,Fiery Paneer Burger,1,179.0,30.0,78.6,UPI,Delivered,65,4.0
ORD_02726,CUST_0409,REST_126,Theobroma,Delhi,2024-12-19,22:44:53,Desserts,Red Velvet Jar Cake,3,175.0,20.0,21.03,UPI,Delivered,20,5.0
ORD_02727,CUST_0764,REST_120,Berco's,Bangalore,2024-06-18,12:45:33,Chinese,Chilli Chicken Gravy,2,270.0,40.0,64.46,Debit Card,Cancelled,0,0.0
ORD_02728,CUST_0223,REST_131,Cafe Coffee Day,Hyderabad,2024-04-07,10:34:02,Beverages,Masala Chai (Flask),1,110.0,50.0,0.0,UPI,Delivered,58,5.0
ORD_02729,CUST_0750,REST_130,Chaayos,Hyderabad,2024-11-25,14:54:03,Beverages,Mango Smoothie,1,160.0,40.0,0.0,Credit Card,Delivered,37,4.5
ORD_02730,CUST_0108,REST_118,Wow! Momo,Hyderabad,2024-01-09,21:59:37,Chinese,Manchurian Gravy,1,210.0,40.0,63.79,UPI,Delivered,43,4.0
ORD_02731,CUST_0325,REST_109,Paradise Biryani,Delhi,2024-09-08,12:52:33,Biryani,Kolkata Special Biryani,4,350.0,40.0,0.0,UPI,Cancelled,0,0.0
ORD_02732,CUST_0325,REST_111,Bawarchi,Ahmedabad,2024-07-08,19:35:08,Biryani,Mutton Dum Biryani,2,450.0,20.0,38.13,Credit Card,Cancelled,0,0.0
ORD_02733,CUST_0308,REST_121,Subway,Chennai,2024-10-21,12:33:56,Fast Food,Veggie Delight Sub,3,190.0,30.0,72.17,UPI,Delivered,51,5.0
ORD_02734,CUST_0622,REST_102,Pizza Hut,Pune,2024-12-30,13:14:11,Pizza,Cheese Burst Pizza,2,429.0,20.0,100.84,Wallet,Delivered,19,4.5
ORD_02735,CUST_0107,REST_120,Berco's,Mumbai,2024-08-05,10:22:03,Chinese,Manchurian Gravy,1,210.0,20.0,92.91,Wallet,Delivered,22,5.0
ORD_02736,CUST_0618,REST_123,Taco Bell,Chennai,2024-09-17,22:35:33,Fast Food,Crispy Chicken Bucket,1,480.0,40.0,128.14,UPI,Delivered,47,4.0
ORD_02737,CUST_0539,REST_102,Pizza Hut,Bangalore,2024-07-01,09:41:45,Pizza,Cheese Burst Pizza,3,429.0,40.0,44.6,Debit Card,Delivered,20,4.0
ORD_02738,CUST_0768,REST_132,Chai Point,Kolkata,2024-11-29,22:13:13,Beverages,Cold Coffee with Ice Cream,5,150.0,0.0,0.0,Wallet,Delivered,23,1.0
ORD_02739,CUST_0096,REST_114,Barbeque Nation,Pune,2024-06-10,14:04:41,Indian,Kadhai Paneer,1,270.0,20.0,94.83,UPI,Delivered,39,5.0
ORD_02740,CUST_0713,REST_124,Faasos,Ahmedabad,2024-04-13,22:04:16,Fast Food,Chicken Zinger Meal,3,299.0,40.0,0.0,Cash,Delivered,23,4.5
ORD_02741,CUST_0744,REST_102,Pizza Hut,Mumbai,2024-07-30,12:57:54,Pizza,Farmhouse Supreme,2,399.0,50.0,43.46,UPI,Delivered,58,4.0
ORD_02742,CUST_0490,REST_127,Naturals Ice Cream,Ahmedabad,2024-01-01,21:30:48,Desserts,Belgian Chocolate Waffle,1,160.0,30.0,0.0,UPI,Delivered,18,4.0
ORD_02743,CUST_0168,REST_124,Faasos,Pune,2024-04-02,14:24:30,Fast Food,Cheesy French Fries,1,120.0,20.0,61.89,UPI,Delivered,18,5.0
ORD_02744,CUST_0650,REST_131,Cafe Coffee Day,Hyderabad,2024-07-02,22:42:19,Beverages,Iced Green Tea,2,130.0,20.0,0.0,UPI,Delivered,46,5.0
ORD_02745,CUST_0267,REST_127,Naturals Ice Cream,Ahmedabad,2024-12-28,14:42:49,Desserts,Nutella Brownie,2,130.0,0.0,0.0,Cash,Delivered,42,4.0
ORD_02746,CUST_0169,REST_103,Ovenstory Pizza,Ahmedabad,2024-09-18,14:09:55,Pizza,Pepperoni Feast,3,499.0,40.0,0.0,Debit Card,Delivered,51,5.0
ORD_02747,CUST_0665,REST_113,Punjab Grill,Chennai,2024-10-25,14:29:57,Indian,Butter Chicken,2,360.0,50.0,0.0,UPI,Delivered,35,5.0
ORD_02748,CUST_0788,REST_103,Ovenstory Pizza,Chennai,2024-09-20,14:46:56,Pizza,Paneer Tikka Pizza,2,349.0,50.0,22.57,Credit Card,Delivered,34,3.0
ORD_02749,CUST_0170,REST_132,Chai Point,Chennai,2024-02-27,22:12:30,Beverages,Cold Coffee with Ice Cream,2,150.0,50.0,0.0,Debit Card,Delivered,43,5.0
ORD_02750,CUST_0217,REST_129,Starbucks,Pune,2024-09-27,14:04:18,Beverages,Caffe Latte,1,220.0,20.0,117.69,Debit Card,Delivered,44,3.5
ORD_02751,CUST_0435,REST_120,Berco's,Bangalore,2024-10-06,14:41:46,Chinese,Manchurian Gravy,1,210.0,40.0,0.0,Credit Card,Delivered,29,5.0
ORD_02752,CUST_0645,REST_111,Bawarchi,Bangalore,2024-07-26,14:27:28,Biryani,Kolkata Special Biryani,1,350.0,40.0,0.0,Debit Card,Delivered,35,4.5
ORD_02753,CUST_0472,REST_124,Faasos,Bangalore,2024-07-08,12:20:09,Fast Food,Paneer Wrap,2,160.0,0.0,76.94,Cash,Delivered,22,5.0
ORD_02754,CUST_0258,REST_118,Wow! Momo,Kolkata,2024-09-01,11:04:22,Chinese,Chilli Chicken Gravy,3,270.0,50.0,139.31,Wallet,Delivered,54,5.0
ORD_02755,CUST_0619,REST_129,Starbucks,Mumbai,2024-08-21,13:42:38,Beverages,Mango Smoothie,1,160.0,0.0,0.0,Credit Card,Delivered,37,5.0
ORD_02756,CUST_0198,REST_118,Wow! Momo,Pune,2024-06-14,15:23:15,Chinese,Chilli Chicken Gravy,1,270.0,20.0,81.64,UPI,Delivered,37,4.0
ORD_02757,CUST_0788,REST_119,Wok Express,Delhi,2024-08-17,12:06:44,Chinese,Manchurian Gravy,3,210.0,0.0,49.31,Credit Card,Delivered,30,5.0
ORD_02758,CUST_0273,REST_123,Taco Bell,Hyderabad,2024-07-17,14:50:25,Fast Food,Cheesy French Fries,3,120.0,50.0,57.76,Wallet,Delivered,50,4.5
ORD_02759,CUST_0308,REST_117,Mainland China,Chennai,2024-12-04,12:48:08,Chinese,Veg Hakka Noodles,2,180.0,40.0,117.34,Cash,Delivered,63,4.0
ORD_02760,CUST_0595,REST_110,Behrouz Biryani,Chennai,2024-02-15,12:17:28,Biryani,Hyderabadi Chicken Biryani,1,320.0,20.0,63.54,UPI,Delivered,60,4.5
ORD_02761,CUST_0062,REST_130,Chaayos,Hyderabad,2024-02-18,19:13:32,Beverages,Cold Coffee with Ice Cream,1,150.0,50.0,30.56,Credit Card,Pending,21,0.0
ORD_02762,CUST_0003,REST_123,Taco Bell,Kolkata,2024-08-06,19:46:40,Fast Food,Chicken Zinger Meal,5,299.0,50.0,0.0,UPI,Delivered,19,5.0
ORD_02763,CUST_0699,REST_125,Baskin Robbins,Chennai,2024-12-24,11:52:55,Desserts,Chocolate Truffle Pastry,3,140.0,20.0,106.22,Debit Card,Delivered,30,5.0
ORD_02764,CUST_0111,REST_123,Taco Bell,Delhi,2024-06-19,14:41:41,Fast Food,Paneer Wrap,2,160.0,50.0,0.0,Credit Card,Delivered,24,4.5
ORD_02765,CUST_0637,REST_106,McDonald's,Mumbai,2024-05-29,22:20:44,Burger,Fiery Paneer Burger,2,179.0,0.0,137.0,Wallet,Delivered,58,5.0
ORD_02766,CUST_0584,REST_108,The Burger Club,Mumbai,2024-01-07,19:21:57,Burger,Smoky BBQ Burger,5,249.0,20.0,106.23,Cash,Delivered,56,5.0
ORD_02767,CUST_0201,REST_130,Chaayos,Chennai,2024-01-31,22:02:07,Beverages,Caffe Latte,1,220.0,30.0,0.0,Cash,Pending,20,0.0
ORD_02768,CUST_0184,REST_126,Theobroma,Kolkata,2024-12-12,08:55:51,Desserts,Belgian Chocolate Waffle,1,160.0,50.0,34.56,UPI,Cancelled,0,0.0
ORD_02769,CUST_0365,REST_126,Theobroma,Delhi,2024-05-24,21:57:48,Desserts,Red Velvet Jar Cake,2,175.0,40.0,125.42,Credit Card,Delivered,58,4.5
ORD_02770,CUST_0581,REST_102,Pizza Hut,Delhi,2024-11-25,10:44:25,Pizza,Cheese Burst Pizza,3,429.0,40.0,57.8,Cash,Delivered,41,5.0
ORD_02771,CUST_0341,REST_103,Ovenstory Pizza,Pune,2024-11-06,19:02:50,Pizza,Pepperoni Feast,1,499.0,50.0,27.86,Credit Card,Delivered,58,5.0
ORD_02772,CUST_0205,REST_116,Saravanaa Bhavan,Mumbai,2024-04-19,12:48:05,Indian,Paneer Butter Masala,1,280.0,30.0,134.26,UPI,Delivered,37,4.5
ORD_02773,CUST_0064,REST_120,Berco's,Ahmedabad,2024-02-09,16:01:46,Chinese,Manchurian Gravy,2,210.0,0.0,76.07,UPI,Delivered,24,5.0
ORD_02774,CUST_0396,REST_129,Starbucks,Delhi,2024-01-20,19:19:46,Beverages,Cold Coffee with Ice Cream,2,150.0,20.0,56.6,Cash,Delivered,64,4.5
ORD_02775,CUST_0170,REST_122,KFC,Kolkata,2024-07-16,21:27:05,Fast Food,Paneer Wrap,1,160.0,0.0,124.74,Credit Card,Delivered,64,2.0
ORD_02776,CUST_0063,REST_102,Pizza Hut,Delhi,2024-03-03,21:06:31,Pizza,Pepperoni Feast,3,499.0,0.0,0.0,Debit Card,Delivered,32,5.0
ORD_02777,CUST_0039,REST_122,KFC,Pune,2024-02-09,22:52:50,Fast Food,Chicken Zinger Meal,1,299.0,50.0,0.0,UPI,Delivered,58,5.0
ORD_02778,CUST_0169,REST_113,Punjab Grill,Hyderabad,2024-08-02,13:21:23,Indian,Paneer Butter Masala,2,280.0,40.0,69.81,UPI,Delivered,59,4.0
ORD_02779,CUST_0398,REST_107,Wendy's,Chennai,2024-06-06,20:11:51,Burger,Double Whopper,1,299.0,40.0,0.0,Cash,Delivered,30,4.5
ORD_02780,CUST_0748,REST_123,Taco Bell,Mumbai,2024-11-10,16:10:33,Fast Food,Crispy Chicken Bucket,2,480.0,40.0,41.85,UPI,Delivered,29,5.0
ORD_02781,CUST_0503,REST_131,Cafe Coffee Day,Bangalore,2024-01-26,19:37:05,Beverages,Cold Coffee with Ice Cream,3,150.0,30.0,69.78,Cash,Delivered,65,3.5
ORD_02782,CUST_0345,REST_119,Wok Express,Delhi,2024-03-26,13:15:40,Chinese,Chilli Chicken Gravy,1,270.0,20.0,0.0,UPI,Delivered,27,5.0
ORD_02783,CUST_0659,REST_102,Pizza Hut,Bangalore,2024-03-20,14:59:29,Pizza,Margherita Pizza,5,249.0,40.0,0.0,UPI,Delivered,64,
ORD_02784,CUST_0641,REST_129,Starbucks,Kolkata,2024-02-24,22:08:46,Beverages,Caffe Latte,0,220.0,0.0,0.0,Debit Card,Delivered,22,5.0
ORD_02785,CUST_0116,REST_107,Wendy's,Hyderabad,2024-06-03,13:05:18,Burger,Fiery Paneer Burger,1,179.0,40.0,68.12,UPI,Delivered,39,4.0
ORD_02786,CUST_0757,REST_132,Chai Point,Bangalore,2024-12-04,19:47:19,Beverages,Cold Coffee with Ice Cream,2,150.0,40.0,55.78,Cash,Delivered,51,3.0
ORD_02787,CUST_0360,REST_127,Naturals Ice Cream,Pune,2024-02-02,19:54:28,Desserts,Chocolate Truffle Pastry,2,140.0,30.0,40.92,UPI,Delivered,43,5.0
ORD_02788,CUST_0519,REST_104,La Pino'z Pizza,Mumbai,2024-02-24,13:31:20,Pizza,Margherita Pizza,1,249.0,30.0,27.05,UPI,Delivered,48,3.5
ORD_02789,CUST_0750,REST_110,Behrouz Biryani,Chennai,2024-10-18,15:41:45,Biryani,Veg Dum Biryani,3,240.0,20.0,81.43,UPI,Delivered,44,3.0
ORD_02790,CUST_0442,REST_131,Cafe Coffee Day,Pune,2024-07-30,12:31:07,Beverages,Masala Chai (Flask),1,110.0,50.0,118.5,Debit Card,Delivered,25,4.5
ORD_02791,CUST_0465,REST_113,Punjab Grill,Bangalore,2024-09-10,21:59:59,Indian,Butter Chicken,1,360.0,0.0,0.0,UPI,Delivered,29,4.0
ORD_02792,CUST_0522,REST_126,Theobroma,Chennai,2024-02-05,22:41:35,Desserts,Gulab Jamun (2 pcs),1,80.0,0.0,21.27,Cash,Delivered,22,5.0
ORD_02793,CUST_0510,REST_119,Wok Express,Chennai,2024-01-31,22:52:16,Chinese,Veg Hakka Noodles,2,180.0,50.0,0.0,UPI,Cancelled,0,0.0
ORD_02794,CUST_0210,REST_128,Belgian Waffle Co,Pune,2024-05-26,22:50:47,Desserts,Chocolate Truffle Pastry,1,140.0,0.0,24.18,UPI,Delivered,49,4.0
ORD_02795,CUST_0303,REST_131,Cafe Coffee Day,Ahmedabad,2024-08-01,14:47:18,Beverages,Iced Green Tea,1,130.0,20.0,32.93,Wallet,Delivered,58,5.0
ORD_02796,CUST_0533,REST_124,Faasos,Delhi,2024-06-16,11:52:13,Fast Food,Chicken Zinger Meal,2,299.0,30.0,68.1,UPI,Delivered,56,4.5
ORD_02797,CUST_0742,REST_104,La Pino'z Pizza,Ahmedabad,2024-11-24,21:40:40,Pizza,Paneer Tikka Pizza,1,349.0,20.0,0.0,UPI,Delivered,24,4.0
ORD_02798,CUST_0155,REST_111,Bawarchi,Ahmedabad,2024-03-30,20:36:40,Biryani,Paneer Biryani,2,260.0,40.0,26.99,UPI,Delivered,59,3.0
ORD_02799,CUST_0108,REST_131,Cafe Coffee Day,Ahmedabad,2024-06-30,12:59:41,Beverages,Iced Green Tea,1,130.0,20.0,131.16,UPI,Delivered,50,4.0
ORD_02800,CUST_0025,REST_109,Paradise Biryani,Bangalore,2024-02-07,21:57:36,Biryani,Veg Dum Biryani,1,240.0,40.0,0.0,UPI,Delivered,61,5.0
ORD_02801,CUST_0473,REST_104,La Pino'z Pizza,Pune,2024-04-28,13:02:03,Pizza,Paneer Tikka Pizza,2,349.0,20.0,130.11,UPI,Delivered,57,5.0
ORD_02802,CUST_0384,REST_127,Naturals Ice Cream,Mumbai,2024-07-22,20:58:40,Desserts,Chocolate Truffle Pastry,1,140.0,30.0,113.99,UPI,Delivered,31,4.5
ORD_02803,CUST_0271,REST_105,Burger King,Delhi,2024-12-12,22:31:25,Burger,Crispy Veg Burger,2,129.0,30.0,0.0,Credit Card,Delivered,29,5.0
ORD_02804,CUST_0714,REST_121,Subway,Ahmedabad,2024-07-11,12:56:36,Fast Food,Paneer Wrap,1,160.0,30.0,39.45,UPI,Delivered,31,5.0
ORD_02805,CUST_0034,REST_103,Ovenstory Pizza,Ahmedabad,2024-02-10,09:59:29,Pizza,Pepperoni Feast,1,499.0,20.0,0.0,Cash,Delivered,56,3.5
ORD_02806,CUST_0581,REST_128,Belgian Waffle Co,Hyderabad,2024-03-25,13:02:05,Desserts,Belgian Chocolate Waffle,1,160.0,40.0,126.82,Cash,Cancelled,0,0.0
ORD_02807,CUST_0219,REST_105,Burger King,Mumbai,2024-04-15,21:11:43,Burger,Crispy Veg Burger,4,129.0,20.0,114.72,UPI,Pending,24,0.0
ORD_02808,CUST_0506,REST_103,Ovenstory Pizza,Kolkata,2024-09-25,20:41:15,Pizza,Farmhouse Supreme,2,399.0,30.0,0.0,Credit Card,Delivered,34,4.5
ORD_02809,CUST_0113,REST_125,Baskin Robbins,Bangalore,2024-07-06,21:08:29,Desserts,Gulab Jamun (2 pcs),2,80.0,20.0,51.39,UPI,Delivered,37,4.0
ORD_02810,CUST_0395,REST_120,Berco's,Mumbai,2024-02-07,22:42:48,Chinese,Schezwan Veg Momos,2,150.0,30.0,0.0,UPI,Delivered,34,5.0
ORD_02811,CUST_0034,REST_128,Belgian Waffle Co,Bangalore,2024-06-18,21:26:49,Desserts,Chocolate Truffle Pastry,3,140.0,20.0,0.0,Cash,Delivered,35,4.5
ORD_02812,CUST_0334,REST_103,Ovenstory Pizza,Pune,2024-07-01,10:37:37,Pizza,Cheese Burst Pizza,1,429.0,40.0,0.0,UPI,Delivered,29,4.0
ORD_02813,CUST_0073,REST_108,The Burger Club,Delhi,2024-06-21,21:38:45,Burger,Smoky BBQ Burger,1,249.0,40.0,0.0,Wallet,Delivered,56,5.0
ORD_02814,CUST_0150,REST_111,Bawarchi,Bangalore,2024-10-06,22:21:50,Biryani,Mutton Dum Biryani,3,450.0,40.0,0.0,UPI,Delivered,28,5.0
ORD_02815,CUST_0373,REST_128,Belgian Waffle Co,Hyderabad,2024-09-12,12:15:42,Desserts,Chocolate Truffle Pastry,1,140.0,50.0,0.0,Credit Card,Delivered,50,5.0
ORD_02816,CUST_0116,REST_112,Meghana Foods,Kolkata,2024-09-24,14:33:01,Biryani,Kolkata Special Biryani,1,350.0,0.0,40.31,UPI,Delivered,21,5.0
ORD_02817,CUST_0374,REST_116,Saravanaa Bhavan,Mumbai,2024-05-23,12:39:09,Indian,Paneer Butter Masala,2,280.0,20.0,108.95,UPI,Delivered,25,5.0
ORD_02818,CUST_0461,REST_130,Chaayos,Bangalore,2024-03-30,14:26:46,Beverages,Iced Green Tea,2,130.0,50.0,0.0,Cash,Delivered,49,3.5
ORD_02819,CUST_0129,REST_116,Saravanaa Bhavan,Hyderabad,2024-09-18,21:01:43,Indian,Kadhai Paneer,1,270.0,50.0,0.0,Wallet,Delivered,57,4.5
ORD_02820,CUST_0684,REST_105,Burger King,Pune,2024-09-16,08:38:34,Burger,Smoky BBQ Burger,2,249.0,0.0,0.0,Cash,Delivered,64,5.0
ORD_02821,CUST_0276,REST_122,KFC,Chennai,2024-09-04,21:08:24,Fast Food,Veggie Delight Sub,1,190.0,20.0,59.1,Cash,Delivered,27,5.0
ORD_02822,CUST_0357,REST_111,Bawarchi,Hyderabad,2024-02-19,20:49:55,Biryani,Hyderabadi Chicken Biryani,1,320.0,40.0,0.0,UPI,Delivered,43,5.0
ORD_02823,CUST_0800,REST_125,Baskin Robbins,Delhi,2024-07-23,21:53:37,Desserts,Nutella Brownie,2,130.0,0.0,0.0,Cash,Delivered,64,5.0
ORD_02824,CUST_0350,REST_122,KFC,Ahmedabad,2024-07-26,21:58:30,Fast Food,Paneer Wrap,1,160.0,0.0,31.67,Debit Card,Delivered,47,5.0
ORD_02825,CUST_0122,REST_120,Berco's,Delhi,2024-07-05,21:59:13,Chinese,Chilli Chicken Gravy,1,270.0,50.0,0.0,Debit Card,Delivered,42,4.5
ORD_02826,CUST_0431,REST_121,Subway,Kolkata,2024-07-13,21:37:28,Fast Food,Paneer Wrap,1,160.0,20.0,0.0,UPI,Pending,38,0.0
ORD_02827,CUST_0356,REST_118,Wow! Momo,Delhi,2024-12-07,21:12:56,Chinese,Schezwan Veg Momos,2,150.0,20.0,0.0,UPI,Delivered,45,5.0
ORD_02828,CUST_0481,REST_118,Wow! Momo,Chennai,2024-03-15,20:43:19,Chinese,Chicken Fried Rice,1,230.0,0.0,134.55,Debit Card,Delivered,50,5.0
ORD_02829,CUST_0699,REST_115,Haldiram's,Mumbai,2024-04-14,21:06:02,Indian,Garlic Naan Combo,2,160.0,50.0,115.53,Credit Card,Delivered,50,4.0
ORD_02830,CUST_0486,REST_103,Ovenstory Pizza,Delhi,2024-04-16,18:05:13,Pizza,Farmhouse Supreme,1,399.0,40.0,74.16,Credit Card,Pending,22,0.0
ORD_02831,CUST_0080,REST_126,Theobroma,Delhi,2024-06-27,19:44:22,Desserts,Red Velvet Jar Cake,3,175.0,20.0,0.0,Cash,Delivered,28,5.0
ORD_02832,CUST_0421,REST_109,Paradise Biryani,Bangalore,2024-10-03,21:21:49,Biryani,Kolkata Special Biryani,2,350.0,0.0,0.0,Cash,Delivered,47,5.0
ORD_02833,CUST_0587,REST_108,The Burger Club,Delhi,2024-07-08,14:06:58,Burger,Double Whopper,1,299.0,20.0,38.63,UPI,Cancelled,0,0.0
ORD_02834,CUST_0114,REST_128,Belgian Waffle Co,Hyderabad,2024-07-16,19:27:52,Desserts,Belgian Chocolate Waffle,1,160.0,30.0,0.0,Cash,Delivered,60,4.0
ORD_02835,CUST_0392,REST_106,McDonald's,Ahmedabad,2024-12-24,19:26:38,Burger,Fiery Paneer Burger,2,179.0,30.0,135.34,UPI,Delivered,51,3.5
ORD_02836,CUST_0001,REST_130,Chaayos,Pune,2024-08-06,12:54:03,Beverages,Iced Green Tea,1,130.0,50.0,53.71,UPI,Delivered,24,4.0
ORD_02837,CUST_0566,REST_124,Faasos,Ahmedabad,2024-09-08,08:56:49,Fast Food,Cheesy French Fries,3,120.0,50.0,122.86,UPI,Cancelled,0,0.0
ORD_02838,CUST_0343,REST_103,Ovenstory Pizza,Kolkata,2024-02-22,13:45:14,Pizza,Paneer Tikka Pizza,1,349.0,30.0,0.0,Cash,Delivered,42,4.5
ORD_02839,CUST_0451,REST_103,Ovenstory Pizza,Pune,2024-05-12,19:39:22,Pizza,Margherita Pizza,1,249.0,40.0,23.09,Cash,Delivered,28,4.5
ORD_02840,CUST_0195,REST_114,Barbeque Nation,Delhi,2024-11-13,23:32:13,Indian,Kadhai Paneer,3,270.0,30.0,0.0,UPI,Delivered,60,4.5
ORD_02841,CUST_0622,REST_132,Chai Point,Ahmedabad,2024-09-19,22:45:51,Beverages,Caffe Latte,2,220.0,20.0,0.0,Credit Card,Delivered,35,5.0
ORD_02842,CUST_0201,REST_126,Theobroma,Pune,2024-09-11,22:51:07,Desserts,Nutella Brownie,4,130.0,40.0,31.67,Cash,Delivered,39,5.0
ORD_02843,CUST_0276,REST_104,La Pino'z Pizza,Kolkata,2024-09-23,14:49:42,Pizza,Cheese Burst Pizza,1,429.0,30.0,32.95,Credit Card,Delivered,64,4.5
ORD_02844,CUST_0342,REST_117,Mainland China,Kolkata,2024-10-24,21:58:14,Chinese,Schezwan Veg Momos,1,150.0,50.0,34.48,Debit Card,Delivered,37,4.0
ORD_02845,CUST_0034,REST_132,Chai Point,Pune,2024-06-08,19:31:16,Beverages,Caffe Latte,1,220.0,0.0,102.75,Credit Card,Delivered,58,4.0
ORD_02846,CUST_0021,REST_123,Taco Bell,Hyderabad,2024-08-08,20:03:28,Fast Food,Chicken Zinger Meal,2,299.0,40.0,53.42,UPI,Delivered,18,4.5
ORD_02847,CUST_0672,REST_107,Wendy's,Kolkata,2024-09-06,20:17:51,Burger,Crispy Veg Burger,1,129.0,30.0,34.96,Credit Card,Delivered,21,4.5
ORD_02848,CUST_0143,REST_111,Bawarchi,Mumbai,2024-12-24,19:00:11,Biryani,Hyderabadi Chicken Biryani,2,320.0,30.0,0.0,Credit Card,Delivered,46,5.0
ORD_02849,CUST_0457,REST_103,Ovenstory Pizza,Bangalore,2024-06-13,22:32:12,Pizza,Farmhouse Supreme,2,399.0,0.0,0.0,Wallet,Delivered,48,4.0
ORD_02850,CUST_0386,REST_118,Wow! Momo,Chennai,2024-04-28,20:49:57,Chinese,Schezwan Veg Momos,3,150.0,50.0,36.91,Credit Card,Delivered,22,4.5
ORD_02851,CUST_0731,REST_113,Punjab Grill,Chennai,2024-03-11,20:02:07,Indian,Kadhai Paneer,1,270.0,0.0,62.4,UPI,Cancelled,0,0.0
ORD_02852,CUST_0596,REST_115,Haldiram's,Mumbai,2024-05-04,17:59:59,Indian,Kadhai Paneer,1,270.0,40.0,60.66,Cash,Delivered,36,4.0
ORD_02853,CUST_0769,REST_129,Starbucks,Mumbai,2024-03-18,11:40:54,Beverages,Iced Green Tea,1,130.0,0.0,125.29,Debit Card,Delivered,54,5.0
ORD_02854,CUST_0541,REST_129,Starbucks,Pune,2024-12-04,08:34:51,Beverages,Cold Coffee with Ice Cream,4,150.0,0.0,0.0,Debit Card,Cancelled,0,0.0
ORD_02855,CUST_0409,REST_102,Pizza Hut,Ahmedabad,2024-08-18,13:15:50,Pizza,Farmhouse Supreme,1,399.0,30.0,0.0,UPI,Delivered,59,4.0
ORD_02856,CUST_0800,REST_112,Meghana Foods,Ahmedabad,2024-10-30,20:10:19,Biryani,Mutton Dum Biryani,3,450.0,20.0,0.0,Credit Card,Pending,24,0.0
ORD_02857,CUST_0073,REST_121,Subway,Ahmedabad,2024-06-13,19:38:41,Fast Food,Cheesy French Fries,1,120.0,20.0,40.09,Cash,Delivered,42,4.5
ORD_02858,CUST_0242,REST_104,La Pino'z Pizza,Delhi,2024-04-25,20:28:24,Pizza,Paneer Tikka Pizza,5,349.0,30.0,146.1,UPI,Delivered,29,4.0
ORD_02859,CUST_0401,REST_115,Haldiram's,Bangalore,2024-06-25,13:01:04,Indian,Kadhai Paneer,1,270.0,0.0,127.45,Debit Card,Cancelled,0,0.0
ORD_02860,CUST_0695,REST_119,Wok Express,Chennai,2024-06-07,12:00:28,Chinese,Manchurian Gravy,1,210.0,30.0,0.0,Credit Card,Delivered,47,5.0
ORD_02861,CUST_0138,REST_108,The Burger Club,Bangalore,2024-06-17,12:08:22,Burger,Fiery Paneer Burger,2,179.0,50.0,114.72,Cash,Delivered,31,5.0
ORD_02862,CUST_0109,REST_116,Saravanaa Bhavan,Mumbai,2024-09-17,09:09:58,Indian,Butter Chicken,2,360.0,50.0,52.75,Credit Card,Delivered,40,3.5
ORD_02863,CUST_0442,REST_129,Starbucks,Hyderabad,2024-09-09,21:49:59,Beverages,Cold Coffee with Ice Cream,4,150.0,20.0,0.0,UPI,Delivered,40,5.0
ORD_02864,CUST_0448,REST_106,McDonald's,Bangalore,2024-05-26,12:54:13,Burger,Fiery Paneer Burger,1,179.0,30.0,59.44,Cash,Delivered,41,2.5
ORD_02865,CUST_0408,REST_106,McDonald's,Bangalore,2024-06-15,09:37:57,Burger,Smoky BBQ Burger,2,249.0,30.0,80.63,UPI,Delivered,31,4.0
ORD_02866,,REST_111,Bawarchi,Ahmedabad,2024-05-29,19:34:27,Biryani,Kolkata Special Biryani,3,350.0,40.0,52.1,Debit Card,Delivered,49,4.5
ORD_02867,CUST_0121,REST_121,Subway,Pune,2024-08-25,14:26:59,Fast Food,Chicken Zinger Meal,1,299.0,30.0,0.0,UPI,Delivered,38,4.5
ORD_02868,CUST_0340,REST_129,Starbucks,Pune,2024-03-25,13:39:31,Beverages,Masala Chai (Flask),2,-50.0,0.0,115.91,Credit Card,Delivered,43,4.5
ORD_02869,CUST_0644,REST_114,Barbeque Nation,Pune,2024-07-09,21:06:26,Indian,Kadhai Paneer,1,270.0,40.0,0.0,Debit Card,Delivered,28,5.0
ORD_02870,CUST_0185,REST_109,Paradise Biryani,Kolkata,2024-04-24,12:37:52,Biryani,Mutton Dum Biryani,2,450.0,30.0,0.0,Credit Card,Pending,24,0.0
ORD_02871,CUST_0388,REST_121,Subway,Hyderabad,2024-09-18,14:54:30,Fast Food,Cheesy French Fries,2,120.0,30.0,27.24,Cash,Delivered,41,4.0
ORD_02872,CUST_0247,REST_114,Barbeque Nation,Kolkata,2024-09-13,17:36:38,Indian,Dal Makhani,2,220.0,50.0,66.38,UPI,Delivered,32,2.5
ORD_02873,CUST_0661,REST_110,Behrouz Biryani,Kolkata,2024-08-30,13:05:08,Biryani,Paneer Biryani,5,260.0,50.0,23.62,UPI,Delivered,54,4.5
ORD_02874,CUST_0126,REST_120,Berco's,Delhi,2024-04-17,12:36:34,Chinese,Chicken Fried Rice,2,230.0,0.0,79.03,Credit Card,Delivered,38,4.5
ORD_02875,CUST_0105,REST_117,Mainland China,Ahmedabad,2024-12-26,22:23:49,Chinese,Veg Hakka Noodles,1,180.0,30.0,149.41,UPI,Delivered,28,5.0
ORD_02876,CUST_0167,REST_117,Mainland China,Mumbai,2024-04-05,13:20:17,Chinese,Manchurian Gravy,2,210.0,40.0,29.57,UPI,Delivered,37,5.0
ORD_02877,CUST_0124,REST_116,Saravanaa Bhavan,Mumbai,2024-08-17,08:53:54,Indian,Dal Makhani,1,220.0,50.0,124.3,UPI,Cancelled,0,0.0
ORD_02878,CUST_0687,REST_117,Mainland China,Pune,2024-07-05,13:52:34,Chinese,Chicken Fried Rice,1,230.0,50.0,0.0,Debit Card,Delivered,41,4.5
ORD_02879,CUST_0164,REST_129,Starbucks,Ahmedabad,2024-10-25,12:56:08,Beverages,Mango Smoothie,1,160.0,0.0,104.15,Credit Card,Cancelled,0,0.0
ORD_02880,CUST_0446,REST_112,Meghana Foods,Mumbai,2024-03-04,20:45:14,Biryani,Kolkata Special Biryani,1,350.0,0.0,21.49,Cash,Cancelled,0,0.0
ORD_02881,CUST_0601,REST_107,Wendy's,Pune,2024-04-15,16:56:12,Burger,Fiery Paneer Burger,2,179.0,40.0,0.0,Cash,Delivered,50,4.0
ORD_02882,CUST_0710,REST_116,Saravanaa Bhavan,Delhi,2024-09-11,11:35:33,Indian,Kadhai Paneer,1,270.0,0.0,0.0,UPI,Delivered,57,5.0
ORD_02883,CUST_0164,REST_113,Punjab Grill,Hyderabad,2024-04-30,19:40:57,Indian,Dal Makhani,1,220.0,40.0,132.15,UPI,Delivered,56,4.5
ORD_02884,CUST_0523,REST_101,Domino's Pizza,Ahmedabad,2024-12-11,13:47:03,Pizza,Pepperoni Feast,3,499.0,20.0,0.0,UPI,Delivered,36,4.0
ORD_02885,CUST_0326,REST_129,Starbucks,Delhi,2024-05-10,13:07:51,Beverages,Mango Smoothie,2,160.0,30.0,125.15,UPI,Delivered,19,5.0
ORD_02886,CUST_0648,REST_118,Wow! Momo,Bangalore,2024-05-20,23:02:45,Chinese,Chicken Fried Rice,1,230.0,20.0,133.89,UPI,Delivered,35,
ORD_02887,CUST_0061,REST_130,Chaayos,Kolkata,2024-12-28,10:31:14,Beverages,Masala Chai (Flask),1,110.0,30.0,32.8,Cash,Delivered,21,5.0
ORD_02888,CUST_0160,REST_127,Naturals Ice Cream,Ahmedabad,2024-07-25,19:24:28,Desserts,Belgian Chocolate Waffle,1,160.0,0.0,22.4,UPI,Delivered,26,5.0
ORD_02889,CUST_0794,REST_127,Naturals Ice Cream,Pune,2024-12-07,20:09:53,Desserts,Belgian Chocolate Waffle,2,160.0,0.0,93.39,Credit Card,Delivered,24,5.0
ORD_02890,CUST_0621,REST_121,Subway,Pune,2024-03-08,10:53:52,Fast Food,Paneer Wrap,1,160.0,50.0,144.78,UPI,Delivered,64,4.5
ORD_02891,CUST_0450,REST_123,Taco Bell,Bangalore,2024-03-16,12:18:31,Fast Food,Chicken Zinger Meal,1,299.0,30.0,125.92,UPI,Delivered,32,4.5
ORD_02892,CUST_0270,REST_121,Subway,Pune,2024-06-03,22:44:51,Fast Food,Cheesy French Fries,1,120.0,30.0,63.9,Credit Card,Delivered,26,4.0
ORD_02893,CUST_0524,REST_120,Berco's,Pune,2024-01-09,15:57:01,Chinese,Chilli Chicken Gravy,1,270.0,0.0,50.7,UPI,Delivered,56,5.0
ORD_02894,CUST_0720,REST_123,Taco Bell,Ahmedabad,2024-04-22,13:31:30,Fast Food,Paneer Wrap,3,160.0,20.0,74.81,Credit Card,Pending,28,0.0
ORD_02895,CUST_0168,REST_106,McDonald's,Chennai,2024-01-01,14:17:48,Burger,Classic Chicken Burger,1,199.0,30.0,29.92,Wallet,Cancelled,0,0.0
ORD_02896,CUST_0045,REST_117,Mainland China,Ahmedabad,2024-09-04,22:03:43,Chinese,Manchurian Gravy,1,210.0,40.0,0.0,UPI,Cancelled,0,0.0
ORD_02897,CUST_0680,REST_130,Chaayos,Ahmedabad,2024-07-09,19:33:21,Beverages,Caffe Latte,3,220.0,20.0,109.5,UPI,Cancelled,0,0.0
ORD_02898,CUST_0184,REST_114,Barbeque Nation,Pune,2024-09-27,13:56:06,Indian,Paneer Butter Masala,2,280.0,50.0,62.09,Cash,Delivered,51,2.0
ORD_02899,CUST_0541,REST_107,Wendy's,Delhi,2024-10-14,20:18:08,Burger,Double Whopper,2,299.0,0.0,30.43,Credit Card,Delivered,59,3.0
ORD_02900,CUST_0193,REST_114,Barbeque Nation,Chennai,2024-10-15,14:06:49,Indian,Dal Makhani,2,220.0,20.0,34.87,Credit Card,Cancelled,0,0.0
ORD_02901,CUST_0221,REST_118,Wow! Momo,Bangalore,2024-04-10,09:55:01,Chinese,Chilli Chicken Gravy,2,270.0,0.0,73.12,Cash,Delivered,30,5.0
ORD_02902,CUST_0233,REST_130,Chaayos,Mumbai,2024-05-10,12:53:36,Beverages,Masala Chai (Flask),2,110.0,40.0,0.0,UPI,Cancelled,0,0.0
ORD_02903,CUST_0508,REST_105,Burger King,Pune,2024-06-04,13:30:48,Burger,Double Whopper,1,299.0,30.0,0.0,Cash,Delivered,20,4.5
ORD_02904,CUST_0644,REST_122,KFC,Delhi,2024-04-17,22:31:32,Fast Food,Paneer Wrap,2,160.0,0.0,39.71,Debit Card,Cancelled,0,0.0
ORD_02905,CUST_0050,REST_123,Taco Bell,Mumbai,2024-01-11,22:28:24,Fast Food,Cheesy French Fries,1,120.0,20.0,0.0,upi,Delivered,48,4.5
ORD_02906,CUST_0035,REST_116,Saravanaa Bhavan,Mumbai,2024-10-02,21:15:37,Indian,Garlic Naan Combo,2,160.0,40.0,92.76,UPI,Delivered,58,3.5
ORD_02907,CUST_0710,REST_121,Subway,Chennai,2024-04-26,13:06:11,Fast Food,Chicken Zinger Meal,2,299.0,0.0,30.56,UPI,Cancelled,0,0.0
ORD_02908,CUST_0339,REST_106,McDonald's,Delhi,2024-12-05,12:47:55,Burger,Smoky BBQ Burger,1,249.0,0.0,0.0,UPI,Delivered,19,4.5
ORD_02909,CUST_0466,REST_111,Bawarchi,Chennai,2024-03-19,13:18:54,Biryani,Mutton Dum Biryani,3,450.0,40.0,0.0,Credit Card,Delivered,35,4.5
ORD_02910,CUST_0079,REST_107,Wendy's,Pune,2024-06-30,09:13:24,Burger,Classic Chicken Burger,1,199.0,30.0,144.41,Debit Card,Delivered,31,4.5
ORD_02911,CUST_0262,REST_128,Belgian Waffle Co,Pune,2024-03-05,22:24:04,Desserts,Gulab Jamun (2 pcs),1,80.0,40.0,35.26,UPI,Delivered,28,4.0
ORD_02912,CUST_0775,REST_103,Ovenstory Pizza,Bangalore,2024-08-06,20:23:18,Pizza,Cheese Burst Pizza,2,429.0,50.0,0.0,UPI,Delivered,57,3.5
ORD_02913,CUST_0408,REST_115,Haldiram's,Mumbai,2024-11-14,12:04:06,Indian,Kadhai Paneer,1,270.0,0.0,0.0,Debit Card,Delivered,54,4.5
ORD_02914,CUST_0095,REST_123,Taco Bell,Delhi,2024-05-10,21:01:43,Fast Food,Veggie Delight Sub,2,190.0,20.0,109.9,Wallet,Delivered,51,4.5
ORD_02915,CUST_0544,REST_123,Taco Bell,Hyderabad,2024-09-14,12:27:16,Fast Food,Cheesy French Fries,1,120.0,50.0,62.1,UPI,Delivered,63,4.5
ORD_02916,CUST_0752,REST_109,Paradise Biryani,Chennai,2024-04-19,20:51:30,Biryani,Veg Dum Biryani,1,240.0,50.0,0.0,Wallet,Cancelled,0,0.0
ORD_02917,CUST_0064,REST_128,Belgian Waffle Co,Ahmedabad,2024-06-11,19:21:33,Desserts,Red Velvet Jar Cake,1,175.0,40.0,114.18,Credit Card,Cancelled,0,0.0
ORD_02918,CUST_0111,REST_114,Barbeque Nation,Delhi,2024-07-30,14:45:41,Indian,Dal Makhani,2,-50.0,50.0,0.0,UPI,Delivered,24,5.0
ORD_02919,CUST_0151,REST_126,Theobroma,Kolkata,2024-02-07,23:22:28,desserts,Belgian Chocolate Waffle,1,160.0,20.0,78.12,Credit Card,Delivered,32,4.0
ORD_02920,CUST_0296,REST_127,Naturals Ice Cream,Chennai,2024-11-14,13:45:36,Desserts,Chocolate Truffle Pastry,0,140.0,30.0,0.0,UPI,Delivered,38,4.5
ORD_02921,CUST_0582,REST_111,Bawarchi,Hyderabad,2024-02-06,22:04:53,Biryani,Hyderabadi Chicken Biryani,1,320.0,0.0,146.22,Cash,Delivered,24,4.5
ORD_02922,CUST_0470,REST_132,Chai Point,Mumbai,2024-08-31,19:26:51,Beverages,Caffe Latte,0,220.0,20.0,53.53,Cash,Delivered,21,5.0
ORD_02923,CUST_0410,REST_131,Cafe Coffee Day,Ahmedabad,2024-01-01,13:03:04,Beverages,Cold Coffee with Ice Cream,1,150.0,20.0,57.16,Credit Card,Delivered,22,4.5
ORD_02924,CUST_0004,REST_116,Saravanaa Bhavan,Kolkata,2024-01-04,12:06:00,Indian,Paneer Butter Masala,3,280.0,20.0,0.0,UPI,Delivered,53,3.5
ORD_02925,CUST_0629,REST_121,Subway,Mumbai,2024-03-03,10:48:58,Fast Food,Crispy Chicken Bucket,3,480.0,0.0,51.15,Credit Card,Delivered,25,5.0
ORD_02926,CUST_0475,REST_129,Starbucks,Pune,2024-02-26,21:05:05,Beverages,Cold Coffee with Ice Cream,2,150.0,40.0,0.0,UPI,Delivered,27,4.5
ORD_02927,CUST_0264,REST_124,Faasos,Bangalore,2024-08-09,12:04:57,Fast Food,Crispy Chicken Bucket,3,480.0,0.0,86.7,UPI,Cancelled,0,0.0
ORD_02928,CUST_0610,REST_123,Taco Bell,Pune,2024-03-21,13:57:45,Fast Food,Crispy Chicken Bucket,1,480.0,50.0,63.6,Debit Card,Delivered,34,4.0
ORD_02929,CUST_0713,REST_123,Taco Bell,Ahmedabad,2024-03-28,21:41:49,Fast Food,Crispy Chicken Bucket,1,480.0,20.0,0.0,UPI,Delivered,60,4.5
ORD_02930,CUST_0516,REST_129,Starbucks,Ahmedabad,2024-03-19,19:25:05,Beverages,Caffe Latte,2,220.0,50.0,84.77,UPI,Delivered,44,4.5
ORD_02931,CUST_0474,REST_118,Wow! Momo,Chennai,2024-09-18,08:31:58,Chinese,Chicken Fried Rice,1,230.0,0.0,0.0,Debit Card,Delivered,45,5.0
ORD_02932,CUST_0396,REST_128,Belgian Waffle Co,Pune,2024-03-30,12:40:10,Desserts,Gulab Jamun (2 pcs),4,80.0,50.0,145.91,UPI,Delivered,22,3.0
ORD_02933,CUST_0264,REST_108,The Burger Club,Ahmedabad,2024-10-31,21:53:20,Burger,Classic Chicken Burger,2,199.0,30.0,70.01,UPI,Delivered,25,5.0
ORD_02934,CUST_0649,REST_107,Wendy's,Ahmedabad,2024-05-10,20:40:53,Burger,Double Whopper,1,299.0,40.0,85.95,Credit Card,Delivered,47,4.0
ORD_02935,CUST_0329,REST_118,Wow! Momo,Chennai,2024-06-05,17:27:44,Chinese,Schezwan Veg Momos,1,150.0,30.0,30.4,Credit Card,Delivered,27,4.0
ORD_02936,CUST_0240,REST_127,Naturals Ice Cream,Pune,2024-05-30,20:35:35,Desserts,Nutella Brownie,1,130.0,20.0,0.0,UPI,Delivered,39,4.0
ORD_02937,CUST_0397,REST_110,Behrouz Biryani,Pune,2024-11-02,21:52:23,Biryani,Paneer Biryani,2,260.0,30.0,0.0,Debit Card,Delivered,18,2.0
ORD_02938,CUST_0717,REST_106,McDonald's,Mumbai,2024-11-21,13:04:50,Burger,Double Whopper,2,299.0,30.0,46.5,UPI,Cancelled,0,0.0
ORD_02939,CUST_0118,REST_121,Subway,Delhi,2024-03-19,21:15:39,Fast Food,Chicken Zinger Meal,1,299.0,50.0,0.0,UPI,Delivered,64,3.0
ORD_02940,CUST_0591,REST_126,Theobroma,Delhi,2024-08-17,19:01:23,Desserts,Nutella Brownie,3,130.0,50.0,131.98,UPI,Delivered,22,5.0
ORD_02941,CUST_0571,REST_101,Domino's Pizza,Delhi,2024-05-15,19:02:08,Pizza,Cheese Burst Pizza,1,429.0,20.0,0.0,UPI,Delivered,43,4.5
ORD_02942,CUST_0659,REST_113,Punjab Grill,Pune,2024-03-29,20:59:10,Indian,Kadhai Paneer,3,270.0,40.0,32.45,Cash,Delivered,33,5.0
ORD_02943,CUST_0348,REST_129,Starbucks,Hyderabad,2024-02-25,20:27:46,Beverages,Masala Chai (Flask),3,110.0,20.0,21.69,UPI,Pending,28,0.0
ORD_02944,CUST_0115,REST_114,Barbeque Nation,Chennai,2024-02-02,13:45:46,Indian,Kadhai Paneer,1,270.0,50.0,65.82,Debit Card,Cancelled,0,0.0
ORD_02945,CUST_0292,REST_118,Wow! Momo,Ahmedabad,2024-10-25,21:08:50,Chinese,Manchurian Gravy,1,210.0,50.0,65.3,Credit Card,Delivered,56,4.5
ORD_02946,CUST_0604,REST_111,Bawarchi,Bangalore,2024-06-25,12:46:41,Biryani,Veg Dum Biryani,4,240.0,20.0,0.0,UPI,Delivered,55,4.5
ORD_02947,CUST_0780,REST_131,Cafe Coffee Day,Ahmedabad,2024-07-09,19:46:22,Beverages,Masala Chai (Flask),1,110.0,50.0,41.14,UPI,Delivered,56,5.0
ORD_02948,CUST_0243,REST_113,Punjab Grill,Kolkata,2024-12-09,12:41:22,Indian,Paneer Butter Masala,2,280.0,20.0,67.34,UPI,Delivered,43,4.0
ORD_02949,CUST_0500,REST_106,McDonald's,Hyderabad,2024-03-21,22:51:02,Burger,Classic Chicken Burger,1,199.0,0.0,26.43,UPI,Delivered,33,4.0
ORD_02950,CUST_0201,REST_111,Bawarchi,Pune,2024-11-19,21:05:21,Biryani,Paneer Biryani,1,260.0,30.0,0.0,Cash,Cancelled,0,0.0
ORD_02951,CUST_0469,REST_115,Haldiram's,Delhi,2024-04-20,19:58:03,Indian,Kadhai Paneer,3,270.0,30.0,62.42,Wallet,Delivered,28,4.0
ORD_02952,CUST_0626,REST_118,Wow! Momo,Pune,2024-03-04,12:00:41,Chinese,Chicken Fried Rice,2,230.0,20.0,106.55,Cash,Delivered,48,4.5
ORD_02953,CUST_0712,REST_131,Cafe Coffee Day,Ahmedabad,2024-06-10,22:50:08,Beverages,Cold Coffee with Ice Cream,1,150.0,50.0,71.92,Wallet,Delivered,42,4.5
ORD_02954,CUST_0701,REST_124,Faasos,Bangalore,2024-06-17,13:18:05,Fast Food,Paneer Wrap,1,160.0,50.0,0.0,UPI,Cancelled,0,0.0
ORD_02955,CUST_0391,REST_117,Mainland China,Kolkata,2024-07-17,12:06:33,Chinese,Chicken Fried Rice,1,230.0,0.0,61.26,UPI,Delivered,61,4.5
ORD_02956,CUST_0334,REST_109,Paradise Biryani,Bangalore,2024-06-30,20:44:57,Biryani,Kolkata Special Biryani,1,350.0,40.0,33.22,Cash,Pending,22,0.0
ORD_02957,CUST_0298,REST_123,Taco Bell,Chennai,2024-04-11,22:41:18,Fast Food,Cheesy French Fries,2,120.0,40.0,45.79,UPI,Delivered,36,3.0
ORD_02958,CUST_0767,REST_106,McDonald's,Kolkata,2024-07-24,20:56:23,Burger,Crispy Veg Burger,1,129.0,20.0,30.83,UPI,Delivered,47,4.0
ORD_02959,CUST_0414,REST_129,Starbucks,Mumbai,2024-06-21,22:27:27,Beverages,Caffe Latte,1,220.0,40.0,57.06,UPI,Cancelled,0,0.0
ORD_02960,CUST_0437,REST_104,La Pino'z Pizza,Delhi,2024-11-11,13:55:54,Pizza,Cheese Burst Pizza,2,429.0,20.0,73.79,Cash,Cancelled,0,0.0
ORD_02961,CUST_0266,REST_111,Bawarchi,Delhi,2024-12-11,16:12:36,Biryani,Hyderabadi Chicken Biryani,1,320.0,30.0,31.57,Cash,Delivered,21,5.0
ORD_02962,CUST_0566,REST_104,La Pino'z Pizza,Bangalore,2024-07-17,14:56:35,Pizza,Margherita Pizza,1,249.0,20.0,51.99,Cash,Delivered,54,5.0
ORD_02963,CUST_0226,REST_130,Chaayos,Delhi,2024-07-30,19:54:33,Beverages,Cold Coffee with Ice Cream,4,150.0,40.0,45.11,Credit Card,Delivered,20,2.5
ORD_02964,CUST_0451,REST_110,Behrouz Biryani,Kolkata,2024-03-08,19:21:08,Biryani,Kolkata Special Biryani,2,350.0,50.0,0.0,Cash,Cancelled,0,0.0
ORD_02965,CUST_0414,REST_121,Subway,Pune,2024-09-07,20:05:54,Fast Food,Chicken Zinger Meal,2,299.0,40.0,117.7,UPI,Delivered,63,2.0
ORD_02966,CUST_0693,REST_111,Bawarchi,Pune,2024-11-11,22:27:42,Biryani,Veg Dum Biryani,1,240.0,0.0,140.86,UPI,Delivered,45,4.5
ORD_02967,CUST_0393,REST_108,The Burger Club,Hyderabad,2024-08-28,21:16:34,Burger,Double Whopper,2,299.0,40.0,0.0,UPI,Delivered,30,5.0
ORD_02968,CUST_0342,REST_114,Barbeque Nation,Mumbai,2024-07-24,22:19:37,Indian,Dal Makhani,1,220.0,50.0,44.52,Cash,Delivered,62,5.0
ORD_02969,CUST_0552,REST_108,The Burger Club,Bangalore,2024-11-10,13:06:48,Burger,Double Whopper,1,299.0,30.0,113.26,Wallet,Pending,28,0.0
ORD_02970,CUST_0798,REST_102,Pizza Hut,Kolkata,2024-06-23,21:48:42,Pizza,Margherita Pizza,1,249.0,0.0,56.45,UPI,Delivered,54,3.0
ORD_02971,CUST_0225,REST_119,Wok Express,Ahmedabad,2024-09-08,21:05:10,Chinese,Schezwan Veg Momos,1,150.0,20.0,48.52,Credit Card,Cancelled,0,0.0
ORD_02972,CUST_0270,REST_104,La Pino'z Pizza,Delhi,2024-08-22,12:39:46,Pizza,Farmhouse Supreme,2,399.0,50.0,106.62,UPI,Delivered,28,2.5
ORD_02973,CUST_0432,REST_102,Pizza Hut,Ahmedabad,2024-04-29,22:28:54,Pizza,Cheese Burst Pizza,2,429.0,40.0,0.0,Debit Card,Delivered,65,3.0
ORD_02974,CUST_0258,REST_129,Starbucks,Hyderabad,2024-09-23,19:57:00,Beverages,Cold Coffee with Ice Cream,1,150.0,30.0,0.0,Credit Card,Delivered,50,5.0
ORD_02975,CUST_0117,REST_114,Barbeque Nation,Ahmedabad,2024-04-18,19:27:25,Indian,Paneer Butter Masala,1,280.0,40.0,25.3,Wallet,Cancelled,0,0.0
ORD_02976,CUST_0521,REST_131,Cafe Coffee Day,Ahmedabad,2024-09-13,14:31:39,Beverages,Masala Chai (Flask),2,110.0,30.0,51.95,UPI,Delivered,56,5.0
ORD_02977,CUST_0617,REST_125,Baskin Robbins,Chennai,2024-01-28,13:51:14,Desserts,Nutella Brownie,2,130.0,50.0,82.23,Cash,Delivered,64,4.0
ORD_02978,CUST_0137,REST_128,Belgian Waffle Co,Ahmedabad,2024-08-05,14:38:36,Desserts,Nutella Brownie,1,130.0,20.0,0.0,UPI,Cancelled,0,0.0
ORD_02979,CUST_0339,REST_113,Punjab Grill,Mumbai,2024-03-12,19:17:48,Indian,Dal Makhani,1,220.0,40.0,103.04,UPI,Delivered,31,5.0
ORD_02980,CUST_0290,REST_132,Chai Point,Kolkata,2024-05-07,21:55:44,Beverages,Cold Coffee with Ice Cream,1,150.0,0.0,63.26,Wallet,Delivered,28,4.0
ORD_02981,CUST_0056,REST_122,KFC,Chennai,2024-08-05,13:04:09,Fast Food,Paneer Wrap,2,160.0,50.0,47.0,UPI,Cancelled,0,0.0
ORD_02982,CUST_0201,REST_119,Wok Express,Kolkata,2024-02-04,15:54:07,Chinese,Schezwan Veg Momos,1,150.0,20.0,143.71,Cash,Delivered,37,4.5
ORD_02983,CUST_0591,REST_113,Punjab Grill,Kolkata,2024-01-26,21:36:59,Indian,Butter Chicken,1,360.0,0.0,77.22,UPI,Delivered,61,4.5
ORD_02984,CUST_0734,REST_110,Behrouz Biryani,Chennai,2024-05-07,20:19:52,Biryani,Kolkata Special Biryani,2,350.0,30.0,0.0,Debit Card,Delivered,50,4.5
ORD_02985,CUST_0403,REST_108,The Burger Club,Bangalore,2024-11-06,17:46:09,Burger,Fiery Paneer Burger,4,179.0,50.0,0.0,UPI,Delivered,26,4.5
ORD_02986,CUST_0786,REST_107,Wendy's,Bangalore,2024-09-02,08:46:59,Burger,Crispy Veg Burger,1,129.0,50.0,24.41,UPI,Delivered,60,3.5
ORD_02987,CUST_0601,REST_108,The Burger Club,Pune,2024-02-17,13:10:30,Burger,Classic Chicken Burger,1,199.0,30.0,74.4,UPI,Delivered,62,4.5
ORD_02988,CUST_0167,REST_131,Cafe Coffee Day,Hyderabad,2024-08-24,22:07:11,Beverages,Mango Smoothie,1,160.0,50.0,30.72,Credit Card,Cancelled,0,0.0
ORD_02989,CUST_0505,REST_129,Starbucks,Pune,2024-11-22,20:10:41,Beverages,Mango Smoothie,1,160.0,40.0,130.24,UPI,Delivered,50,1.0
ORD_02990,CUST_0201,REST_102,Pizza Hut,Mumbai,2024-10-06,14:48:02,Pizza,Cheese Burst Pizza,1,429.0,30.0,72.33,Debit Card,Delivered,56,5.0
ORD_02991,CUST_0554,REST_120,Berco's,Pune,2024-11-04,13:00:13,Chinese,Chilli Chicken Gravy,2,270.0,20.0,0.0,Cash,Cancelled,0,0.0
ORD_02992,CUST_0027,REST_131,Cafe Coffee Day,Hyderabad,2024-09-08,13:20:30,beverages,Masala Chai (Flask),2,110.0,40.0,91.08,Cash,Delivered,44,5.0
ORD_02993,CUST_0518,REST_114,Barbeque Nation,Delhi,2024-03-29,22:23:01,Indian,Butter Chicken,1,360.0,20.0,0.0,UPI,Delivered,62,4.0
ORD_02994,CUST_0004,REST_123,Taco Bell,Chennai,2024-04-28,20:42:27,Fast Food,Chicken Zinger Meal,1,299.0,20.0,93.99,UPI,Delivered,53,5.0
ORD_02995,CUST_0515,REST_129,Starbucks,Mumbai,2024-01-26,21:33:49,Beverages,Cold Coffee with Ice Cream,3,150.0,50.0,43.57,UPI,Delivered,55,5.0
ORD_02996,CUST_0399,REST_114,Barbeque Nation,Ahmedabad,2024-04-13,20:46:12,Indian,Kadhai Paneer,1,270.0,40.0,31.56,Credit Card,Delivered,55,4.0
ORD_02997,CUST_0526,REST_130,Chaayos,Delhi,2024-08-10,11:58:24,Beverages,Iced Green Tea,1,130.0,20.0,0.0,UPI,Delivered,58,4.5
ORD_02998,CUST_0631,REST_132,Chai Point,Hyderabad,2024-11-19,19:37:38,Beverages,Caffe Latte,1,220.0,40.0,94.17,Debit Card,Delivered,60,5.0
ORD_02999,CUST_0297,REST_121,Subway,Bangalore,2024-07-21,14:09:26,Fast Food,Paneer Wrap,2,160.0,40.0,0.0,UPI,Delivered,43,4.5
ORD_03000,CUST_0455,REST_130,Chaayos,Pune,2024-09-03,19:38:02,Beverages,Iced Green Tea,1,130.0,50.0,69.91,Cash,Delivered,54,
ORD_03001,CUST_0221,REST_117,Mainland China,Ahmedabad,2024-03-21,12:24:07,Chinese,Schezwan Veg Momos,1,150.0,20.0,0.0,UPI,Delivered,48,4.5
ORD_03002,CUST_0112,REST_108,The Burger Club,Chennai,2024-02-11,21:01:25,Burger,Fiery Paneer Burger,1,179.0,30.0,88.69,Cash,Delivered,56,4.5
ORD_03003,CUST_0151,REST_121,Subway,Pune,2024-08-26,21:53:14,Fast Food,Crispy Chicken Bucket,1,480.0,30.0,68.02,UPI,Delivered,55,3.0
ORD_03004,CUST_0704,REST_119,Wok Express,Bangalore,2024-06-16,21:39:01,Chinese,Veg Hakka Noodles,1,180.0,40.0,38.96,Cash,Delivered,32,3.5
ORD_03005,CUST_0330,REST_127,Naturals Ice Cream,Hyderabad,2024-10-16,19:31:31,Desserts,Nutella Brownie,2,130.0,50.0,44.45,UPI,Delivered,62,4.5
ORD_03006,CUST_0388,REST_122,KFC,Delhi,2024-01-18,22:00:08,Fast Food,Veggie Delight Sub,1,190.0,30.0,67.08,Cash,Delivered,57,4.5
ORD_03007,CUST_0448,REST_103,Ovenstory Pizza,Hyderabad,2024-05-09,22:41:38,Pizza,Margherita Pizza,2,249.0,0.0,113.68,Debit Card,Delivered,20,4.5
ORD_03008,CUST_0056,REST_125,Baskin Robbins,Mumbai,2024-07-06,13:59:36,Desserts,Belgian Chocolate Waffle,1,160.0,50.0,86.76,UPI,Delivered,38,4.5
ORD_03009,CUST_0188,REST_110,Behrouz Biryani,Hyderabad,2024-06-04,17:17:49,Biryani,Hyderabadi Chicken Biryani,1,320.0,50.0,117.89,UPI,Delivered,46,4.5
ORD_03010,CUST_0214,REST_113,Punjab Grill,Mumbai,2024-08-10,14:58:02,Indian,Dal Makhani,1,220.0,30.0,57.06,UPI,Delivered,22,5.0
ORD_03011,CUST_0214,REST_105,Burger King,Pune,2024-09-22,17:02:45,Burger,Double Whopper,3,299.0,0.0,0.0,Credit Card,Pending,41,0.0
ORD_03012,CUST_0616,REST_109,Paradise Biryani,Hyderabad,2024-06-09,22:56:51,Biryani,Veg Dum Biryani,1,240.0,50.0,141.66,UPI,Delivered,33,5.0
ORD_03013,CUST_0566,REST_103,Ovenstory Pizza,Chennai,2024-02-08,12:20:24,Pizza,Pepperoni Feast,3,499.0,50.0,130.8,Cash,Delivered,44,5.0
ORD_03014,CUST_0560,REST_127,Naturals Ice Cream,Kolkata,2024-11-09,10:35:17,Desserts,Belgian Chocolate Waffle,1,160.0,0.0,33.3,Wallet,Delivered,40,1.0
ORD_03015,CUST_0638,REST_129,Starbucks,Bangalore,2024-05-09,13:33:30,Beverages,Masala Chai (Flask),1,110.0,40.0,32.38,Debit Card,Cancelled,0,0.0
ORD_03016,CUST_0381,REST_103,Ovenstory Pizza,Pune,2024-11-16,19:23:00,Pizza,Farmhouse Supreme,3,399.0,20.0,143.09,Credit Card,Delivered,39,5.0
ORD_03017,CUST_0384,REST_125,Baskin Robbins,Pune,2024-01-15,08:53:32,Desserts,Belgian Chocolate Waffle,3,160.0,30.0,43.55,Cash,Cancelled,0,0.0
ORD_03018,CUST_0488,REST_107,Wendy's,Hyderabad,2024-05-16,20:56:36,Burger,Fiery Paneer Burger,3,179.0,0.0,37.91,UPI,Delivered,54,4.0
ORD_03019,CUST_0019,REST_102,Pizza Hut,Delhi,2024-08-04,16:31:04,Pizza,Paneer Tikka Pizza,3,349.0,30.0,0.0,Credit Card,Delivered,23,5.0
ORD_03020,CUST_0595,REST_112,Meghana Foods,Mumbai,2024-12-10,22:28:12,Biryani,Kolkata Special Biryani,5,350.0,50.0,0.0,UPI,Cancelled,0,0.0
ORD_03021,CUST_0627,REST_107,Wendy's,Hyderabad,2024-03-24,19:13:19,Burger,Classic Chicken Burger,1,199.0,20.0,29.94,UPI,Delivered,41,4.5
ORD_03022,CUST_0566,REST_125,Baskin Robbins,Pune,2024-10-10,19:45:23,Desserts,Belgian Chocolate Waffle,3,160.0,50.0,70.64,Credit Card,Delivered,25,5.0
ORD_03023,CUST_0055,REST_123,Taco Bell,Delhi,2024-12-16,14:47:51,Fast Food,Veggie Delight Sub,5,190.0,40.0,50.79,UPI,Delivered,57,2.5
ORD_03024,CUST_0281,REST_117,Mainland China,Delhi,2024-12-08,11:18:17,Chinese,Chilli Chicken Gravy,1,270.0,0.0,124.34,UPI,Delivered,23,5.0
ORD_03025,CUST_0417,REST_126,Theobroma,Kolkata,2024-07-19,14:23:18,Desserts,Gulab Jamun (2 pcs),3,80.0,30.0,32.92,Debit Card,Delivered,32,4.5
ORD_03026,CUST_0436,REST_123,Taco Bell,Pune,2024-11-02,20:17:18,Fast Food,Paneer Wrap,4,160.0,20.0,0.0,Credit Card,Delivered,45,5.0
ORD_03027,CUST_0276,REST_108,The Burger Club,Chennai,2024-06-08,20:35:33,Burger,Crispy Veg Burger,1,129.0,20.0,49.56,UPI,Delivered,31,5.0
ORD_03028,CUST_0085,REST_106,McDonald's,Hyderabad,2024-08-08,19:28:57,Burger,Classic Chicken Burger,1,199.0,40.0,46.12,UPI,Delivered,54,4.0
ORD_03029,CUST_0767,REST_113,Punjab Grill,Bangalore,2024-07-13,22:35:10,Indian,Garlic Naan Combo,3,160.0,30.0,38.76,Wallet,Pending,28,0.0
ORD_03030,CUST_0124,REST_124,Faasos,Hyderabad,2024-01-08,13:28:17,Fast Food,Cheesy French Fries,1,120.0,40.0,0.0,Cash,Delivered,44,5.0
ORD_03031,CUST_0418,REST_132,Chai Point,Kolkata,2024-10-19,09:24:07,Beverages,Iced Green Tea,1,130.0,20.0,34.44,UPI,Delivered,20,4.5
ORD_03032,CUST_0321,REST_111,Bawarchi,Delhi,2024-07-07,21:15:19,Biryani,Hyderabadi Chicken Biryani,1,320.0,0.0,0.0,UPI,Delivered,60,4.5
ORD_03033,CUST_0666,REST_117,Mainland China,Pune,2024-06-05,20:31:44,Chinese,Chilli Chicken Gravy,4,270.0,20.0,0.0,Credit Card,Delivered,24,5.0
ORD_03034,CUST_0112,REST_117,Mainland China,Pune,2024-08-30,22:27:57,Chinese,Chilli Chicken Gravy,5,270.0,30.0,0.0,Cash,Delivered,22,4.5
ORD_03035,CUST_0016,REST_129,Starbucks,Mumbai,2024-07-10,12:42:19,Beverages,Iced Green Tea,3,130.0,0.0,0.0,UPI,Delivered,62,4.0
ORD_03036,CUST_0794,REST_130,Chaayos,Hyderabad,2024-10-08,22:11:38,Beverages,Mango Smoothie,1,160.0,0.0,113.81,Cash,Delivered,51,4.5
ORD_03037,CUST_0554,REST_112,Meghana Foods,Chennai,2024-04-10,12:52:38,Biryani,Mutton Dum Biryani,2,450.0,40.0,134.07,Credit Card,Delivered,34,5.0
ORD_03038,CUST_0679,REST_125,Baskin Robbins,Mumbai,2024-07-02,11:43:39,Desserts,Belgian Chocolate Waffle,2,160.0,50.0,0.0,Cash,Delivered,21,5.0
ORD_03039,CUST_0387,REST_112,Meghana Foods,Hyderabad,2024-03-26,22:14:53,Biryani,Mutton Dum Biryani,1,450.0,30.0,0.0,Debit Card,Delivered,59,4.5
ORD_03040,CUST_0600,REST_120,Berco's,Mumbai,2024-07-01,20:10:26,Chinese,Chicken Fried Rice,2,230.0,30.0,0.0,UPI,Pending,44,0.0
ORD_03041,CUST_0215,REST_115,Haldiram's,Ahmedabad,2024-02-19,21:51:39,Indian,Dal Makhani,2,220.0,30.0,0.0,UPI,Delivered,21,4.0
ORD_03042,CUST_0638,REST_112,Meghana Foods,Ahmedabad,2024-01-06,10:16:41,Biryani,Veg Dum Biryani,2,240.0,0.0,104.01,UPI,Delivered,57,3.5
ORD_03043,CUST_0445,REST_127,Naturals Ice Cream,Kolkata,2024-11-24,13:44:23,Desserts,Chocolate Truffle Pastry,4,140.0,20.0,22.32,UPI,Delivered,54,4.0
ORD_03044,CUST_0534,REST_115,Haldiram's,Chennai,2024-11-07,14:34:41,Indian,Garlic Naan Combo,2,160.0,50.0,0.0,Debit Card,Delivered,28,5.0
ORD_03045,CUST_0495,REST_131,Cafe Coffee Day,Chennai,2024-11-01,22:29:22,Beverages,Caffe Latte,1,220.0,30.0,0.0,Cash,Delivered,50,4.0
ORD_03046,CUST_0342,REST_114,Barbeque Nation,Pune,2024-09-08,13:49:29,Indian,Garlic Naan Combo,1,160.0,0.0,24.31,UPI,Delivered,32,4.0
ORD_03047,CUST_0529,REST_122,KFC,Ahmedabad,2024-04-01,21:47:32,Fast Food,Cheesy French Fries,1,120.0,30.0,0.0,Credit Card,Delivered,47,5.0
ORD_03048,CUST_0730,REST_126,Theobroma,Hyderabad,2024-12-20,20:23:55,Desserts,Nutella Brownie,1,130.0,0.0,30.58,UPI,Delivered,39,5.0
ORD_03049,CUST_0065,REST_115,Haldiram's,Ahmedabad,2024-08-03,08:50:27,Indian,Garlic Naan Combo,4,160.0,50.0,64.51,Credit Card,Delivered,65,5.0
ORD_03050,CUST_0367,REST_124,Faasos,Ahmedabad,2024-01-09,14:58:04,Fast Food,Crispy Chicken Bucket,1,480.0,20.0,87.18,Debit Card,Delivered,31,4.5
ORD_03051,CUST_0110,REST_108,The Burger Club,Bangalore,2024-09-19,20:09:35,Burger,Smoky BBQ Burger,1,249.0,30.0,0.0,Wallet,Cancelled,0,0.0
ORD_03052,CUST_0237,REST_126,Theobroma,Bangalore,2024-05-31,20:58:30,Desserts,Chocolate Truffle Pastry,1,140.0,0.0,0.0,UPI,Delivered,49,4.5
ORD_03053,CUST_0564,REST_105,Burger King,Mumbai,2024-11-06,20:27:34,Burger,Classic Chicken Burger,1,199.0,20.0,127.97,UPI,Delivered,35,4.5
ORD_03054,CUST_0213,REST_126,Theobroma,Hyderabad,2024-01-18,18:28:05,Desserts,Chocolate Truffle Pastry,2,140.0,20.0,0.0,Credit Card,Delivered,36,5.0
ORD_03055,CUST_0573,REST_126,Theobroma,Ahmedabad,2024-01-04,14:21:27,Desserts,Gulab Jamun (2 pcs),1,80.0,50.0,0.0,Cash,Delivered,52,4.5
ORD_03056,CUST_0081,REST_104,La Pino'z Pizza,Kolkata,2024-08-11,14:25:36,Pizza,Cheese Burst Pizza,2,429.0,50.0,0.0,Cash,Delivered,54,1.0
ORD_03057,CUST_0643,REST_131,Cafe Coffee Day,Chennai,2024-03-01,19:38:44,Beverages,Mango Smoothie,2,160.0,0.0,0.0,UPI,Delivered,49,3.5
ORD_03058,CUST_0779,REST_116,Saravanaa Bhavan,Pune,2024-06-19,20:56:30,Indian,Butter Chicken,1,360.0,50.0,119.49,UPI,Pending,36,0.0
ORD_03059,CUST_0546,REST_118,Wow! Momo,Kolkata,2024-02-15,19:03:45,Chinese,Veg Hakka Noodles,2,180.0,40.0,66.66,UPI,Delivered,34,3.5
ORD_03060,CUST_0629,REST_123,Taco Bell,Pune,2024-02-10,21:28:31,Fast Food,Veggie Delight Sub,1,190.0,0.0,126.02,Wallet,Delivered,47,5.0
ORD_03061,CUST_0571,REST_128,Belgian Waffle Co,Kolkata,2024-04-06,17:13:16,Desserts,Nutella Brownie,3,130.0,20.0,0.0,Cash,Delivered,28,4.0
ORD_03062,CUST_0725,REST_104,La Pino'z Pizza,Pune,2024-11-25,08:48:39,Pizza,Pepperoni Feast,3,499.0,0.0,57.52,UPI,Delivered,64,4.0
ORD_03063,CUST_0599,REST_121,Subway,Delhi,2024-02-23,21:50:03,Fast Food,Cheesy French Fries,2,120.0,0.0,58.72,Credit Card,Delivered,35,4.0
ORD_03064,CUST_0705,REST_116,Saravanaa Bhavan,Pune,2024-02-06,13:51:26,Indian,Dal Makhani,1,220.0,20.0,0.0,UPI,Delivered,54,4.0
ORD_03065,CUST_0349,REST_125,Baskin Robbins,Hyderabad,2024-03-05,19:29:18,Desserts,Belgian Chocolate Waffle,2,160.0,30.0,0.0,Credit Card,Cancelled,0,0.0
ORD_03066,CUST_0750,REST_122,KFC,Pune,2024-08-09,12:01:36,Fast Food,Chicken Zinger Meal,1,299.0,50.0,0.0,UPI,Delivered,42,4.5
ORD_03067,CUST_0164,REST_129,Starbucks,Mumbai,2024-01-05,13:37:45,Beverages,Caffe Latte,1,220.0,40.0,39.69,Debit Card,Delivered,61,5.0
ORD_03068,CUST_0481,REST_114,Barbeque Nation,Kolkata,2024-08-13,21:57:13,Indian,Paneer Butter Masala,1,280.0,50.0,49.23,UPI,Cancelled,0,0.0
ORD_03069,CUST_0782,REST_124,Faasos,Ahmedabad,2024-07-07,19:31:08,Fast Food,Veggie Delight Sub,1,190.0,0.0,0.0,UPI,Delivered,30,3.0
ORD_03070,CUST_0392,REST_120,Berco's,Pune,2024-02-04,20:04:59,Chinese,Chilli Chicken Gravy,1,270.0,0.0,47.67,Cash,Pending,44,0.0
ORD_03071,CUST_0309,REST_112,Meghana Foods,Bangalore,2024-04-11,21:56:13,Biryani,Kolkata Special Biryani,1,350.0,50.0,0.0,UPI,Pending,29,0.0
ORD_03072,CUST_0121,REST_107,Wendy's,Hyderabad,2024-11-23,22:27:31,Burger,Fiery Paneer Burger,1,179.0,40.0,0.0,Debit Card,Delivered,39,5.0
ORD_03073,CUST_0333,REST_110,Behrouz Biryani,Bangalore,2024-03-12,14:53:19,Biryani,Mutton Dum Biryani,1,450.0,30.0,65.31,Cash,Delivered,54,5.0
ORD_03074,CUST_0417,REST_132,Chai Point,Kolkata,2024-10-08,20:22:11,Beverages,Masala Chai (Flask),1,110.0,50.0,73.86,UPI,Delivered,45,5.0
ORD_03075,CUST_0709,REST_123,Taco Bell,Delhi,2024-03-20,22:32:13,Fast Food,Crispy Chicken Bucket,1,480.0,40.0,76.09,UPI,Delivered,58,5.0
ORD_03076,CUST_0276,REST_117,Mainland China,Delhi,2024-12-11,22:38:40,Chinese,Veg Hakka Noodles,1,180.0,40.0,87.53,Wallet,Delivered,29,3.0
ORD_03077,CUST_0268,REST_118,Wow! Momo,Kolkata,2024-09-06,14:49:30,Chinese,Schezwan Veg Momos,2,150.0,40.0,36.82,Cash,Cancelled,0,0.0
ORD_03078,,REST_113,Punjab Grill,Pune,2024-12-19,20:08:31,Indian,Paneer Butter Masala,2,280.0,50.0,71.92,Cash,Delivered,24,3.5
ORD_03079,CUST_0657,REST_129,Starbucks,Pune,2024-10-17,21:54:38,Beverages,Iced Green Tea,1,130.0,0.0,101.39,UPI,Delivered,45,2.5
ORD_03080,CUST_0757,REST_115,Haldiram's,Mumbai,2024-06-16,12:25:01,Indian,Kadhai Paneer,3,270.0,50.0,138.05,Wallet,Delivered,38,4.0
ORD_03081,CUST_0798,REST_104,La Pino'z Pizza,Delhi,2024-02-05,13:39:10,Pizza,Paneer Tikka Pizza,2,349.0,20.0,0.0,UPI,Cancelled,0,0.0
ORD_03082,CUST_0048,REST_104,La Pino'z Pizza,Kolkata,2024-01-08,20:18:47,Pizza,Cheese Burst Pizza,2,429.0,40.0,65.0,Wallet,Delivered,23,5.0
ORD_03083,CUST_0218,REST_110,Behrouz Biryani,Mumbai,2024-11-16,19:40:36,Biryani,Paneer Biryani,3,260.0,0.0,27.66,Cash,Pending,21,0.0
ORD_03084,CUST_0151,REST_102,Pizza Hut,Hyderabad,2024-07-09,12:14:14,Pizza,Pepperoni Feast,2,499.0,50.0,23.72,Credit Card,Pending,40,0.0
ORD_03085,CUST_0635,REST_130,Chaayos,Ahmedabad,2024-12-04,12:28:35,Beverages,Iced Green Tea,5,130.0,40.0,145.66,Credit Card,Delivered,18,4.0
ORD_03086,CUST_0187,REST_128,Belgian Waffle Co,Bangalore,2024-02-23,21:50:32,Desserts,Belgian Chocolate Waffle,1,160.0,40.0,0.0,UPI,Delivered,19,4.5
ORD_03087,CUST_0693,REST_108,The Burger Club,Chennai,2024-01-26,19:04:13,Burger,Double Whopper,1,299.0,0.0,33.07,Cash,Delivered,36,3.0
ORD_03088,CUST_0563,REST_108,The Burger Club,Delhi,2024-07-29,20:01:40,Burger,Smoky BBQ Burger,1,249.0,0.0,131.48,UPI,Pending,21,0.0
ORD_03089,CUST_0290,REST_112,Meghana Foods,Hyderabad,2024-10-29,19:09:45,Biryani,Hyderabadi Chicken Biryani,1,320.0,30.0,83.36,Credit Card,Delivered,42,4.5
ORD_03090,CUST_0419,REST_117,Mainland China,Bangalore,2024-09-26,11:57:41,Chinese,Manchurian Gravy,2,210.0,20.0,0.0,Cash,Delivered,18,2.0
ORD_03091,CUST_0495,REST_105,Burger King,Chennai,2024-08-31,12:11:26,Burger,Double Whopper,3,299.0,30.0,26.72,UPI,Delivered,52,5.0
ORD_03092,CUST_0442,REST_124,Faasos,Hyderabad,2024-02-07,11:26:18,Fast Food,Paneer Wrap,2,160.0,30.0,42.58,Cash,Delivered,24,3.5
ORD_03093,CUST_0635,REST_105,Burger King,Mumbai,2024-11-05,13:33:49,Burger,Double Whopper,3,299.0,30.0,66.15,Cash,Delivered,25,3.5
ORD_03094,CUST_0293,REST_102,Pizza Hut,Pune,2024-07-08,21:40:50,Pizza,Pepperoni Feast,2,499.0,40.0,48.06,UPI,Delivered,21,4.5
ORD_03095,CUST_0710,REST_124,Faasos,Hyderabad,2024-02-11,22:25:03,Fast Food,Veggie Delight Sub,1,190.0,0.0,52.07,Cash,Cancelled,0,0.0
ORD_03096,CUST_0282,REST_129,Starbucks,Ahmedabad,2024-02-09,14:54:34,Beverages,Iced Green Tea,1,130.0,40.0,44.4,UPI,Pending,20,0.0
ORD_03097,CUST_0782,REST_130,Chaayos,Chennai,2024-11-17,12:33:10,Beverages,Cold Coffee with Ice Cream,4,150.0,20.0,0.0,UPI,Delivered,50,5.0
ORD_03098,CUST_0095,REST_113,Punjab Grill,Chennai,2024-05-31,22:34:40,Indian,Dal Makhani,2,220.0,20.0,117.2,UPI,Delivered,19,4.0
ORD_03099,CUST_0605,REST_126,Theobroma,Ahmedabad,2024-05-21,19:16:06,Desserts,Red Velvet Jar Cake,2,175.0,0.0,30.9,UPI,Delivered,42,3.5
ORD_03100,CUST_0005,REST_108,The Burger Club,Pune,2024-10-11,21:19:50,Burger,Fiery Paneer Burger,2,179.0,20.0,148.04,Wallet,Delivered,26,4.5
ORD_03101,CUST_0073,REST_128,Belgian Waffle Co,Delhi,2024-03-12,21:16:57,Desserts,Nutella Brownie,1,130.0,30.0,27.82,Debit Card,Delivered,47,5.0
ORD_03102,CUST_0800,REST_116,Saravanaa Bhavan,Pune,2024-01-14,10:26:00,Indian,Butter Chicken,4,360.0,30.0,70.68,Wallet,Delivered,62,5.0
ORD_03103,CUST_0640,REST_108,The Burger Club,Mumbai,2024-12-23,21:52:33,Burger,Crispy Veg Burger,4,129.0,20.0,85.06,Credit Card,Delivered,53,4.5
ORD_03104,CUST_0526,REST_103,Ovenstory Pizza,Chennai,2024-01-21,19:44:29,Pizza,Paneer Tikka Pizza,1,349.0,20.0,98.82,Wallet,Delivered,62,5.0
ORD_03105,CUST_0324,REST_128,Belgian Waffle Co,Pune,2024-02-18,19:05:52,Desserts,Gulab Jamun (2 pcs),1,80.0,0.0,76.35,Cash,Delivered,62,5.0
ORD_03106,CUST_0581,REST_124,Faasos,Hyderabad,2024-11-19,12:51:56,Fast Food,Chicken Zinger Meal,1,299.0,30.0,38.65,UPI,Delivered,40,5.0
ORD_03107,CUST_0244,REST_123,Taco Bell,Hyderabad,2024-01-25,21:04:32,Fast Food,Paneer Wrap,1,160.0,50.0,30.51,UPI,Delivered,35,2.5
ORD_03108,CUST_0618,REST_122,KFC,Ahmedabad,2024-03-04,12:04:45,Fast Food,Veggie Delight Sub,1,190.0,50.0,65.45,UPI,Delivered,18,5.0
ORD_03109,CUST_0431,REST_117,Mainland China,Kolkata,2024-06-04,21:27:21,Chinese,Veg Hakka Noodles,2,180.0,20.0,108.76,Cash,Delivered,56,5.0
ORD_03110,CUST_0058,REST_129,Starbucks,Bangalore,2024-07-19,19:49:38,Beverages,Masala Chai (Flask),2,110.0,0.0,30.61,Cash,Cancelled,0,0.0
ORD_03111,CUST_0554,REST_126,Theobroma,Hyderabad,2024-10-27,21:05:26,Desserts,Gulab Jamun (2 pcs),2,80.0,40.0,125.38,Cash,Delivered,63,4.5
ORD_03112,CUST_0421,REST_112,Meghana Foods,Chennai,2024-02-20,21:45:34,Biryani,Paneer Biryani,2,260.0,40.0,115.81,UPI,Delivered,24,4.0
ORD_03113,CUST_0168,REST_129,Starbucks,Ahmedabad,2024-01-20,23:21:59,Beverages,Masala Chai (Flask),1,110.0,30.0,34.6,Debit Card,Delivered,52,4.0
ORD_03114,CUST_0764,REST_131,Cafe Coffee Day,Pune,2024-02-21,19:58:36,Beverages,Cold Coffee with Ice Cream,1,150.0,40.0,0.0,Debit Card,Delivered,23,5.0
ORD_03115,CUST_0104,REST_119,Wok Express,Hyderabad,2024-10-09,13:34:42,Chinese,Chicken Fried Rice,2,230.0,0.0,98.3,UPI,Delivered,48,4.5
ORD_03116,CUST_0201,REST_130,Chaayos,Kolkata,2024-07-29,13:58:14,Beverages,Caffe Latte,1,220.0,50.0,20.63,UPI,Delivered,37,4.5
ORD_03117,CUST_0255,REST_105,Burger King,Bangalore,2024-06-13,22:35:26,Burger,Smoky BBQ Burger,1,249.0,40.0,124.9,UPI,Cancelled,0,0.0
ORD_03118,CUST_0004,REST_120,Berco's,Delhi,2024-08-02,19:38:36,Chinese,Schezwan Veg Momos,1,150.0,0.0,91.15,Debit Card,Delivered,28,5.0
ORD_03119,CUST_0137,REST_101,Domino's Pizza,Delhi,2024-09-26,22:48:58,Pizza,Pepperoni Feast,3,499.0,30.0,21.32,UPI,Delivered,35,5.0
ORD_03120,CUST_0787,REST_113,Punjab Grill,Pune,2024-08-17,23:23:27,Indian,Dal Makhani,1,220.0,20.0,0.0,UPI,Delivered,54,5.0
ORD_03121,CUST_0218,REST_122,KFC,Mumbai,2024-01-15,20:41:30,Fast Food,Chicken Zinger Meal,2,299.0,0.0,124.88,UPI,Delivered,31,5.0
ORD_03122,CUST_0532,REST_110,Behrouz Biryani,Hyderabad,2024-09-03,21:31:30,Biryani,Kolkata Special Biryani,2,350.0,30.0,104.1,Cash,Delivered,29,5.0
ORD_03123,CUST_0301,REST_112,Meghana Foods,Chennai,2024-11-05,14:46:02,Biryani,Paneer Biryani,3,260.0,40.0,67.75,Wallet,Delivered,40,4.5
ORD_03124,CUST_0450,REST_127,Naturals Ice Cream,Kolkata,2024-02-14,13:17:08,Desserts,Belgian Chocolate Waffle,1,160.0,20.0,0.0,Cash,Delivered,59,4.5
ORD_03125,CUST_0372,REST_127,Naturals Ice Cream,Delhi,2024-04-03,13:56:13,Desserts,Red Velvet Jar Cake,1,175.0,0.0,46.43,UPI,Delivered,58,5.0
ORD_03126,CUST_0490,REST_131,Cafe Coffee Day,Ahmedabad,2024-07-27,22:42:46,Beverages,Mango Smoothie,1,160.0,0.0,0.0,Cash,Delivered,29,4.5
ORD_03127,CUST_0429,REST_128,Belgian Waffle Co,Mumbai,2024-12-07,17:46:58,Desserts,Gulab Jamun (2 pcs),1,80.0,0.0,0.0,Credit Card,Delivered,38,4.5
ORD_03128,CUST_0414,REST_109,Paradise Biryani,Bangalore,2024-04-17,22:21:05,Biryani,Kolkata Special Biryani,1,350.0,40.0,132.89,UPI,Delivered,22,5.0
ORD_03129,CUST_0240,REST_129,Starbucks,Bangalore,2024-08-08,13:20:50,Beverages,Iced Green Tea,1,130.0,30.0,42.54,UPI,Delivered,49,5.0
ORD_03130,CUST_0359,REST_128,Belgian Waffle Co,Hyderabad,2024-02-24,18:23:44,Desserts,Chocolate Truffle Pastry,3,140.0,20.0,24.28,UPI,Pending,31,0.0
ORD_03131,CUST_0705,REST_132,Chai Point,Kolkata,2024-06-11,20:08:00,Beverages,Caffe Latte,4,220.0,20.0,0.0,Debit Card,Delivered,23,5.0
ORD_03132,CUST_0052,REST_109,Paradise Biryani,Mumbai,2024-11-03,12:46:48,Biryani,Veg Dum Biryani,5,240.0,30.0,57.72,Credit Card,Delivered,46,4.0
ORD_03133,CUST_0704,REST_110,Behrouz Biryani,Hyderabad,2024-11-06,20:42:45,Biryani,Mutton Dum Biryani,5,450.0,50.0,122.59,UPI,Delivered,64,1.0
ORD_03134,CUST_0255,REST_103,Ovenstory Pizza,Kolkata,2024-11-03,13:13:08,Pizza,Paneer Tikka Pizza,2,349.0,40.0,113.29,Credit Card,Delivered,48,5.0
ORD_03135,CUST_0478,REST_111,Bawarchi,Mumbai,2024-07-19,16:22:36,Biryani,Veg Dum Biryani,1,240.0,50.0,53.1,upi,Cancelled,0,0.0
ORD_03136,CUST_0305,REST_113,Punjab Grill,Ahmedabad,2024-03-16,21:18:25,Indian,Garlic Naan Combo,2,160.0,30.0,49.26,Cash,Delivered,29,2.0
ORD_03137,CUST_0308,REST_113,Punjab Grill,Pune,2024-09-28,12:43:59,Indian,Butter Chicken,1,360.0,20.0,52.23,Credit Card,Delivered,55,4.5
ORD_03138,CUST_0147,REST_102,Pizza Hut,Bangalore,2024-06-23,12:41:43,Pizza,Margherita Pizza,1,249.0,0.0,0.0,Cash,Delivered,36,3.5
ORD_03139,CUST_0686,REST_110,Behrouz Biryani,Kolkata,2024-01-05,22:31:30,Biryani,Kolkata Special Biryani,1,350.0,50.0,0.0,UPI,Delivered,64,4.5
ORD_03140,CUST_0294,REST_118,Wow! Momo,Ahmedabad,2024-08-06,13:56:34,Chinese,Chicken Fried Rice,1,230.0,30.0,91.44,Credit Card,Delivered,31,5.0
ORD_03141,CUST_0558,REST_118,Wow! Momo,Kolkata,2024-08-10,23:15:03,Chinese,Schezwan Veg Momos,2,150.0,50.0,0.0,UPI,Delivered,65,5.0
ORD_03142,CUST_0628,REST_110,Behrouz Biryani,Pune,2024-04-15,20:43:42,Biryani,Veg Dum Biryani,3,240.0,20.0,73.92,Wallet,Delivered,51,5.0
ORD_03143,CUST_0706,REST_104,La Pino'z Pizza,Hyderabad,2024-03-02,20:59:49,Pizza,Cheese Burst Pizza,2,429.0,40.0,0.0,UPI,Cancelled,0,0.0
ORD_03144,CUST_0635,REST_119,Wok Express,Bangalore,2024-06-02,23:20:41,Chinese,Chilli Chicken Gravy,2,270.0,40.0,0.0,UPI,Delivered,62,1.0
ORD_03145,CUST_0499,REST_105,Burger King,Hyderabad,2024-06-01,21:20:38,Burger,Double Whopper,2,299.0,40.0,117.89,UPI,Delivered,36,4.5
ORD_03146,CUST_0102,REST_102,Pizza Hut,Mumbai,2024-10-11,14:45:30,Pizza,Farmhouse Supreme,1,399.0,20.0,58.23,Cash,Delivered,29,4.5
ORD_03147,CUST_0159,REST_118,Wow! Momo,Pune,2024-01-04,22:52:10,Chinese,Veg Hakka Noodles,4,180.0,50.0,116.05,Cash,Delivered,44,3.0
ORD_03148,CUST_0732,REST_129,Starbucks,Chennai,2024-11-28,13:37:45,Beverages,Mango Smoothie,2,160.0,0.0,42.26,Cash,Delivered,65,4.0
ORD_03149,CUST_0354,REST_110,Behrouz Biryani,Pune,2024-06-19,13:04:56,Biryani,Paneer Biryani,1,260.0,0.0,149.09,Cash,Delivered,18,5.0
ORD_03150,CUST_0184,REST_103,Ovenstory Pizza,Bangalore,2024-03-08,09:34:37,Pizza,Pepperoni Feast,1,499.0,30.0,62.15,Cash,Delivered,36,4.5
ORD_03151,CUST_0458,REST_101,Domino's Pizza,Delhi,2024-08-28,13:16:51,Pizza,Farmhouse Supreme,1,399.0,30.0,121.04,UPI,Delivered,49,5.0
ORD_03152,CUST_0402,REST_121,Subway,Pune,2024-09-20,14:32:23,Fast Food,Chicken Zinger Meal,1,299.0,40.0,88.71,Wallet,Delivered,45,5.0
ORD_03153,CUST_0357,REST_111,Bawarchi,Mumbai,2024-01-08,20:08:47,Biryani,Veg Dum Biryani,1,240.0,0.0,127.12,UPI,Delivered,35,3.0
ORD_03154,CUST_0438,REST_124,Faasos,Chennai,2024-07-14,13:29:25,Fast Food,Cheesy French Fries,0,120.0,30.0,67.13,UPI,Delivered,50,5.0
ORD_03155,CUST_0014,REST_116,Saravanaa Bhavan,Delhi,2024-04-07,13:31:46,Indian,Dal Makhani,1,220.0,40.0,0.0,Credit Card,Delivered,29,5.0
ORD_03156,CUST_0679,REST_116,Saravanaa Bhavan,Hyderabad,2024-03-25,12:55:13,Indian,Garlic Naan Combo,2,160.0,30.0,0.0,UPI,Delivered,48,4.5
ORD_03157,CUST_0552,REST_125,Baskin Robbins,Pune,2024-12-23,12:01:56,Desserts,Chocolate Truffle Pastry,1,140.0,0.0,84.19,Debit Card,Delivered,64,5.0
ORD_03158,CUST_0245,REST_115,Haldiram's,Hyderabad,2024-12-06,13:03:08,Indian,Kadhai Paneer,1,270.0,50.0,41.39,Debit Card,Delivered,38,2.0
ORD_03159,CUST_0360,REST_104,La Pino'z Pizza,Mumbai,2024-09-12,22:21:06,Pizza,Farmhouse Supreme,4,399.0,20.0,0.0,Debit Card,Delivered,64,4.5
ORD_03160,CUST_0503,REST_119,Wok Express,Mumbai,2024-07-17,14:20:01,Chinese,Chilli Chicken Gravy,1,270.0,20.0,24.82,Cash,Delivered,61,5.0
ORD_03161,CUST_0317,REST_114,Barbeque Nation,Bangalore,2024-05-23,22:02:04,Indian,Garlic Naan Combo,1,160.0,40.0,0.0,Debit Card,Delivered,20,5.0
ORD_03162,CUST_0198,REST_103,Ovenstory Pizza,Pune,2024-10-16,12:30:36,Pizza,Farmhouse Supreme,1,399.0,0.0,68.31,UPI,Delivered,47,5.0
ORD_03163,CUST_0745,REST_125,Baskin Robbins,Mumbai,2024-02-29,14:52:24,Desserts,Belgian Chocolate Waffle,1,160.0,30.0,67.51,UPI,Delivered,53,5.0
ORD_03164,CUST_0090,REST_131,Cafe Coffee Day,Mumbai,2024-08-08,21:35:51,Beverages,Iced Green Tea,1,130.0,50.0,32.28,UPI,Delivered,25,2.5
ORD_03165,CUST_0138,REST_108,The Burger Club,Pune,2024-12-03,14:25:34,Burger,Crispy Veg Burger,1,129.0,30.0,124.47,Credit Card,Pending,28,0.0
ORD_03166,CUST_0174,REST_104,La Pino'z Pizza,Bangalore,2024-10-20,13:49:21,Pizza,Cheese Burst Pizza,1,429.0,20.0,0.0,UPI,Delivered,52,5.0
ORD_03167,CUST_0566,REST_124,Faasos,Ahmedabad,2024-05-10,11:46:54,Fast Food,Veggie Delight Sub,3,190.0,50.0,66.35,UPI,Delivered,52,5.0
ORD_03168,CUST_0623,REST_130,Chaayos,Bangalore,2024-08-14,12:18:03,Beverages,Mango Smoothie,1,160.0,20.0,0.0,Wallet,Delivered,53,5.0
ORD_03169,CUST_0089,REST_129,Starbucks,Ahmedabad,2024-01-04,19:11:03,Beverages,Cold Coffee with Ice Cream,4,150.0,40.0,107.76,Cash,Delivered,34,5.0
ORD_03170,CUST_0068,REST_101,Domino's Pizza,Chennai,2024-01-15,10:14:15,Pizza,Margherita Pizza,1,249.0,20.0,35.2,Cash,Delivered,18,5.0
ORD_03171,CUST_0254,REST_107,Wendy's,Bangalore,2024-02-09,13:49:31,Burger,Smoky BBQ Burger,4,249.0,30.0,0.0,Cash,Delivered,36,5.0
ORD_03172,CUST_0749,REST_125,Baskin Robbins,Chennai,2024-12-18,14:53:12,Desserts,Belgian Chocolate Waffle,1,160.0,40.0,121.58,UPI,Delivered,20,3.0
ORD_03173,CUST_0605,REST_120,Berco's,Delhi,2024-11-04,19:55:32,Chinese,Veg Hakka Noodles,2,180.0,20.0,141.6,Debit Card,Delivered,45,5.0
ORD_03174,CUST_0651,REST_106,McDonald's,Pune,2024-07-25,14:37:07,Burger,Fiery Paneer Burger,1,179.0,50.0,140.42,Credit Card,Pending,34,0.0
ORD_03175,CUST_0692,REST_127,Naturals Ice Cream,Pune,2024-05-31,21:23:53,Desserts,Gulab Jamun (2 pcs),2,80.0,40.0,37.59,Debit Card,Delivered,45,4.5
ORD_03176,CUST_0642,REST_104,La Pino'z Pizza,Mumbai,2024-01-18,21:33:08,Pizza,Farmhouse Supreme,1,399.0,20.0,92.63,Debit Card,Delivered,35,4.5
ORD_03177,CUST_0096,REST_128,Belgian Waffle Co,Bangalore,2024-09-13,13:28:03,Desserts,Nutella Brownie,1,130.0,50.0,102.61,Debit Card,Delivered,65,4.0
ORD_03178,CUST_0471,REST_109,Paradise Biryani,Hyderabad,2024-04-21,21:32:51,Biryani,Mutton Dum Biryani,1,450.0,50.0,63.94,Cash,Cancelled,0,0.0
ORD_03179,CUST_0732,REST_123,Taco Bell,Bangalore,2024-07-22,12:03:32,Fast Food,Chicken Zinger Meal,1,299.0,20.0,57.6,UPI,Delivered,64,5.0
ORD_03180,CUST_0616,REST_126,Theobroma,Mumbai,2024-12-16,12:22:47,Desserts,Red Velvet Jar Cake,1,175.0,30.0,0.0,UPI,Delivered,37,3.0
ORD_03181,CUST_0654,REST_128,Belgian Waffle Co,Chennai,2024-02-27,13:18:39,Desserts,Chocolate Truffle Pastry,1,140.0,30.0,103.28,UPI,Delivered,64,3.5
ORD_03182,CUST_0257,REST_126,Theobroma,Delhi,2024-08-21,19:32:38,Desserts,Gulab Jamun (2 pcs),1,80.0,50.0,23.12,Debit Card,Delivered,24,4.5
ORD_03183,CUST_0435,REST_101,Domino's Pizza,Ahmedabad,2024-02-09,12:29:07,Pizza,Cheese Burst Pizza,1,429.0,30.0,51.47,Cash,Delivered,20,4.5
ORD_03184,CUST_0529,REST_110,Behrouz Biryani,Mumbai,2024-05-04,22:02:20,Biryani,Hyderabadi Chicken Biryani,1,320.0,30.0,67.74,Cash,Delivered,36,5.0
ORD_03185,CUST_0724,REST_107,Wendy's,Chennai,2024-06-25,21:05:51,Burger,Fiery Paneer Burger,5,179.0,20.0,145.02,UPI,Delivered,44,4.0
ORD_03186,CUST_0764,REST_124,Faasos,Delhi,2024-04-09,20:24:12,Fast Food,Chicken Zinger Meal,1,299.0,40.0,47.99,UPI,Delivered,36,5.0
ORD_03187,CUST_0325,REST_105,Burger King,Mumbai,2024-07-06,21:29:01,Burger,Fiery Paneer Burger,3,179.0,40.0,66.43,Cash,Delivered,49,4.5
ORD_03188,CUST_0213,REST_107,Wendy's,Chennai,2024-03-17,21:35:59,Burger,Classic Chicken Burger,1,199.0,50.0,0.0,Credit Card,Delivered,19,4.5
ORD_03189,CUST_0202,REST_107,Wendy's,Kolkata,2024-07-12,12:38:45,Burger,Crispy Veg Burger,1,129.0,40.0,62.88,UPI,Cancelled,0,0.0
ORD_03190,CUST_0036,REST_106,McDonald's,Chennai,2024-05-23,15:33:16,Burger,Fiery Paneer Burger,2,179.0,0.0,50.85,Cash,Delivered,19,4.5
ORD_03191,CUST_0098,REST_114,Barbeque Nation,Pune,2024-12-12,12:42:15,Indian,Kadhai Paneer,3,270.0,40.0,0.0,Cash,Delivered,53,4.5
ORD_03192,CUST_0123,REST_111,Bawarchi,Delhi,2024-02-25,20:00:56,Biryani,Paneer Biryani,1,260.0,20.0,131.86,UPI,Delivered,59,4.5
ORD_03193,CUST_0119,REST_129,Starbucks,Pune,2024-08-18,22:00:31,Beverages,Mango Smoothie,2,160.0,0.0,0.0,UPI,Cancelled,0,0.0
ORD_03194,CUST_0243,REST_121,Subway,Hyderabad,2024-04-17,19:57:23,Fast Food,Veggie Delight Sub,1,190.0,40.0,0.0,Credit Card,Cancelled,0,0.0
ORD_03195,CUST_0736,REST_121,Subway,Chennai,2024-12-20,21:06:17,Fast Food,Cheesy French Fries,2,120.0,40.0,0.0,Debit Card,Delivered,52,4.0
ORD_03196,CUST_0080,REST_119,Wok Express,Bangalore,2024-10-07,19:25:12,Chinese,Schezwan Veg Momos,1,150.0,50.0,31.66,UPI,Delivered,59,3.5
ORD_03197,CUST_0676,REST_114,Barbeque Nation,Ahmedabad,2024-04-21,12:16:10,Indian,Butter Chicken,3,360.0,20.0,67.89,Credit Card,Delivered,65,5.0
ORD_03198,CUST_0107,REST_122,KFC,Chennai,2024-09-05,16:30:22,Fast Food,Paneer Wrap,2,160.0,30.0,0.0,UPI,Delivered,45,5.0
ORD_03199,CUST_0080,REST_124,Faasos,Mumbai,2024-06-02,12:24:44,Fast Food,Paneer Wrap,1,160.0,30.0,0.0,Cash,Delivered,35,5.0
ORD_03200,CUST_0551,REST_119,Wok Express,Hyderabad,2024-10-22,19:20:58,Chinese,Veg Hakka Noodles,1,180.0,50.0,53.2,Cash,Cancelled,0,0.0
ORD_03201,CUST_0140,REST_124,Faasos,Delhi,2024-08-07,13:50:45,Fast Food,Crispy Chicken Bucket,1,480.0,40.0,89.04,UPI,Delivered,46,4.5
ORD_03202,CUST_0628,REST_130,Chaayos,Chennai,2024-09-22,20:27:07,Beverages,Masala Chai (Flask),1,110.0,50.0,126.36,Credit Card,Delivered,45,4.5
ORD_03203,CUST_0574,REST_109,Paradise Biryani,Mumbai,2024-11-24,12:38:32,Biryani,Kolkata Special Biryani,1,350.0,20.0,0.0,UPI,Delivered,40,5.0
ORD_03204,CUST_0663,REST_110,Behrouz Biryani,Chennai,2024-12-13,19:13:03,Biryani,Veg Dum Biryani,2,240.0,40.0,118.58,Cash,Pending,20,0.0
ORD_03205,CUST_0089,REST_102,Pizza Hut,Mumbai,2024-09-02,12:54:23,Pizza,Pepperoni Feast,3,499.0,50.0,117.8,Cash,Delivered,39,4.0
ORD_03206,CUST_0757,REST_114,Barbeque Nation,Chennai,2024-01-18,20:19:03,Indian,Garlic Naan Combo,2,160.0,40.0,21.77,UPI,Delivered,24,4.5
ORD_03207,CUST_0051,REST_122,KFC,Pune,2024-07-14,21:52:36,Fast Food,Cheesy French Fries,1,120.0,0.0,26.44,UPI,Delivered,26,4.0
ORD_03208,CUST_0393,REST_104,La Pino'z Pizza,Mumbai,2024-10-22,19:06:49,Pizza,Farmhouse Supreme,1,399.0,30.0,142.35,UPI,Delivered,50,4.0
ORD_03209,CUST_0129,REST_101,Domino's Pizza,Kolkata,2024-06-10,13:32:17,Pizza,Pepperoni Feast,1,499.0,20.0,0.0,UPI,Delivered,54,3.0
ORD_03210,CUST_0554,REST_129,Starbucks,Pune,2024-06-08,13:51:52,Beverages,Masala Chai (Flask),2,110.0,50.0,69.35,Credit Card,Cancelled,0,0.0
ORD_03211,CUST_0332,REST_107,Wendy's,Ahmedabad,2024-12-09,23:03:02,Burger,Fiery Paneer Burger,1,179.0,0.0,24.59,Cash,Delivered,21,5.0
ORD_03212,CUST_0412,REST_122,KFC,Hyderabad,2024-11-16,13:12:17,Fast Food,Crispy Chicken Bucket,1,480.0,30.0,81.5,UPI,Pending,37,0.0
ORD_03213,CUST_0445,REST_113,Punjab Grill,Pune,2024-12-07,22:03:24,Indian,Dal Makhani,1,220.0,30.0,0.0,Debit Card,Pending,23,0.0
ORD_03214,CUST_0714,REST_117,Mainland China,Kolkata,2024-03-16,20:20:42,Chinese,Manchurian Gravy,2,210.0,0.0,32.8,Credit Card,Delivered,53,5.0
ORD_03215,CUST_0224,REST_117,Mainland China,Ahmedabad,2024-12-24,19:56:07,Chinese,Veg Hakka Noodles,3,180.0,0.0,93.6,UPI,Delivered,35,5.0
ORD_03216,CUST_0792,REST_121,Subway,Chennai,2024-11-07,14:07:41,Fast Food,Paneer Wrap,2,160.0,50.0,38.17,UPI,Pending,39,0.0
ORD_03217,CUST_0292,REST_125,Baskin Robbins,Hyderabad,2024-05-18,21:34:38,Desserts,Red Velvet Jar Cake,1,175.0,30.0,22.72,UPI,Cancelled,0,
ORD_03218,CUST_0006,REST_124,Faasos,Pune,2024-10-03,20:12:59,Fast Food,Paneer Wrap,5,160.0,20.0,0.0,Cash,Pending,25,0.0
ORD_03219,CUST_0395,REST_102,Pizza Hut,Chennai,2024-08-16,21:36:52,Pizza,Margherita Pizza,2,249.0,0.0,43.68,UPI,Delivered,42,4.5
ORD_03220,CUST_0108,REST_127,Naturals Ice Cream,Ahmedabad,2024-01-10,18:38:10,Desserts,Chocolate Truffle Pastry,3,140.0,0.0,38.05,Credit Card,Delivered,35,4.5
ORD_03221,CUST_0546,REST_113,Punjab Grill,Hyderabad,2024-07-05,21:24:46,Indian,Kadhai Paneer,2,270.0,30.0,147.34,UPI,Delivered,50,5.0
ORD_03222,CUST_0421,REST_104,La Pino'z Pizza,Delhi,2024-07-11,15:11:03,Pizza,Cheese Burst Pizza,1,429.0,40.0,0.0,Credit Card,Delivered,58,4.0
ORD_03223,CUST_0757,REST_110,Behrouz Biryani,Pune,2024-06-16,19:05:41,Biryani,Mutton Dum Biryani,2,450.0,50.0,29.1,UPI,Delivered,41,3.5
ORD_03224,CUST_0461,REST_118,Wow! Momo,Chennai,2024-07-18,14:50:01,Chinese,Chilli Chicken Gravy,1,270.0,20.0,100.89,UPI,Delivered,49,5.0
ORD_03225,CUST_0306,REST_120,Berco's,Kolkata,2024-12-06,19:05:38,Chinese,Manchurian Gravy,1,210.0,30.0,69.61,upi,Delivered,60,4.0
ORD_03226,CUST_0602,REST_123,Taco Bell,Mumbai,2024-06-08,21:10:41,Fast Food,Cheesy French Fries,2,120.0,30.0,0.0,UPI,Delivered,53,3.0
ORD_03227,CUST_0795,REST_104,La Pino'z Pizza,Hyderabad,2024-07-18,23:22:44,Pizza,Paneer Tikka Pizza,1,349.0,30.0,30.0,Wallet,Delivered,38,4.5
ORD_03228,CUST_0010,REST_121,Subway,Pune,2024-03-08,19:50:30,Fast Food,Crispy Chicken Bucket,1,480.0,20.0,38.0,Credit Card,Delivered,65,4.5
ORD_03229,CUST_0583,REST_112,Meghana Foods,Bangalore,2024-08-02,12:54:58,Biryani,Hyderabadi Chicken Biryani,2,320.0,20.0,69.7,UPI,Delivered,58,2.5
ORD_03230,CUST_0427,REST_121,Subway,Kolkata,2024-03-06,21:06:12,Fast Food,Veggie Delight Sub,1,190.0,30.0,136.88,Debit Card,Cancelled,0,0.0
ORD_03231,CUST_0565,REST_114,Barbeque Nation,Bangalore,2024-11-25,12:03:10,Indian,Butter Chicken,1,360.0,20.0,0.0,Debit Card,Cancelled,0,0.0
ORD_03232,CUST_0752,REST_104,La Pino'z Pizza,Chennai,2024-10-05,19:14:14,Pizza,Margherita Pizza,1,249.0,0.0,0.0,UPI,Delivered,38,3.5
ORD_03233,CUST_0757,REST_122,KFC,Ahmedabad,2024-09-17,20:15:24,Fast Food,Crispy Chicken Bucket,1,480.0,20.0,0.0,UPI,Delivered,55,4.5
ORD_03234,CUST_0534,REST_108,The Burger Club,Ahmedabad,2024-04-09,12:45:03,Burger,Fiery Paneer Burger,1,179.0,20.0,0.0,UPI,Pending,42,0.0
ORD_03235,CUST_0048,REST_101,Domino's Pizza,Ahmedabad,2024-03-20,10:53:44,Pizza,Cheese Burst Pizza,3,429.0,30.0,0.0,UPI,Delivered,61,5.0
ORD_03236,CUST_0772,REST_106,McDonald's,Kolkata,2024-10-05,14:12:18,Burger,Crispy Veg Burger,1,129.0,0.0,59.23,Cash,Delivered,62,4.0
ORD_03237,CUST_0485,REST_128,Belgian Waffle Co,Pune,2024-06-25,22:53:06,Desserts,Red Velvet Jar Cake,1,175.0,0.0,22.38,UPI,Delivered,48,4.0
ORD_03238,CUST_0456,REST_127,Naturals Ice Cream,Kolkata,2024-03-29,19:03:59,Desserts,Nutella Brownie,1,130.0,30.0,84.68,Wallet,Delivered,43,1.0
ORD_03239,CUST_0223,REST_121,Subway,Hyderabad,2024-11-14,14:47:10,Fast Food,Paneer Wrap,3,160.0,0.0,0.0,UPI,Pending,25,0.0
ORD_03240,CUST_0009,REST_104,La Pino'z Pizza,Hyderabad,2024-08-07,12:03:40,Pizza,Paneer Tikka Pizza,4,349.0,0.0,25.14,Debit Card,Delivered,33,5.0
ORD_03241,CUST_0628,REST_103,Ovenstory Pizza,Delhi,2024-01-19,21:11:41,Pizza,Paneer Tikka Pizza,4,349.0,30.0,65.54,Debit Card,Delivered,43,4.0
ORD_03242,CUST_0206,REST_116,Saravanaa Bhavan,Kolkata,2024-03-10,14:49:33,Indian,Butter Chicken,1,360.0,50.0,130.34,UPI,Delivered,31,5.0
ORD_03243,CUST_0557,REST_132,Chai Point,Mumbai,2024-12-29,13:30:50,Beverages,Iced Green Tea,1,130.0,30.0,0.0,UPI,Delivered,28,4.5
ORD_03244,CUST_0434,REST_106,McDonald's,Hyderabad,2024-06-24,13:29:16,Burger,Classic Chicken Burger,2,199.0,0.0,105.47,Credit Card,Delivered,47,4.5
ORD_03245,CUST_0572,REST_110,Behrouz Biryani,Bangalore,2024-11-25,16:40:36,Biryani,Mutton Dum Biryani,2,450.0,30.0,64.24,Credit Card,Delivered,51,4.5
ORD_03246,CUST_0797,REST_119,Wok Express,Chennai,2024-12-24,19:40:23,Chinese,Veg Hakka Noodles,1,180.0,50.0,25.12,UPI,Delivered,48,5.0
ORD_03247,CUST_0594,REST_118,Wow! Momo,Delhi,2024-03-07,13:42:25,Chinese,Manchurian Gravy,1,210.0,20.0,0.0,Cash,Delivered,41,4.0
ORD_03248,CUST_0151,REST_106,McDonald's,Kolkata,2024-03-29,08:52:26,Burger,Fiery Paneer Burger,2,179.0,40.0,56.7,upi,Delivered,61,4.5
ORD_03249,CUST_0627,REST_120,Berco's,Hyderabad,2024-07-21,22:21:13,Chinese,Manchurian Gravy,2,210.0,50.0,0.0,Credit Card,Delivered,30,4.5
ORD_03250,CUST_0701,REST_115,Haldiram's,Delhi,2024-08-14,21:34:40,Indian,Paneer Butter Masala,4,280.0,30.0,0.0,UPI,Delivered,40,5.0
ORD_03251,CUST_0425,REST_131,Cafe Coffee Day,Bangalore,2024-11-20,12:30:59,Beverages,Mango Smoothie,4,160.0,40.0,125.62,Debit Card,Delivered,32,3.5
ORD_03252,CUST_0313,REST_124,Faasos,Chennai,2024-02-12,16:37:38,Fast Food,Cheesy French Fries,1,120.0,20.0,23.83,UPI,Delivered,33,4.5
ORD_03253,CUST_0291,REST_101,Domino's Pizza,Kolkata,2024-12-01,19:58:39,Pizza,Pepperoni Feast,5,499.0,50.0,47.65,Cash,Delivered,26,2.0
ORD_03254,CUST_0622,REST_102,Pizza Hut,Hyderabad,2024-10-16,13:09:45,Pizza,Margherita Pizza,1,249.0,30.0,135.71,UPI,Cancelled,0,0.0
ORD_03255,CUST_0047,REST_114,Barbeque Nation,Pune,2024-03-25,22:28:18,Indian,Kadhai Paneer,1,270.0,0.0,52.91,Wallet,Delivered,32,5.0
ORD_03256,CUST_0595,REST_111,Bawarchi,Pune,2024-06-28,14:07:09,Biryani,Paneer Biryani,1,260.0,30.0,0.0,UPI,Delivered,39,5.0
ORD_03257,CUST_0204,REST_120,Berco's,Pune,2024-10-24,19:27:30,Chinese,Schezwan Veg Momos,2,150.0,40.0,0.0,UPI,Delivered,35,4.5
ORD_03258,CUST_0076,REST_124,Faasos,Chennai,2024-01-10,19:23:20,Fast Food,Veggie Delight Sub,5,190.0,20.0,0.0,Credit Card,Cancelled,0,0.0
ORD_03259,CUST_0798,REST_123,Taco Bell,Kolkata,2024-03-19,21:51:23,Fast Food,Crispy Chicken Bucket,1,480.0,50.0,129.55,UPI,Delivered,53,4.5
ORD_03260,CUST_0591,REST_112,Meghana Foods,Hyderabad,2024-09-15,12:06:01,Biryani,Kolkata Special Biryani,1,350.0,30.0,141.69,Credit Card,Delivered,36,2.5
ORD_03261,CUST_0033,REST_110,Behrouz Biryani,Kolkata,2024-02-22,11:27:53,Biryani,Kolkata Special Biryani,2,350.0,20.0,20.98,Cash,Delivered,34,4.0
ORD_03262,CUST_0047,REST_102,Pizza Hut,Kolkata,2024-05-30,08:56:28,Pizza,Cheese Burst Pizza,2,429.0,20.0,44.36,Credit Card,Delivered,23,5.0
ORD_03263,CUST_0379,REST_121,Subway,Delhi,2024-05-15,21:35:48,Fast Food,Cheesy French Fries,1,120.0,30.0,36.96,Credit Card,Delivered,24,5.0
ORD_03264,CUST_0776,REST_131,Cafe Coffee Day,Ahmedabad,2024-06-14,13:39:37,Beverages,Cold Coffee with Ice Cream,3,150.0,20.0,71.43,UPI,Delivered,55,5.0
ORD_03265,CUST_0568,REST_103,Ovenstory Pizza,Chennai,2024-07-25,12:00:49,Pizza,Paneer Tikka Pizza,2,349.0,50.0,0.0,Credit Card,Delivered,37,5.0
ORD_03266,CUST_0591,REST_118,Wow! Momo,Bangalore,2024-07-13,13:17:06,Chinese,Schezwan Veg Momos,1,150.0,20.0,95.99,UPI,Delivered,46,4.5
ORD_03267,CUST_0211,REST_108,The Burger Club,Ahmedabad,2024-05-01,19:06:25,Burger,Classic Chicken Burger,3,199.0,30.0,40.43,Debit Card,Delivered,49,5.0
ORD_03268,CUST_0309,REST_111,Bawarchi,Ahmedabad,2024-11-22,20:11:20,Biryani,Kolkata Special Biryani,1,350.0,0.0,77.03,Credit Card,Delivered,53,4.5
ORD_03269,CUST_0275,REST_117,Mainland China,Delhi,2024-02-13,20:02:51,Chinese,Veg Hakka Noodles,1,180.0,40.0,110.06,Credit Card,Delivered,38,4.0
ORD_03270,CUST_0099,REST_110,Behrouz Biryani,Chennai,2024-01-29,19:11:16,Biryani,Paneer Biryani,1,260.0,50.0,0.0,debit card,Delivered,18,4.5
ORD_03271,CUST_0511,REST_112,Meghana Foods,Mumbai,2024-11-25,22:17:46,Biryani,Paneer Biryani,1,260.0,30.0,0.0,UPI,Delivered,61,4.5
ORD_03272,CUST_0396,REST_123,Taco Bell,Delhi,2024-07-26,14:08:58,Fast Food,Chicken Zinger Meal,3,299.0,40.0,88.07,Cash,Delivered,33,4.0
ORD_03273,CUST_0536,REST_104,La Pino'z Pizza,Ahmedabad,2024-04-16,17:48:46,Pizza,Pepperoni Feast,1,499.0,20.0,72.03,Debit Card,Delivered,29,4.5
ORD_03274,CUST_0705,REST_124,Faasos,Hyderabad,2024-09-13,20:35:19,Fast Food,Paneer Wrap,1,160.0,20.0,31.01,Credit Card,Delivered,53,2.5
ORD_03275,CUST_0283,REST_107,Wendy's,Chennai,2024-11-02,21:29:20,Burger,Fiery Paneer Burger,0,179.0,20.0,122.47,UPI,Cancelled,0,0.0
ORD_03276,CUST_0778,REST_102,Pizza Hut,Pune,2024-12-15,12:43:01,Pizza,Pepperoni Feast,1,499.0,20.0,49.5,UPI,Delivered,53,5.0
ORD_03277,CUST_0322,REST_113,Punjab Grill,Kolkata,2024-03-16,20:07:08,Indian,Kadhai Paneer,1,270.0,0.0,21.15,Credit Card,Delivered,52,3.5
ORD_03278,CUST_0179,REST_114,Barbeque Nation,Bangalore,2024-03-14,21:08:17,Indian,Garlic Naan Combo,1,160.0,40.0,113.68,Cash,Cancelled,0,0.0
ORD_03279,CUST_0261,REST_110,Behrouz Biryani,Chennai,2024-12-17,12:11:32,Biryani,Mutton Dum Biryani,4,450.0,30.0,67.18,UPI,Delivered,54,4.5
ORD_03280,CUST_0725,REST_126,Theobroma,Delhi,2024-02-26,20:28:59,Desserts,Red Velvet Jar Cake,2,175.0,30.0,57.45,UPI,Delivered,40,4.0
ORD_03281,CUST_0264,REST_110,Behrouz Biryani,Ahmedabad,2024-01-15,16:33:58,Biryani,Kolkata Special Biryani,2,350.0,50.0,135.16,Credit Card,Delivered,29,4.0
ORD_03282,,REST_102,Pizza Hut,Hyderabad,2024-05-09,13:41:03,Pizza,Paneer Tikka Pizza,1,349.0,40.0,138.5,UPI,Delivered,21,4.5
ORD_03283,CUST_0664,REST_104,La Pino'z Pizza,Hyderabad,2024-05-04,20:30:48,Pizza,Paneer Tikka Pizza,1,349.0,50.0,48.53,Debit Card,Pending,43,0.0
ORD_03284,CUST_0753,REST_130,Chaayos,Kolkata,2024-04-29,20:32:13,Beverages,Caffe Latte,1,220.0,50.0,88.83,Cash,Cancelled,0,0.0
ORD_03285,CUST_0299,REST_124,Faasos,Mumbai,2024-05-28,13:24:48,Fast Food,Paneer Wrap,1,160.0,50.0,0.0,Wallet,Cancelled,0,0.0
ORD_03286,CUST_0761,REST_132,Chai Point,Mumbai,2024-05-23,14:51:39,Beverages,Caffe Latte,1,220.0,20.0,0.0,UPI,Delivered,45,5.0
ORD_03287,CUST_0252,REST_109,Paradise Biryani,Ahmedabad,2024-08-31,08:04:07,Biryani,Hyderabadi Chicken Biryani,1,320.0,30.0,0.0,UPI,Delivered,36,4.5
ORD_03288,CUST_0045,REST_131,Cafe Coffee Day,Pune,2024-05-13,14:50:32,Beverages,Masala Chai (Flask),2,110.0,0.0,111.82,UPI,Delivered,58,4.5
ORD_03289,CUST_0757,REST_113,Punjab Grill,Mumbai,2024-05-26,12:14:43,Indian,Butter Chicken,2,360.0,0.0,75.73,UPI,Delivered,52,4.5
ORD_03290,CUST_0799,REST_121,Subway,Kolkata,2024-11-11,12:49:53,Fast Food,Veggie Delight Sub,1,190.0,0.0,0.0,UPI,Delivered,33,4.5
ORD_03291,CUST_0155,REST_103,Ovenstory Pizza,Kolkata,2024-09-20,14:34:06,Pizza,Cheese Burst Pizza,2,429.0,50.0,40.07,Debit Card,Delivered,32,5.0
ORD_03292,CUST_0598,REST_129,Starbucks,Bangalore,2024-10-29,20:56:51,Beverages,Iced Green Tea,2,130.0,50.0,104.71,Debit Card,Delivered,20,
ORD_03293,CUST_0440,REST_126,Theobroma,Ahmedabad,2024-04-23,13:37:04,Desserts,Chocolate Truffle Pastry,3,140.0,30.0,46.38,Cash,Delivered,57,2.5
ORD_03294,CUST_0263,REST_117,Mainland China,Chennai,2024-10-06,19:06:21,Chinese,Veg Hakka Noodles,1,180.0,20.0,73.45,UPI,Cancelled,0,0.0
ORD_03295,CUST_0755,REST_104,La Pino'z Pizza,Delhi,2024-06-21,12:54:14,Pizza,Pepperoni Feast,1,499.0,20.0,46.15,Wallet,Delivered,49,4.0
ORD_03296,CUST_0163,REST_122,KFC,Delhi,2024-12-07,19:55:07,Fast Food,Chicken Zinger Meal,2,299.0,20.0,0.0,Credit Card,Delivered,32,4.5
ORD_03297,CUST_0450,REST_130,Chaayos,Kolkata,2024-08-13,14:36:32,Beverages,Mango Smoothie,2,160.0,40.0,0.0,UPI,Cancelled,0,0.0
ORD_03298,CUST_0749,REST_131,Cafe Coffee Day,Kolkata,2024-11-10,20:16:44,Beverages,Cold Coffee with Ice Cream,2,150.0,40.0,119.66,Cash,Delivered,36,4.0
ORD_03299,CUST_0163,REST_108,The Burger Club,Bangalore,2024-04-08,19:20:15,Burger,Fiery Paneer Burger,0,179.0,50.0,0.0,Debit Card,Delivered,22,5.0
ORD_03300,CUST_0033,REST_130,Chaayos,Ahmedabad,2024-09-22,13:46:26,Beverages,Cold Coffee with Ice Cream,1,150.0,30.0,0.0,Cash,Delivered,21,5.0
ORD_03301,CUST_0326,REST_106,McDonald's,Mumbai,2024-11-15,12:30:55,Burger,Double Whopper,1,299.0,30.0,94.88,Credit Card,Delivered,36,4.0
ORD_03302,CUST_0165,REST_130,Chaayos,Ahmedabad,2024-05-24,22:59:52,Beverages,Masala Chai (Flask),1,110.0,30.0,0.0,Debit Card,Delivered,46,4.5
ORD_03303,CUST_0268,REST_104,La Pino'z Pizza,Bangalore,2024-04-21,14:34:55,Pizza,Margherita Pizza,1,249.0,40.0,65.22,UPI,Pending,39,0.0
ORD_03304,CUST_0210,REST_132,Chai Point,Mumbai,2024-01-15,12:32:04,Beverages,Iced Green Tea,1,130.0,0.0,142.37,UPI,Delivered,63,4.0
ORD_03305,CUST_0445,REST_105,Burger King,Ahmedabad,2024-07-18,21:48:53,Burger,Double Whopper,2,299.0,50.0,0.0,UPI,Delivered,50,3.5
ORD_03306,CUST_0499,REST_111,Bawarchi,Bangalore,2024-02-20,19:56:44,Biryani,Hyderabadi Chicken Biryani,1,320.0,0.0,0.0,UPI,Delivered,22,4.5
ORD_03307,CUST_0666,REST_111,Bawarchi,Delhi,2024-11-12,22:27:58,Biryani,Kolkata Special Biryani,2,350.0,40.0,21.43,Wallet,Delivered,56,4.0
ORD_03308,CUST_0625,REST_131,Cafe Coffee Day,Hyderabad,2024-04-19,14:34:51,Beverages,Cold Coffee with Ice Cream,1,150.0,0.0,0.0,Credit Card,Delivered,65,4.5
ORD_03309,CUST_0103,REST_121,Subway,Chennai,2024-03-19,21:39:47,Fast Food,Paneer Wrap,1,160.0,20.0,100.2,Debit Card,Delivered,41,3.0
ORD_03310,CUST_0772,REST_115,Haldiram's,Kolkata,2024-02-20,22:23:55,Indian,Paneer Butter Masala,1,280.0,40.0,73.6,Cash,Delivered,39,4.5
ORD_03311,CUST_0724,REST_102,Pizza Hut,Kolkata,2024-06-21,14:51:07,Pizza,Pepperoni Feast,2,499.0,20.0,87.66,UPI,Delivered,54,4.0
ORD_03312,CUST_0641,REST_113,Punjab Grill,Mumbai,2024-10-22,20:21:16,Indian,Garlic Naan Combo,2,160.0,40.0,86.14,Cash,Delivered,49,4.5
ORD_03313,CUST_0455,REST_108,The Burger Club,Kolkata,2024-10-05,22:11:25,Burger,Double Whopper,2,299.0,50.0,75.98,Credit Card,Delivered,20,4.5
ORD_03314,CUST_0140,REST_108,The Burger Club,Bangalore,2024-05-20,12:25:04,Burger,Fiery Paneer Burger,1,179.0,30.0,0.0,UPI,Delivered,56,5.0
ORD_03315,CUST_0371,REST_121,Subway,Pune,2024-09-24,21:04:40,Fast Food,Cheesy French Fries,1,120.0,20.0,115.33,Debit Card,Delivered,20,4.0
ORD_03316,CUST_0608,REST_121,Subway,Hyderabad,2024-12-05,13:56:32,Fast Food,Crispy Chicken Bucket,2,480.0,20.0,33.35,Cash,Delivered,52,5.0
ORD_03317,CUST_0486,REST_118,Wow! Momo,Mumbai,2024-12-09,13:23:38,Chinese,Chilli Chicken Gravy,1,270.0,40.0,0.0,Debit Card,Delivered,20,4.5
ORD_03318,CUST_0335,REST_113,Punjab Grill,Pune,2024-08-16,13:06:49,Indian,Dal Makhani,1,220.0,30.0,0.0,Cash,Delivered,49,4.5
ORD_03319,CUST_0328,REST_132,Chai Point,Hyderabad,2024-09-18,21:45:26,Beverages,Iced Green Tea,1,130.0,0.0,38.15,UPI,Delivered,50,4.5
ORD_03320,CUST_0311,REST_114,Barbeque Nation,Ahmedabad,2024-08-31,14:48:20,Indian,Paneer Butter Masala,1,280.0,40.0,0.0,Cash,Delivered,19,4.5
ORD_03321,CUST_0654,REST_122,KFC,Kolkata,2024-10-03,21:18:48,Fast Food,Cheesy French Fries,4,120.0,20.0,139.02,Credit Card,Delivered,22,4.0
ORD_03322,CUST_0373,REST_132,Chai Point,Bangalore,2024-02-13,19:52:24,Beverages,Cold Coffee with Ice Cream,1,150.0,40.0,121.8,Cash,Delivered,41,5.0
ORD_03323,CUST_0602,REST_101,Domino's Pizza,Bangalore,2024-06-15,20:52:06,Pizza,Cheese Burst Pizza,1,429.0,30.0,144.47,UPI,Pending,32,0.0
ORD_03324,CUST_0578,REST_110,Behrouz Biryani,Hyderabad,2024-06-20,20:32:33,Biryani,Kolkata Special Biryani,1,350.0,20.0,0.0,UPI,Delivered,59,5.0
ORD_03325,CUST_0524,REST_110,Behrouz Biryani,Kolkata,2024-07-20,13:13:16,Biryani,Hyderabadi Chicken Biryani,1,320.0,40.0,132.67,UPI,Delivered,27,3.5
ORD_03326,CUST_0001,REST_102,Pizza Hut,Mumbai,2024-08-02,19:29:35,Pizza,Pepperoni Feast,1,499.0,50.0,134.71,UPI,Delivered,63,4.5
ORD_03327,CUST_0148,REST_132,Chai Point,Ahmedabad,2024-01-02,21:59:48,Beverages,Masala Chai (Flask),1,110.0,0.0,86.56,Credit Card,Delivered,41,2.5
ORD_03328,CUST_0468,REST_112,Meghana Foods,Kolkata,2024-10-30,13:47:25,Biryani,Hyderabadi Chicken Biryani,3,320.0,40.0,0.0,upi,Delivered,30,5.0
ORD_03329,CUST_0686,REST_129,Starbucks,Mumbai,2024-08-12,13:19:25,Beverages,Cold Coffee with Ice Cream,1,150.0,20.0,0.0,Cash,Delivered,54,5.0
ORD_03330,CUST_0010,REST_113,Punjab Grill,Ahmedabad,2024-04-14,21:54:43,Indian,Butter Chicken,1,360.0,50.0,29.52,Debit Card,Delivered,58,5.0
ORD_03331,CUST_0653,REST_131,Cafe Coffee Day,Hyderabad,2024-06-01,21:35:46,Beverages,Cold Coffee with Ice Cream,2,150.0,40.0,51.77,UPI,Pending,39,0.0
ORD_03332,CUST_0691,REST_112,Meghana Foods,Hyderabad,2024-07-20,21:44:39,Biryani,Paneer Biryani,4,260.0,40.0,0.0,UPI,Cancelled,0,0.0
ORD_03333,CUST_0018,REST_109,Paradise Biryani,Delhi,2024-12-09,10:16:59,Biryani,Paneer Biryani,2,260.0,50.0,0.0,UPI,Cancelled,0,0.0
ORD_03334,CUST_0375,REST_101,Domino's Pizza,Hyderabad,2024-07-17,22:03:21,Pizza,Cheese Burst Pizza,2,429.0,50.0,147.8,UPI,Delivered,54,5.0
ORD_03335,CUST_0790,REST_102,Pizza Hut,Delhi,2024-11-23,23:00:40,Pizza,Margherita Pizza,1,249.0,20.0,122.64,UPI,Delivered,26,5.0
ORD_03336,CUST_0102,REST_103,Ovenstory Pizza,Mumbai,2024-10-04,13:22:09,Pizza,Paneer Tikka Pizza,1,349.0,0.0,50.32,UPI,Delivered,61,2.5
ORD_03337,CUST_0722,REST_110,Behrouz Biryani,Pune,2024-11-12,21:51:17,Biryani,Mutton Dum Biryani,1,450.0,0.0,20.97,Wallet,Delivered,31,4.5
ORD_03338,CUST_0222,REST_104,La Pino'z Pizza,Pune,2024-07-13,22:09:45,Pizza,Margherita Pizza,1,249.0,50.0,149.34,Credit Card,Delivered,53,4.0
ORD_03339,CUST_0676,REST_108,The Burger Club,Kolkata,2024-11-21,21:29:30,Burger,Classic Chicken Burger,1,199.0,30.0,58.37,Credit Card,Delivered,26,4.5
ORD_03340,CUST_0175,REST_122,KFC,Kolkata,2024-03-21,14:19:13,Fast Food,Paneer Wrap,2,160.0,20.0,41.71,Credit Card,Cancelled,0,0.0
ORD_03341,CUST_0436,REST_118,Wow! Momo,Hyderabad,2024-04-30,12:57:14,Chinese,Schezwan Veg Momos,3,150.0,0.0,0.0,Wallet,Delivered,48,4.5
ORD_03342,CUST_0031,REST_103,Ovenstory Pizza,Hyderabad,2024-02-13,14:10:03,Pizza,Farmhouse Supreme,1,399.0,40.0,0.0,UPI,Cancelled,0,0.0
ORD_03343,CUST_0021,REST_118,Wow! Momo,Chennai,2024-01-19,19:37:34,Chinese,Chicken Fried Rice,1,230.0,50.0,64.15,Credit Card,Delivered,55,3.5
ORD_03344,CUST_0057,REST_127,Naturals Ice Cream,Ahmedabad,2024-07-19,21:09:10,Desserts,Nutella Brownie,1,130.0,40.0,48.74,Cash,Delivered,45,3.5
ORD_03345,CUST_0320,REST_112,Meghana Foods,Bangalore,2024-06-23,20:09:51,Biryani,Kolkata Special Biryani,1,350.0,40.0,98.41,UPI,Cancelled,0,0.0
ORD_03346,CUST_0178,REST_128,Belgian Waffle Co,Delhi,2024-11-09,19:11:12,Desserts,Chocolate Truffle Pastry,1,140.0,0.0,120.68,Cash,Delivered,29,4.0
ORD_03347,CUST_0718,REST_124,Faasos,Hyderabad,2024-08-18,12:11:16,Fast Food,Chicken Zinger Meal,1,299.0,50.0,0.0,UPI,Pending,32,0.0
ORD_03348,CUST_0235,REST_131,Cafe Coffee Day,Delhi,2024-04-14,22:12:40,Beverages,Masala Chai (Flask),1,110.0,40.0,123.76,UPI,Cancelled,0,0.0
ORD_03349,CUST_0445,REST_122,KFC,Kolkata,2024-08-08,17:59:51,Fast Food,Chicken Zinger Meal,2,299.0,40.0,143.14,Cash,Delivered,61,4.0
ORD_03350,CUST_0502,REST_102,Pizza Hut,Hyderabad,2024-09-18,11:58:17,Pizza,Paneer Tikka Pizza,2,349.0,30.0,26.98,Cash,Cancelled,0,0.0
ORD_03351,CUST_0545,REST_125,Baskin Robbins,Ahmedabad,2024-01-11,12:20:25,Desserts,Nutella Brownie,1,130.0,30.0,101.48,Credit Card,Delivered,37,4.0
ORD_03352,CUST_0126,REST_125,Baskin Robbins,Pune,2024-07-09,14:01:04,Desserts,Chocolate Truffle Pastry,1,140.0,50.0,26.93,Cash,Delivered,23,4.0
ORD_03353,CUST_0520,REST_107,Wendy's,Hyderabad,2024-03-27,13:11:03,Burger,Fiery Paneer Burger,1,-50.0,30.0,73.75,Credit Card,Delivered,48,4.5
ORD_03354,CUST_0273,REST_122,KFC,Hyderabad,2024-10-09,10:38:52,Fast Food,Chicken Zinger Meal,3,299.0,40.0,0.0,Credit Card,Delivered,60,5.0
ORD_03355,CUST_0108,REST_130,Chaayos,Mumbai,2024-06-23,19:39:53,Beverages,Caffe Latte,1,220.0,20.0,0.0,UPI,Pending,29,0.0
ORD_03356,CUST_0578,REST_124,Faasos,Mumbai,2024-04-14,10:28:08,Fast Food,Cheesy French Fries,2,120.0,0.0,55.53,UPI,Pending,26,0.0
ORD_03357,CUST_0069,REST_128,Belgian Waffle Co,Delhi,2024-11-29,22:34:54,Desserts,Chocolate Truffle Pastry,1,140.0,0.0,36.55,UPI,Delivered,24,4.5
ORD_03358,CUST_0098,REST_123,Taco Bell,Bangalore,2024-01-02,23:12:16,Fast Food,Chicken Zinger Meal,3,299.0,20.0,66.56,UPI,Delivered,62,5.0
ORD_03359,CUST_0422,REST_129,Starbucks,Chennai,2024-12-15,20:40:37,Beverages,Iced Green Tea,1,130.0,40.0,26.09,UPI,Cancelled,0,0.0
ORD_03360,CUST_0240,REST_104,La Pino'z Pizza,Chennai,2024-01-12,22:48:34,Pizza,Pepperoni Feast,3,499.0,30.0,48.49,UPI,Delivered,29,5.0
ORD_03361,CUST_0496,REST_102,Pizza Hut,Pune,2024-10-10,21:48:27,Pizza,Margherita Pizza,3,249.0,20.0,0.0,UPI,Delivered,64,4.0
ORD_03362,CUST_0278,REST_105,Burger King,Kolkata,2024-08-13,14:09:04,Burger,Fiery Paneer Burger,2,179.0,0.0,147.49,UPI,Delivered,64,5.0
ORD_03363,CUST_0744,REST_105,Burger King,Ahmedabad,2024-05-11,22:56:46,Burger,Smoky BBQ Burger,5,249.0,30.0,0.0,UPI,Pending,30,0.0
ORD_03364,CUST_0265,REST_111,Bawarchi,Ahmedabad,2024-08-02,14:53:41,Biryani,Paneer Biryani,2,260.0,20.0,0.0,Debit Card,Delivered,32,5.0
ORD_03365,CUST_0187,REST_131,Cafe Coffee Day,Ahmedabad,2024-11-23,12:14:33,Beverages,Mango Smoothie,1,160.0,0.0,0.0,Cash,Delivered,51,3.5
ORD_03366,CUST_0730,REST_122,KFC,Ahmedabad,2024-04-03,13:46:58,Fast Food,Veggie Delight Sub,1,190.0,30.0,0.0,UPI,Delivered,35,5.0
ORD_03367,CUST_0049,REST_116,Saravanaa Bhavan,Hyderabad,2024-10-10,20:22:53,Indian,Butter Chicken,1,360.0,0.0,0.0,UPI,Delivered,33,4.5
ORD_03368,CUST_0426,REST_116,Saravanaa Bhavan,Chennai,2024-09-16,21:39:04,Indian,Dal Makhani,2,220.0,40.0,68.13,Debit Card,Delivered,32,4.0
ORD_03369,CUST_0301,REST_122,KFC,Kolkata,2024-11-01,22:12:31,Fast Food,Veggie Delight Sub,3,190.0,50.0,0.0,Debit Card,Delivered,23,4.5
ORD_03370,CUST_0674,REST_108,The Burger Club,Pune,2024-07-23,21:11:50,Burger,Fiery Paneer Burger,1,179.0,0.0,25.36,UPI,Delivered,50,5.0
ORD_03371,CUST_0476,REST_103,Ovenstory Pizza,Ahmedabad,2024-12-07,12:59:43,Pizza,Farmhouse Supreme,4,399.0,30.0,145.77,UPI,Delivered,49,4.5
ORD_03372,CUST_0186,REST_131,Cafe Coffee Day,Pune,2024-01-09,12:22:06,Beverages,Iced Green Tea,1,130.0,20.0,0.0,UPI,Delivered,54,5.0
ORD_03373,CUST_0616,REST_127,Naturals Ice Cream,Kolkata,2024-06-20,12:09:45,Desserts,Chocolate Truffle Pastry,4,140.0,20.0,119.54,Wallet,Delivered,20,5.0
ORD_03374,CUST_0419,REST_125,Baskin Robbins,Kolkata,2024-05-19,14:43:13,Desserts,Red Velvet Jar Cake,1,175.0,30.0,0.0,UPI,Delivered,55,3.5
ORD_03375,CUST_0757,REST_111,Bawarchi,Hyderabad,2024-11-10,21:41:38,Biryani,Mutton Dum Biryani,1,450.0,40.0,131.52,Cash,Delivered,57,5.0
ORD_03376,CUST_0087,REST_128,Belgian Waffle Co,Delhi,2024-12-19,21:49:52,Desserts,Gulab Jamun (2 pcs),1,80.0,40.0,143.76,UPI,Delivered,22,4.5
ORD_03377,CUST_0414,REST_117,Mainland China,Chennai,2024-03-14,22:42:05,Chinese,Manchurian Gravy,1,210.0,40.0,59.24,UPI,Delivered,53,4.0
ORD_03378,CUST_0022,REST_117,Mainland China,Kolkata,2024-02-03,14:37:19,Chinese,Manchurian Gravy,2,210.0,50.0,37.51,Credit Card,Delivered,48,5.0
ORD_03379,CUST_0319,REST_112,Meghana Foods,Bangalore,2024-01-15,19:10:53,Biryani,Veg Dum Biryani,1,240.0,30.0,138.5,cash,Delivered,31,4.0
ORD_03380,CUST_0119,REST_115,Haldiram's,Mumbai,2024-12-15,19:35:36,Indian,Garlic Naan Combo,5,160.0,0.0,0.0,Cash,Delivered,29,5.0
ORD_03381,CUST_0777,REST_111,Bawarchi,Delhi,2024-12-07,14:46:51,Biryani,Veg Dum Biryani,4,240.0,40.0,105.03,Debit Card,Delivered,39,5.0
ORD_03382,CUST_0567,REST_128,Belgian Waffle Co,Pune,2024-05-17,12:47:37,Desserts,Chocolate Truffle Pastry,1,140.0,40.0,73.49,UPI,Delivered,42,5.0
ORD_03383,CUST_0541,REST_115,Haldiram's,Bangalore,2024-09-13,22:25:39,Indian,Kadhai Paneer,2,270.0,50.0,43.03,Wallet,Pending,42,0.0
ORD_03384,CUST_0078,REST_106,McDonald's,Bangalore,2024-05-24,12:22:38,Burger,Double Whopper,3,299.0,20.0,78.18,UPI,Delivered,32,5.0
ORD_03385,CUST_0730,REST_125,Baskin Robbins,Hyderabad,2024-05-05,23:03:45,Desserts,Chocolate Truffle Pastry,1,140.0,0.0,107.43,Debit Card,Delivered,49,4.0
ORD_03386,CUST_0516,REST_101,Domino's Pizza,Ahmedabad,2024-08-08,19:17:24,Pizza,Cheese Burst Pizza,2,429.0,30.0,74.12,Credit Card,Cancelled,0,0.0
ORD_03387,CUST_0415,REST_108,The Burger Club,Mumbai,2024-09-14,22:29:50,Burger,Fiery Paneer Burger,1,179.0,50.0,0.0,Credit Card,Delivered,46,4.0
ORD_03388,CUST_0628,REST_102,Pizza Hut,Hyderabad,2024-02-08,14:08:24,Pizza,Paneer Tikka Pizza,2,349.0,20.0,144.41,Credit Card,Delivered,25,4.0
ORD_03389,CUST_0658,REST_110,Behrouz Biryani,Chennai,2024-09-30,19:43:13,Biryani,Kolkata Special Biryani,1,350.0,40.0,0.0,UPI,Delivered,52,5.0
ORD_03390,CUST_0413,REST_109,Paradise Biryani,Delhi,2024-07-30,21:24:20,Biryani,Veg Dum Biryani,1,240.0,20.0,61.21,UPI,Delivered,63,4.5
ORD_03391,CUST_0214,REST_110,Behrouz Biryani,Bangalore,2024-01-30,13:06:03,Biryani,Mutton Dum Biryani,1,450.0,50.0,73.21,Cash,Delivered,19,5.0
ORD_03392,CUST_0577,REST_129,Starbucks,Hyderabad,2024-03-30,21:49:28,Beverages,Cold Coffee with Ice Cream,3,150.0,50.0,130.85,Credit Card,Delivered,63,4.0
ORD_03393,CUST_0083,REST_110,Behrouz Biryani,Bangalore,2024-03-20,10:14:13,Biryani,Paneer Biryani,1,260.0,30.0,0.0,Cash,Delivered,18,4.0
ORD_03394,CUST_0051,REST_117,Mainland China,Ahmedabad,2024-04-25,14:08:12,Chinese,Veg Hakka Noodles,3,180.0,40.0,61.18,Cash,Delivered,27,4.0
ORD_03395,CUST_0090,REST_101,Domino's Pizza,Hyderabad,2024-05-07,12:58:27,Pizza,Pepperoni Feast,2,499.0,20.0,105.34,UPI,Cancelled,0,0.0
ORD_03396,CUST_0690,REST_107,Wendy's,Pune,2024-08-03,21:34:06,Burger,Classic Chicken Burger,1,199.0,0.0,0.0,Credit Card,Delivered,36,4.0
ORD_03397,CUST_0593,REST_110,Behrouz Biryani,Bangalore,2024-11-13,14:37:45,Biryani,Hyderabadi Chicken Biryani,3,320.0,30.0,48.74,Cash,Delivered,27,5.0
ORD_03398,CUST_0040,REST_104,La Pino'z Pizza,Delhi,2024-04-27,20:41:57,Pizza,Pepperoni Feast,3,499.0,40.0,0.0,Credit Card,Delivered,20,5.0
ORD_03399,CUST_0317,REST_105,Burger King,Chennai,2024-10-01,21:16:09,Burger,Smoky BBQ Burger,1,249.0,40.0,0.0,UPI,Delivered,23,4.0
ORD_03400,CUST_0563,REST_132,Chai Point,Chennai,2024-03-20,20:32:42,Beverages,Cold Coffee with Ice Cream,2,150.0,0.0,0.0,UPI,Delivered,22,4.5
ORD_03401,CUST_0300,REST_130,Chaayos,Hyderabad,2024-06-07,08:42:47,Beverages,Caffe Latte,3,220.0,30.0,0.0,UPI,Delivered,42,5.0
ORD_03402,CUST_0386,REST_127,Naturals Ice Cream,Bangalore,2024-02-03,22:50:50,Desserts,Belgian Chocolate Waffle,1,160.0,40.0,144.08,Cash,Delivered,48,3.0
ORD_03403,CUST_0449,REST_126,Theobroma,Bangalore,2024-06-03,22:23:50,Desserts,Chocolate Truffle Pastry,2,140.0,0.0,0.0,UPI,Pending,29,0.0
ORD_03404,CUST_0740,REST_111,Bawarchi,Mumbai,2024-11-21,19:24:22,Biryani,Paneer Biryani,1,260.0,40.0,28.86,Debit Card,Cancelled,0,0.0
ORD_03405,CUST_0156,REST_103,Ovenstory Pizza,Mumbai,2024-08-01,19:17:26,Pizza,Cheese Burst Pizza,2,429.0,30.0,112.95,Cash,Delivered,39,4.0
ORD_03406,CUST_0767,REST_118,Wow! Momo,Mumbai,2024-05-24,12:56:33,Chinese,Veg Hakka Noodles,3,180.0,50.0,44.27,Debit Card,Delivered,28,5.0
ORD_03407,CUST_0261,REST_106,McDonald's,Chennai,2024-12-13,19:55:11,Burger,Double Whopper,2,299.0,0.0,0.0,Cash,Delivered,19,5.0
ORD_03408,CUST_0326,REST_115,Haldiram's,Bangalore,2024-08-11,21:42:05,Indian,Paneer Butter Masala,2,280.0,30.0,22.93,Cash,Cancelled,0,0.0
ORD_03409,CUST_0207,REST_125,Baskin Robbins,Bangalore,2024-02-19,21:14:21,Desserts,Belgian Chocolate Waffle,3,160.0,20.0,97.83,Debit Card,Delivered,59,4.0
ORD_03410,CUST_0315,REST_124,Faasos,Kolkata,2024-11-29,13:46:14,Fast Food,Cheesy French Fries,1,120.0,20.0,0.0,Credit Card,Delivered,20,4.0
ORD_03411,CUST_0719,REST_105,Burger King,Kolkata,2024-12-05,13:15:21,Burger,Classic Chicken Burger,1,199.0,40.0,0.0,UPI,Pending,37,0.0
ORD_03412,CUST_0752,REST_107,Wendy's,Chennai,2024-08-14,15:13:04,Burger,Double Whopper,1,299.0,50.0,127.29,UPI,Cancelled,0,0.0
ORD_03413,CUST_0413,REST_102,Pizza Hut,Kolkata,2024-01-05,12:23:12,Pizza,Pepperoni Feast,1,499.0,30.0,146.52,Credit Card,Delivered,62,5.0
ORD_03414,CUST_0067,REST_111,Bawarchi,Hyderabad,2024-06-15,20:43:23,Biryani,Kolkata Special Biryani,3,350.0,50.0,0.0,UPI,Delivered,20,5.0
ORD_03415,CUST_0747,REST_115,Haldiram's,Ahmedabad,2024-01-03,13:50:04,Indian,Paneer Butter Masala,3,280.0,40.0,25.5,UPI,Delivered,64,5.0
ORD_03416,CUST_0452,REST_120,Berco's,Hyderabad,2024-03-30,21:14:41,Chinese,Chicken Fried Rice,2,230.0,50.0,139.78,UPI,Delivered,38,5.0
ORD_03417,CUST_0560,REST_106,McDonald's,Pune,2024-05-10,09:02:08,Burger,Double Whopper,1,299.0,20.0,58.98,Debit Card,Delivered,32,5.0
ORD_03418,CUST_0190,REST_131,Cafe Coffee Day,Bangalore,2024-12-09,13:23:41,Beverages,Cold Coffee with Ice Cream,1,150.0,50.0,67.84,Debit Card,Delivered,58,4.5
ORD_03419,CUST_0725,REST_127,Naturals Ice Cream,Bangalore,2024-02-26,14:08:55,Desserts,Red Velvet Jar Cake,1,175.0,50.0,0.0,UPI,Delivered,63,5.0
ORD_03420,CUST_0480,REST_132,Chai Point,Bangalore,2024-04-11,12:00:22,Beverages,Iced Green Tea,1,130.0,0.0,135.06,Credit Card,Delivered,34,3.5
ORD_03421,CUST_0194,REST_103,Ovenstory Pizza,Hyderabad,2024-05-08,14:07:23,Pizza,Pepperoni Feast,3,499.0,50.0,137.23,Credit Card,Delivered,36,5.0
ORD_03422,CUST_0505,REST_107,Wendy's,Hyderabad,2024-03-14,12:01:03,Burger,Crispy Veg Burger,1,129.0,0.0,0.0,UPI,Delivered,37,5.0
ORD_03423,CUST_0585,REST_126,Theobroma,Ahmedabad,2024-08-01,16:32:19,Desserts,Chocolate Truffle Pastry,2,140.0,30.0,0.0,UPI,Delivered,34,3.0
ORD_03424,CUST_0491,REST_121,Subway,Kolkata,2024-03-16,12:33:40,Fast Food,Paneer Wrap,1,160.0,0.0,81.01,Wallet,Delivered,55,3.5
ORD_03425,CUST_0549,REST_130,Chaayos,Mumbai,2024-09-05,22:14:22,Beverages,Caffe Latte,1,220.0,20.0,43.91,Cash,Delivered,58,4.0
ORD_03426,CUST_0557,REST_109,Paradise Biryani,Ahmedabad,2024-03-26,20:48:09,Biryani,Mutton Dum Biryani,2,450.0,40.0,0.0,Cash,Delivered,26,4.5
ORD_03427,CUST_0030,REST_127,Naturals Ice Cream,Bangalore,2024-10-08,20:16:23,Desserts,Belgian Chocolate Waffle,2,160.0,0.0,0.0,Credit Card,Delivered,19,4.5
ORD_03428,CUST_0664,REST_103,Ovenstory Pizza,Chennai,2024-05-09,20:30:14,Pizza,Margherita Pizza,1,249.0,30.0,78.46,Cash,Delivered,49,1.0
ORD_03429,CUST_0657,REST_114,Barbeque Nation,Delhi,2024-01-20,12:46:18,Indian,Dal Makhani,4,220.0,0.0,0.0,UPI,Delivered,64,5.0
ORD_03430,CUST_0787,REST_123,Taco Bell,Kolkata,2024-04-07,19:57:16,Fast Food,Chicken Zinger Meal,1,299.0,30.0,44.99,UPI,Delivered,65,4.5
ORD_03431,CUST_0139,REST_116,Saravanaa Bhavan,Bangalore,2024-07-03,21:44:06,Indian,Garlic Naan Combo,2,160.0,0.0,48.19,Debit Card,Delivered,46,5.0
ORD_03432,CUST_0282,REST_127,Naturals Ice Cream,Kolkata,2024-11-29,12:23:01,Desserts,Nutella Brownie,1,130.0,20.0,110.63,Credit Card,Delivered,36,3.5
ORD_03433,CUST_0774,REST_129,Starbucks,Hyderabad,2024-02-20,20:03:31,Beverages,Caffe Latte,1,220.0,0.0,38.08,UPI,Delivered,28,4.0
ORD_03434,CUST_0402,REST_110,Behrouz Biryani,Hyderabad,2024-01-26,21:44:20,Biryani,Hyderabadi Chicken Biryani,4,320.0,40.0,0.0,UPI,Delivered,30,4.5
ORD_03435,CUST_0334,REST_108,The Burger Club,Bangalore,2024-09-23,19:10:58,Burger,Crispy Veg Burger,3,129.0,50.0,35.36,UPI,Delivered,61,4.5
ORD_03436,CUST_0628,REST_120,Berco's,Pune,2024-04-10,21:55:24,Chinese,Manchurian Gravy,1,210.0,0.0,36.01,Credit Card,Delivered,44,4.5
ORD_03437,CUST_0539,REST_128,Belgian Waffle Co,Bangalore,2024-02-15,19:37:05,Desserts,Chocolate Truffle Pastry,1,140.0,40.0,0.0,Credit Card,Delivered,65,4.0
ORD_03438,CUST_0459,REST_117,Mainland China,Kolkata,2024-05-15,14:11:01,Chinese,Chilli Chicken Gravy,2,270.0,30.0,0.0,UPI,Pending,43,0.0
ORD_03439,CUST_0603,REST_108,The Burger Club,Ahmedabad,2024-08-23,21:15:36,Burger,Double Whopper,1,299.0,0.0,91.56,UPI,Delivered,51,2.5
ORD_03440,CUST_0726,REST_108,The Burger Club,Hyderabad,2024-09-08,19:55:26,Burger,Smoky BBQ Burger,1,249.0,20.0,0.0,Cash,Delivered,24,4.0
ORD_03441,,REST_130,Chaayos,Ahmedabad,2024-12-10,19:22:54,Beverages,Masala Chai (Flask),2,110.0,50.0,36.44,Credit Card,Delivered,39,4.0
ORD_03442,CUST_0636,REST_131,Cafe Coffee Day,Chennai,2024-12-06,13:37:14,Beverages,Mango Smoothie,3,160.0,40.0,145.02,Credit Card,Delivered,44,3.5
ORD_03443,CUST_0720,REST_130,Chaayos,Mumbai,2024-07-20,13:14:41,Beverages,Iced Green Tea,3,130.0,40.0,46.95,Credit Card,Delivered,42,4.5
ORD_03444,CUST_0132,REST_116,Saravanaa Bhavan,Ahmedabad,2024-01-10,22:23:23,Indian,Paneer Butter Masala,1,280.0,0.0,35.16,Credit Card,Pending,27,0.0
ORD_03445,CUST_0588,REST_105,Burger King,Mumbai,2024-06-11,12:00:51,Burger,Fiery Paneer Burger,5,179.0,40.0,74.19,Cash,Delivered,55,4.0
ORD_03446,CUST_0550,REST_106,McDonald's,Pune,2024-07-31,21:27:16,Burger,Classic Chicken Burger,1,199.0,20.0,20.2,Debit Card,Delivered,27,5.0
ORD_03447,CUST_0696,REST_120,Berco's,Chennai,2024-02-12,21:20:05,Chinese,Schezwan Veg Momos,1,150.0,30.0,41.89,Wallet,Delivered,40,2.0
ORD_03448,CUST_0306,REST_114,Barbeque Nation,Hyderabad,2024-03-30,21:01:39,Indian,Kadhai Paneer,2,270.0,0.0,0.0,UPI,Delivered,47,4.5
ORD_03449,CUST_0572,REST_132,Chai Point,Kolkata,2024-03-26,13:36:35,Beverages,Masala Chai (Flask),4,110.0,0.0,57.41,Debit Card,Delivered,38,5.0
ORD_03450,CUST_0771,REST_127,Naturals Ice Cream,Bangalore,2024-12-18,20:37:26,Desserts,Gulab Jamun (2 pcs),1,80.0,50.0,142.66,UPI,Delivered,22,4.0
ORD_03451,CUST_0045,REST_113,Punjab Grill,Ahmedabad,2024-01-15,22:36:30,Indian,Paneer Butter Masala,1,280.0,40.0,78.49,UPI,Delivered,59,3.0
ORD_03452,CUST_0441,REST_110,Behrouz Biryani,Chennai,2024-03-26,21:20:11,Biryani,Paneer Biryani,1,260.0,50.0,0.0,UPI,Delivered,39,4.0
ORD_03453,CUST_0649,REST_109,Paradise Biryani,Delhi,2024-07-03,19:36:16,Biryani,Mutton Dum Biryani,1,450.0,20.0,42.15,UPI,Delivered,62,5.0
ORD_03454,CUST_0399,REST_126,Theobroma,Kolkata,2024-06-04,18:01:53,Desserts,Gulab Jamun (2 pcs),2,80.0,20.0,48.12,Cash,Delivered,61,2.0
ORD_03455,CUST_0747,REST_107,Wendy's,Hyderabad,2024-01-06,13:15:51,Burger,Double Whopper,1,299.0,50.0,145.59,Cash,Delivered,20,4.5
ORD_03456,CUST_0022,REST_106,McDonald's,Pune,2024-08-29,21:19:37,Burger,Double Whopper,1,299.0,0.0,32.3,UPI,Delivered,57,5.0
ORD_03457,CUST_0728,REST_121,Subway,Ahmedabad,2024-11-02,22:50:54,Fast Food,Veggie Delight Sub,1,190.0,0.0,0.0,Wallet,Delivered,49,5.0
ORD_03458,,REST_115,Haldiram's,Kolkata,2024-10-22,12:14:36,Indian,Butter Chicken,2,360.0,40.0,63.19,UPI,Cancelled,0,0.0
ORD_03459,CUST_0032,REST_107,Wendy's,Chennai,2024-03-25,14:26:46,Burger,Double Whopper,2,299.0,50.0,122.68,UPI,Delivered,34,4.0
ORD_03460,CUST_0145,REST_104,La Pino'z Pizza,Mumbai,2024-10-06,20:14:16,Pizza,Farmhouse Supreme,2,399.0,50.0,0.0,UPI,Cancelled,0,0.0
ORD_03461,CUST_0066,REST_131,Cafe Coffee Day,Chennai,2024-08-27,22:14:10,Beverages,Mango Smoothie,2,160.0,0.0,33.77,UPI,Delivered,47,3.0
ORD_03462,CUST_0182,REST_114,Barbeque Nation,Chennai,2024-10-24,12:16:30,Indian,Paneer Butter Masala,3,280.0,40.0,109.68,UPI,Delivered,63,5.0
ORD_03463,CUST_0788,REST_127,Naturals Ice Cream,Kolkata,2024-08-17,20:17:03,Desserts,Chocolate Truffle Pastry,1,140.0,40.0,94.7,UPI,Delivered,42,5.0
ORD_03464,CUST_0685,REST_121,Subway,Delhi,2024-11-24,12:08:39,Fast Food,Paneer Wrap,1,160.0,0.0,27.95,Credit Card,Delivered,47,5.0
ORD_03465,CUST_0717,REST_116,Saravanaa Bhavan,Mumbai,2024-09-11,21:12:02,Indian,Paneer Butter Masala,1,280.0,50.0,62.43,UPI,Delivered,41,3.5
ORD_03466,CUST_0691,REST_123,Taco Bell,Bangalore,2024-07-15,14:15:07,Fast Food,Paneer Wrap,1,160.0,0.0,28.49,Cash,Delivered,64,4.0
ORD_03467,CUST_0452,REST_124,Faasos,Pune,2024-03-09,12:59:26,Fast Food,Crispy Chicken Bucket,2,480.0,30.0,133.82,UPI,Delivered,20,4.0
ORD_03468,CUST_0340,REST_108,The Burger Club,Hyderabad,2024-06-20,22:30:45,Burger,Crispy Veg Burger,2,129.0,30.0,61.49,UPI,Delivered,26,4.5
ORD_03469,CUST_0702,REST_103,Ovenstory Pizza,Delhi,2024-04-18,14:20:40,Pizza,Pepperoni Feast,1,499.0,40.0,37.57,Debit Card,Delivered,40,5.0
ORD_03470,CUST_0331,REST_121,Subway,Chennai,2024-10-20,20:37:50,Fast Food,Chicken Zinger Meal,1,299.0,50.0,72.81,Cash,Delivered,58,3.5
ORD_03471,CUST_0312,REST_104,La Pino'z Pizza,Chennai,2024-03-15,09:36:40,Pizza,Margherita Pizza,1,249.0,30.0,0.0,Credit Card,Delivered,54,4.5
ORD_03472,CUST_0192,REST_132,Chai Point,Mumbai,2024-04-09,19:21:14,Beverages,Mango Smoothie,1,160.0,50.0,0.0,UPI,Delivered,47,4.5
ORD_03473,CUST_0578,REST_111,Bawarchi,Ahmedabad,2024-10-03,20:59:53,Biryani,Mutton Dum Biryani,2,450.0,50.0,63.31,UPI,Delivered,33,5.0
ORD_03474,CUST_0776,REST_103,Ovenstory Pizza,Chennai,2024-08-04,21:11:08,Pizza,Margherita Pizza,1,249.0,0.0,0.0,Debit Card,Delivered,38,5.0
ORD_03475,CUST_0663,REST_102,Pizza Hut,Kolkata,2024-07-27,12:43:44,Pizza,Farmhouse Supreme,1,399.0,50.0,0.0,UPI,Delivered,48,4.5
ORD_03476,CUST_0762,REST_113,Punjab Grill,Ahmedabad,2024-11-20,12:45:19,Indian,Kadhai Paneer,2,270.0,40.0,0.0,UPI,Delivered,21,5.0
ORD_03477,CUST_0183,REST_103,Ovenstory Pizza,Chennai,2024-01-11,19:28:35,Pizza,Farmhouse Supreme,1,399.0,40.0,149.48,Debit Card,Delivered,59,4.0
ORD_03478,CUST_0072,REST_123,Taco Bell,Chennai,2024-02-13,19:16:15,Fast Food,Crispy Chicken Bucket,1,480.0,20.0,43.91,Debit Card,Delivered,46,5.0
ORD_03479,CUST_0625,REST_126,Theobroma,Hyderabad,2024-03-18,21:33:47,Desserts,Red Velvet Jar Cake,1,175.0,50.0,89.29,Debit Card,Cancelled,0,0.0
ORD_03480,CUST_0002,REST_101,Domino's Pizza,Ahmedabad,2024-07-13,22:56:03,Pizza,Farmhouse Supreme,2,399.0,20.0,65.19,Debit Card,Delivered,42,4.5
ORD_03481,CUST_0092,REST_127,Naturals Ice Cream,Chennai,2024-06-19,13:15:09,Desserts,Red Velvet Jar Cake,2,175.0,20.0,65.88,UPI,Delivered,37,2.0
ORD_03482,CUST_0695,REST_114,Barbeque Nation,Ahmedabad,2024-09-08,20:38:10,Indian,Butter Chicken,2,360.0,20.0,0.0,UPI,Delivered,43,5.0
ORD_03483,CUST_0630,REST_125,Baskin Robbins,Chennai,2024-07-21,12:58:28,Desserts,Belgian Chocolate Waffle,1,160.0,30.0,0.0,UPI,Delivered,57,4.5
ORD_03484,CUST_0392,REST_125,Baskin Robbins,Delhi,2024-05-21,10:09:48,Desserts,Red Velvet Jar Cake,1,175.0,0.0,0.0,Debit Card,Delivered,56,4.5
ORD_03485,CUST_0049,REST_117,Mainland China,Chennai,2024-03-16,21:09:44,Chinese,Chilli Chicken Gravy,2,270.0,30.0,43.23,debit card,Delivered,43,5.0
ORD_03486,CUST_0737,REST_130,Chaayos,Mumbai,2024-08-25,20:44:00,Beverages,Masala Chai (Flask),4,110.0,30.0,91.34,Debit Card,Delivered,48,4.0
ORD_03487,CUST_0291,REST_128,Belgian Waffle Co,Ahmedabad,2024-04-24,14:30:58,Desserts,Nutella Brownie,2,130.0,30.0,88.22,UPI,Delivered,37,4.0
ORD_03488,CUST_0552,REST_125,Baskin Robbins,Ahmedabad,2024-09-15,19:10:17,Desserts,Red Velvet Jar Cake,3,175.0,50.0,66.16,Cash,Delivered,56,3.5
ORD_03489,CUST_0518,REST_117,Mainland China,Delhi,2024-12-27,12:54:29,Chinese,Schezwan Veg Momos,1,150.0,0.0,36.19,UPI,Delivered,30,5.0
ORD_03490,CUST_0403,REST_105,Burger King,Chennai,2024-03-22,19:24:22,Burger,Fiery Paneer Burger,3,179.0,50.0,0.0,Debit Card,Delivered,52,4.0
ORD_03491,CUST_0072,REST_103,Ovenstory Pizza,Bangalore,2024-02-26,20:32:01,Pizza,Farmhouse Supreme,2,399.0,50.0,61.3,Cash,Delivered,25,4.5
ORD_03492,CUST_0142,REST_110,Behrouz Biryani,Mumbai,2024-07-13,19:25:23,Biryani,Mutton Dum Biryani,2,450.0,50.0,0.0,Credit Card,Delivered,39,2.5
ORD_03493,CUST_0207,REST_118,Wow! Momo,Kolkata,2024-11-28,13:37:01,Chinese,Chilli Chicken Gravy,1,270.0,50.0,135.93,UPI,Delivered,56,3.0
ORD_03494,CUST_0050,REST_101,Domino's Pizza,Kolkata,2024-06-10,08:46:25,Pizza,Farmhouse Supreme,2,399.0,40.0,0.0,Cash,Delivered,38,4.5
ORD_03495,CUST_0217,REST_122,KFC,Delhi,2024-03-20,23:03:10,Fast Food,Veggie Delight Sub,1,190.0,40.0,41.48,Wallet,Delivered,28,3.5
ORD_03496,CUST_0718,REST_107,Wendy's,Bangalore,2024-09-16,13:56:27,Burger,Smoky BBQ Burger,3,249.0,50.0,25.2,Credit Card,Delivered,41,1.0
ORD_03497,CUST_0566,REST_125,Baskin Robbins,Hyderabad,2024-06-10,20:14:24,Desserts,Chocolate Truffle Pastry,1,140.0,30.0,0.0,UPI,Delivered,36,5.0
ORD_03498,CUST_0659,REST_128,Belgian Waffle Co,Bangalore,2024-05-17,20:27:46,Desserts,Nutella Brownie,4,130.0,0.0,0.0,UPI,Delivered,53,4.0
ORD_03499,CUST_0004,REST_117,Mainland China,Pune,2024-08-12,13:26:01,Chinese,Chilli Chicken Gravy,2,270.0,0.0,49.97,Credit Card,Delivered,24,3.5
ORD_03500,CUST_0644,REST_113,Punjab Grill,Ahmedabad,2024-05-29,08:09:29,Indian,Garlic Naan Combo,2,160.0,20.0,142.69,UPI,Delivered,55,3.0
ORD_03501,CUST_0599,REST_127,Naturals Ice Cream,Chennai,2024-02-24,13:41:25,Desserts,Red Velvet Jar Cake,1,175.0,50.0,115.96,UPI,Delivered,45,4.5
ORD_03502,CUST_0232,REST_127,Naturals Ice Cream,Mumbai,2024-06-04,21:22:47,Desserts,Chocolate Truffle Pastry,3,140.0,40.0,0.0,Debit Card,Delivered,45,4.0
ORD_03503,CUST_0610,REST_109,Paradise Biryani,Ahmedabad,2024-08-05,19:08:50,Biryani,Veg Dum Biryani,2,240.0,20.0,140.45,UPI,Delivered,23,4.5
ORD_03504,CUST_0635,REST_130,Chaayos,Chennai,2024-08-18,22:43:44,Beverages,Iced Green Tea,1,130.0,50.0,97.16,Debit Card,Delivered,23,4.0
ORD_03505,CUST_0233,REST_104,La Pino'z Pizza,Chennai,2024-11-20,14:39:28,Pizza,Margherita Pizza,2,249.0,30.0,0.0,Credit Card,Delivered,31,3.5
ORD_03506,CUST_0287,REST_125,Baskin Robbins,Mumbai,2024-03-01,19:56:24,Desserts,Red Velvet Jar Cake,3,175.0,20.0,42.84,Wallet,Cancelled,0,0.0
ORD_03507,CUST_0795,REST_114,Barbeque Nation,Ahmedabad,2024-04-01,20:31:12,Indian,Butter Chicken,1,360.0,40.0,88.07,UPI,Delivered,22,4.0
ORD_03508,CUST_0046,REST_132,Chai Point,Pune,2024-08-04,13:27:37,Beverages,Caffe Latte,1,220.0,30.0,45.78,Wallet,Delivered,57,3.5
ORD_03509,CUST_0692,REST_123,Taco Bell,Chennai,2024-07-14,19:31:43,Fast Food,Crispy Chicken Bucket,1,480.0,0.0,0.0,Cash,Delivered,40,3.0
ORD_03510,CUST_0206,REST_103,Ovenstory Pizza,Mumbai,2024-07-10,14:32:56,Pizza,Farmhouse Supreme,1,399.0,30.0,28.25,Debit Card,Cancelled,0,0.0
ORD_03511,CUST_0019,REST_124,Faasos,Pune,2024-06-05,13:17:08,Fast Food,Chicken Zinger Meal,2,299.0,0.0,71.73,UPI,Delivered,27,5.0
ORD_03512,CUST_0752,REST_109,Paradise Biryani,Ahmedabad,2024-01-15,22:26:33,Biryani,Kolkata Special Biryani,5,350.0,0.0,135.27,Debit Card,Delivered,49,4.5
ORD_03513,CUST_0083,REST_129,Starbucks,Pune,2024-04-30,22:44:21,Beverages,Caffe Latte,1,220.0,40.0,120.29,Cash,Delivered,61,4.0
ORD_03514,CUST_0687,REST_121,Subway,Pune,2024-08-04,13:10:48,Fast Food,Veggie Delight Sub,4,190.0,0.0,67.5,Credit Card,Delivered,33,3.5
ORD_03515,CUST_0373,REST_126,Theobroma,Mumbai,2024-10-20,20:57:18,Desserts,Nutella Brownie,1,130.0,0.0,41.81,Credit Card,Pending,37,0.0
ORD_03516,CUST_0713,REST_117,Mainland China,Ahmedabad,2024-10-17,13:59:13,Chinese,Schezwan Veg Momos,1,150.0,30.0,125.3,Cash,Delivered,45,3.5
ORD_03517,CUST_0615,REST_109,Paradise Biryani,Pune,2024-03-28,15:37:59,Biryani,Mutton Dum Biryani,1,450.0,30.0,0.0,Debit Card,Pending,38,0.0
ORD_03518,CUST_0394,REST_102,Pizza Hut,Delhi,2024-02-22,19:35:29,Pizza,Pepperoni Feast,1,499.0,40.0,68.0,UPI,Delivered,25,4.5
ORD_03519,CUST_0549,REST_101,Domino's Pizza,Hyderabad,2024-06-23,12:25:42,Pizza,Farmhouse Supreme,3,399.0,20.0,24.53,Wallet,Delivered,26,
ORD_03520,CUST_0575,REST_103,Ovenstory Pizza,Kolkata,2024-09-01,19:48:35,Pizza,Pepperoni Feast,1,499.0,40.0,42.61,Debit Card,Delivered,24,5.0
ORD_03521,CUST_0344,REST_115,Haldiram's,Mumbai,2024-01-28,21:51:56,Indian,Paneer Butter Masala,2,280.0,50.0,30.27,UPI,Delivered,62,3.5
ORD_03522,CUST_0270,REST_128,Belgian Waffle Co,Mumbai,2024-06-25,12:44:08,Desserts,Chocolate Truffle Pastry,1,140.0,50.0,41.17,Credit Card,Delivered,42,5.0
ORD_03523,CUST_0575,REST_123,Taco Bell,Bangalore,2024-03-01,20:51:04,Fast Food,Paneer Wrap,2,160.0,40.0,0.0,UPI,Delivered,40,5.0
ORD_03524,CUST_0540,REST_125,Baskin Robbins,Mumbai,2024-09-19,22:58:07,Desserts,Gulab Jamun (2 pcs),1,80.0,20.0,128.89,UPI,Delivered,34,5.0
ORD_03525,CUST_0708,REST_129,Starbucks,Kolkata,2024-08-08,21:37:11,Beverages,Caffe Latte,1,220.0,0.0,30.28,Debit Card,Delivered,65,4.5
ORD_03526,CUST_0717,REST_125,Baskin Robbins,Chennai,2024-08-12,19:41:14,Desserts,Chocolate Truffle Pastry,1,140.0,20.0,59.82,UPI,Delivered,62,4.5
ORD_03527,CUST_0055,REST_111,Bawarchi,Bangalore,2024-01-20,21:10:06,Biryani,Hyderabadi Chicken Biryani,1,320.0,20.0,0.0,UPI,Delivered,55,5.0
ORD_03528,CUST_0653,REST_115,Haldiram's,Delhi,2024-06-17,15:05:43,Indian,Paneer Butter Masala,1,280.0,50.0,32.64,Cash,Delivered,32,4.5
ORD_03529,CUST_0554,REST_112,Meghana Foods,Ahmedabad,2024-02-07,19:19:09,Biryani,Kolkata Special Biryani,3,350.0,50.0,41.95,Debit Card,Delivered,18,5.0
ORD_03530,CUST_0691,REST_127,Naturals Ice Cream,Ahmedabad,2024-08-23,09:38:56,Desserts,Red Velvet Jar Cake,1,175.0,30.0,0.0,UPI,Pending,38,0.0
ORD_03531,CUST_0068,REST_123,Taco Bell,Hyderabad,2024-04-25,22:40:41,Fast Food,Crispy Chicken Bucket,1,480.0,50.0,38.43,Credit Card,Delivered,40,5.0
ORD_03532,CUST_0688,REST_115,Haldiram's,Hyderabad,2024-01-22,21:50:21,Indian,Dal Makhani,3,220.0,0.0,53.35,Cash,Delivered,24,1.0
ORD_03533,CUST_0681,REST_119,Wok Express,Ahmedabad,2024-02-11,22:18:43,Chinese,Chicken Fried Rice,3,230.0,0.0,44.67,UPI,Delivered,34,4.5
ORD_03534,CUST_0511,REST_113,Punjab Grill,Kolkata,2024-08-10,13:12:08,Indian,Garlic Naan Combo,1,160.0,50.0,0.0,Debit Card,Delivered,60,3.0
ORD_03535,CUST_0155,REST_131,Cafe Coffee Day,Delhi,2024-08-03,12:05:26,Beverages,Masala Chai (Flask),2,110.0,0.0,140.38,Debit Card,Delivered,61,5.0
ORD_03536,CUST_0118,REST_129,Starbucks,Mumbai,2024-05-22,22:18:53,Beverages,Masala Chai (Flask),2,110.0,20.0,0.0,UPI,Delivered,45,5.0
ORD_03537,CUST_0632,REST_108,The Burger Club,Mumbai,2024-09-22,17:10:20,Burger,Classic Chicken Burger,1,199.0,40.0,144.18,UPI,Delivered,42,4.0
ORD_03538,CUST_0304,REST_113,Punjab Grill,Ahmedabad,2024-09-02,21:34:41,Indian,Kadhai Paneer,2,270.0,20.0,0.0,UPI,Delivered,60,4.5
ORD_03539,CUST_0370,REST_114,Barbeque Nation,Delhi,2024-02-05,21:47:38,Indian,Butter Chicken,1,360.0,30.0,0.0,UPI,Delivered,54,5.0
ORD_03540,CUST_0429,REST_116,Saravanaa Bhavan,Ahmedabad,2024-09-03,09:19:14,Indian,Garlic Naan Combo,4,160.0,40.0,112.65,Cash,Delivered,47,3.5
ORD_03541,CUST_0742,REST_124,Faasos,Pune,2024-06-30,20:50:38,Fast Food,Cheesy French Fries,3,120.0,20.0,21.02,UPI,Delivered,45,3.0
ORD_03542,CUST_0759,REST_119,Wok Express,Kolkata,2024-08-01,21:09:21,Chinese,Veg Hakka Noodles,1,180.0,50.0,0.0,Cash,Delivered,58,
ORD_03543,CUST_0101,REST_109,Paradise Biryani,Ahmedabad,2024-10-17,12:46:01,Biryani,Mutton Dum Biryani,4,450.0,0.0,64.57,Wallet,Delivered,39,4.5
ORD_03544,CUST_0682,REST_125,Baskin Robbins,Hyderabad,2024-01-25,22:04:37,Desserts,Gulab Jamun (2 pcs),1,80.0,20.0,132.63,Debit Card,Delivered,45,4.0
ORD_03545,CUST_0707,REST_121,Subway,Pune,2024-02-08,13:02:18,Fast Food,Cheesy French Fries,2,120.0,40.0,0.0,UPI,Delivered,50,4.0
ORD_03546,CUST_0472,REST_108,The Burger Club,Chennai,2024-04-03,21:22:26,Burger,Double Whopper,3,299.0,20.0,92.26,UPI,Delivered,60,5.0
ORD_03547,CUST_0189,REST_122,KFC,Hyderabad,2024-09-11,14:08:56,Fast Food,Crispy Chicken Bucket,1,480.0,50.0,0.0,Cash,Delivered,19,3.5
ORD_03548,CUST_0021,REST_129,Starbucks,Bangalore,2024-01-10,19:16:29,Beverages,Iced Green Tea,5,130.0,50.0,22.82,UPI,Delivered,31,5.0
ORD_03549,CUST_0591,REST_127,Naturals Ice Cream,Ahmedabad,2024-04-11,22:51:55,Desserts,Belgian Chocolate Waffle,3,160.0,30.0,53.58,UPI,Delivered,48,5.0
ORD_03550,CUST_0011,REST_113,Punjab Grill,Mumbai,2024-08-21,22:51:56,Indian,Dal Makhani,1,220.0,30.0,88.24,UPI,Delivered,20,2.0
ORD_03551,CUST_0649,REST_117,Mainland China,Delhi,2024-02-25,21:08:03,Chinese,Veg Hakka Noodles,1,180.0,50.0,0.0,Cash,Delivered,24,5.0
ORD_03552,CUST_0428,REST_129,Starbucks,Hyderabad,2024-01-20,14:15:40,Beverages,Mango Smoothie,2,160.0,20.0,109.2,UPI,Delivered,41,2.5
ORD_03553,CUST_0360,REST_126,Theobroma,Chennai,2024-03-19,14:19:29,Desserts,Red Velvet Jar Cake,2,175.0,40.0,23.1,Cash,Delivered,54,5.0
ORD_03554,CUST_0094,REST_125,Baskin Robbins,Bangalore,2024-04-25,19:23:06,Desserts,Nutella Brownie,1,130.0,50.0,102.81,Credit Card,Delivered,21,5.0
ORD_03555,CUST_0620,REST_124,Faasos,Pune,2024-10-09,21:17:42,Fast Food,Crispy Chicken Bucket,1,480.0,30.0,130.82,Debit Card,Delivered,47,4.5
ORD_03556,CUST_0782,REST_110,Behrouz Biryani,Delhi,2024-01-09,19:48:44,Biryani,Veg Dum Biryani,1,240.0,20.0,68.53,UPI,Delivered,19,4.5
ORD_03557,CUST_0736,REST_109,Paradise Biryani,Chennai,2024-03-16,22:08:49,Biryani,Hyderabadi Chicken Biryani,1,320.0,50.0,0.0,UPI,Delivered,51,3.0
ORD_03558,CUST_0087,REST_132,Chai Point,Kolkata,2024-08-31,19:42:45,Beverages,Iced Green Tea,1,130.0,40.0,0.0,UPI,Delivered,32,5.0
ORD_03559,CUST_0218,REST_108,The Burger Club,Pune,2024-05-10,14:58:54,Burger,Fiery Paneer Burger,2,179.0,20.0,67.81,UPI,Cancelled,0,0.0
ORD_03560,CUST_0327,REST_123,Taco Bell,Hyderabad,2024-10-19,21:17:06,Fast Food,Paneer Wrap,4,160.0,20.0,22.97,UPI,Delivered,36,5.0
ORD_03561,CUST_0525,REST_125,Baskin Robbins,Chennai,2024-05-14,13:19:47,Desserts,Gulab Jamun (2 pcs),1,80.0,0.0,57.25,Cash,Delivered,49,5.0
ORD_03562,CUST_0700,REST_107,Wendy's,Mumbai,2024-01-09,12:55:27,Burger,Classic Chicken Burger,1,199.0,30.0,38.28,UPI,Delivered,63,4.0
ORD_03563,CUST_0618,REST_122,KFC,Pune,2024-01-24,16:30:26,Fast Food,Chicken Zinger Meal,2,299.0,0.0,39.48,Debit Card,Delivered,38,5.0
ORD_03564,CUST_0539,REST_119,Wok Express,Hyderabad,2024-04-03,13:16:40,Chinese,Veg Hakka Noodles,1,180.0,0.0,0.0,UPI,Cancelled,0,0.0
ORD_03565,CUST_0022,REST_116,Saravanaa Bhavan,Hyderabad,2024-05-05,20:19:02,Indian,Kadhai Paneer,1,270.0,0.0,0.0,UPI,Delivered,54,4.5
ORD_03566,CUST_0798,REST_125,Baskin Robbins,Chennai,2024-07-03,21:40:37,Desserts,Gulab Jamun (2 pcs),1,80.0,50.0,67.68,Debit Card,Delivered,56,5.0
ORD_03567,CUST_0056,REST_124,Faasos,Kolkata,2024-04-07,09:16:22,Fast Food,Chicken Zinger Meal,1,299.0,30.0,0.0,Wallet,Delivered,30,5.0
ORD_03568,CUST_0217,REST_109,Paradise Biryani,Delhi,2024-10-11,19:13:34,Biryani,Hyderabadi Chicken Biryani,1,320.0,20.0,147.51,Debit Card,Delivered,20,2.5
ORD_03569,CUST_0573,REST_128,Belgian Waffle Co,Delhi,2024-12-21,20:27:32,Desserts,Chocolate Truffle Pastry,2,140.0,30.0,136.71,Wallet,Delivered,20,4.5
ORD_03570,CUST_0546,REST_112,Meghana Foods,Delhi,2024-05-30,12:06:54,Biryani,Mutton Dum Biryani,3,450.0,0.0,30.96,Cash,Delivered,57,4.5
ORD_03571,CUST_0490,REST_118,Wow! Momo,Hyderabad,2024-06-11,23:11:23,Chinese,Manchurian Gravy,2,210.0,0.0,0.0,Debit Card,Delivered,60,3.0
ORD_03572,CUST_0585,REST_109,Paradise Biryani,Pune,2024-04-14,20:02:10,Biryani,Hyderabadi Chicken Biryani,1,320.0,50.0,0.0,Credit Card,Pending,32,0.0
ORD_03573,CUST_0114,REST_115,Haldiram's,Ahmedabad,2024-12-19,21:03:22,Indian,Dal Makhani,1,220.0,50.0,0.0,Credit Card,Cancelled,0,0.0
ORD_03574,CUST_0386,REST_118,Wow! Momo,Delhi,2024-08-02,21:14:26,Chinese,Schezwan Veg Momos,1,150.0,0.0,122.21,Credit Card,Delivered,50,5.0
ORD_03575,CUST_0183,REST_117,Mainland China,Pune,2024-06-13,13:16:54,Chinese,Chicken Fried Rice,4,230.0,50.0,71.92,UPI,Delivered,49,5.0
ORD_03576,CUST_0454,REST_105,Burger King,Ahmedabad,2024-04-28,13:26:22,Burger,Classic Chicken Burger,1,199.0,20.0,72.54,UPI,Delivered,53,4.5
ORD_03577,CUST_0026,REST_102,Pizza Hut,Mumbai,2024-03-31,19:51:08,Pizza,Farmhouse Supreme,1,399.0,40.0,104.18,UPI,Cancelled,0,0.0
ORD_03578,CUST_0597,REST_132,Chai Point,Kolkata,2024-06-01,20:46:32,Beverages,Masala Chai (Flask),1,110.0,30.0,0.0,Cash,Delivered,49,5.0
ORD_03579,CUST_0647,REST_107,Wendy's,Bangalore,2024-12-03,17:55:30,Burger,Crispy Veg Burger,2,129.0,50.0,125.36,UPI,Delivered,45,5.0
ORD_03580,CUST_0302,REST_112,Meghana Foods,Delhi,2024-12-19,12:28:56,Biryani,Mutton Dum Biryani,2,450.0,0.0,0.0,Cash,Delivered,18,4.5
ORD_03581,CUST_0784,REST_113,Punjab Grill,Hyderabad,2024-09-23,12:54:58,Indian,Kadhai Paneer,1,270.0,30.0,143.28,Cash,Delivered,49,5.0
ORD_03582,CUST_0643,REST_119,Wok Express,Hyderabad,2024-07-18,17:24:16,Chinese,Chilli Chicken Gravy,1,270.0,50.0,38.6,UPI,Delivered,18,5.0
ORD_03583,CUST_0131,REST_105,Burger King,Bangalore,2024-10-26,19:10:12,Burger,Classic Chicken Burger,1,199.0,50.0,41.13,Cash,Delivered,29,5.0
ORD_03584,CUST_0381,REST_106,McDonald's,Delhi,2024-06-17,13:20:46,Burger,Smoky BBQ Burger,1,249.0,30.0,21.06,UPI,Delivered,60,5.0
ORD_03585,CUST_0089,REST_111,Bawarchi,Hyderabad,2024-01-28,14:03:32,Biryani,Kolkata Special Biryani,1,350.0,0.0,0.0,Wallet,Delivered,46,2.5
ORD_03586,CUST_0697,REST_121,Subway,Chennai,2024-04-28,14:00:04,Fast Food,Chicken Zinger Meal,1,299.0,30.0,109.17,UPI,Delivered,41,4.0
ORD_03587,CUST_0401,REST_121,Subway,Kolkata,2024-03-15,20:16:09,Fast Food,Chicken Zinger Meal,1,299.0,20.0,68.99,Cash,Delivered,48,3.0
ORD_03588,CUST_0178,REST_119,Wok Express,Bangalore,2024-02-20,14:51:20,Chinese,Chicken Fried Rice,1,-50.0,30.0,140.91,UPI,Delivered,39,5.0
ORD_03589,CUST_0532,REST_113,Punjab Grill,Kolkata,2024-05-19,08:49:56,Indian,Kadhai Paneer,1,270.0,50.0,25.89,Cash,Delivered,58,4.5
ORD_03590,CUST_0606,REST_121,Subway,Pune,2024-02-21,22:01:54,Fast Food,Veggie Delight Sub,2,190.0,50.0,60.76,UPI,Cancelled,0,0.0
ORD_03591,CUST_0698,REST_128,Belgian Waffle Co,Delhi,2024-08-04,21:30:03,Desserts,Chocolate Truffle Pastry,2,140.0,50.0,107.28,Credit Card,Delivered,39,5.0
ORD_03592,CUST_0183,REST_115,Haldiram's,Mumbai,2024-12-01,13:39:19,Indian,Butter Chicken,3,360.0,0.0,100.29,Debit Card,Cancelled,0,0.0
ORD_03593,CUST_0377,REST_127,Naturals Ice Cream,Mumbai,2024-02-24,14:05:05,Desserts,Chocolate Truffle Pastry,1,140.0,40.0,115.13,UPI,Delivered,21,4.5
ORD_03594,CUST_0715,REST_128,Belgian Waffle Co,Chennai,2024-07-10,12:44:24,Desserts,Gulab Jamun (2 pcs),2,80.0,30.0,0.0,UPI,Pending,26,0.0
ORD_03595,CUST_0295,REST_126,Theobroma,Bangalore,2024-11-30,20:37:39,Desserts,Nutella Brownie,1,130.0,0.0,135.99,Cash,Delivered,40,4.5
ORD_03596,CUST_0433,REST_121,Subway,Chennai,2024-03-27,09:11:14,Fast Food,Veggie Delight Sub,1,190.0,40.0,115.2,Credit Card,Delivered,30,4.5
ORD_03597,CUST_0749,REST_125,Baskin Robbins,Ahmedabad,2024-01-02,14:56:11,Desserts,Belgian Chocolate Waffle,2,160.0,40.0,0.0,Cash,Delivered,40,4.0
ORD_03598,CUST_0729,REST_116,Saravanaa Bhavan,Kolkata,2024-03-27,19:46:36,Indian,Garlic Naan Combo,1,160.0,30.0,0.0,Credit Card,Delivered,26,4.0
ORD_03599,CUST_0407,REST_123,Taco Bell,Ahmedabad,2024-11-27,22:13:01,Fast Food,Paneer Wrap,1,160.0,30.0,46.0,UPI,Pending,42,0.0
ORD_03600,CUST_0519,REST_104,La Pino'z Pizza,Hyderabad,2024-03-12,14:07:54,Pizza,Cheese Burst Pizza,1,429.0,0.0,0.0,Cash,Delivered,27,4.5
ORD_03601,CUST_0738,REST_108,The Burger Club,Delhi,2024-08-19,14:49:01,Burger,Double Whopper,1,299.0,40.0,0.0,UPI,Delivered,52,4.5
ORD_03602,CUST_0219,REST_129,Starbucks,Ahmedabad,2024-08-13,12:20:42,Beverages,Iced Green Tea,1,130.0,30.0,74.15,UPI,Delivered,26,4.5
ORD_03603,CUST_0147,REST_102,Pizza Hut,Delhi,2024-08-29,13:52:02,Pizza,Paneer Tikka Pizza,1,349.0,20.0,100.55,Credit Card,Delivered,27,4.5
ORD_03604,CUST_0528,REST_105,Burger King,Hyderabad,2024-02-01,21:12:01,Burger,Smoky BBQ Burger,3,249.0,0.0,0.0,Cash,Delivered,31,3.5
ORD_03605,CUST_0765,REST_121,Subway,Chennai,2024-03-08,19:43:56,Fast Food,Paneer Wrap,2,160.0,40.0,74.96,UPI,Pending,28,0.0
ORD_03606,CUST_0697,REST_128,Belgian Waffle Co,Chennai,2024-10-06,13:12:10,Desserts,Belgian Chocolate Waffle,2,160.0,40.0,94.05,Credit Card,Delivered,44,5.0
ORD_03607,CUST_0714,REST_118,Wow! Momo,Ahmedabad,2024-07-04,17:58:03,Chinese,Schezwan Veg Momos,4,150.0,40.0,24.67,UPI,Delivered,23,5.0
ORD_03608,CUST_0103,REST_117,Mainland China,Bangalore,2024-02-23,22:03:29,Chinese,Manchurian Gravy,1,210.0,0.0,0.0,Wallet,Delivered,59,3.0
ORD_03609,CUST_0752,REST_108,The Burger Club,Bangalore,2024-05-18,14:01:10,Burger,Smoky BBQ Burger,1,249.0,20.0,0.0,UPI,Delivered,55,5.0
ORD_03610,CUST_0187,REST_117,Mainland China,Kolkata,2024-08-11,20:18:09,Chinese,Chilli Chicken Gravy,4,270.0,40.0,58.94,Cash,Delivered,47,3.0
ORD_03611,CUST_0504,REST_108,The Burger Club,Hyderabad,2024-08-10,17:17:24,Burger,Crispy Veg Burger,1,129.0,20.0,71.21,Credit Card,Delivered,54,4.5
ORD_03612,CUST_0697,REST_115,Haldiram's,Ahmedabad,2024-11-16,20:05:06,Indian,Butter Chicken,1,360.0,40.0,62.54,Debit Card,Pending,41,0.0
ORD_03613,CUST_0320,REST_104,La Pino'z Pizza,Bangalore,2024-04-08,12:54:36,Pizza,Margherita Pizza,1,249.0,40.0,0.0,Credit Card,Delivered,27,5.0
ORD_03614,CUST_0684,REST_110,Behrouz Biryani,Chennai,2024-06-10,12:26:46,Biryani,Mutton Dum Biryani,3,450.0,0.0,96.01,Cash,Pending,38,0.0
ORD_03615,CUST_0167,REST_107,Wendy's,Chennai,2024-11-22,21:27:19,Burger,Double Whopper,1,299.0,40.0,0.0,Cash,Delivered,20,3.5
ORD_03616,CUST_0046,REST_114,Barbeque Nation,Pune,2024-09-09,22:39:17,Indian,Dal Makhani,2,220.0,30.0,109.54,UPI,Delivered,45,4.5
ORD_03617,CUST_0452,REST_106,McDonald's,Chennai,2024-12-25,13:58:37,Burger,Classic Chicken Burger,2,199.0,30.0,90.94,UPI,Delivered,25,4.5
ORD_03618,CUST_0761,REST_114,Barbeque Nation,Kolkata,2024-05-26,12:07:19,Indian,Dal Makhani,1,220.0,0.0,0.0,Cash,Delivered,57,5.0
ORD_03619,CUST_0515,REST_116,Saravanaa Bhavan,Delhi,2024-02-08,20:37:03,Indian,Dal Makhani,1,220.0,0.0,32.48,UPI,Delivered,47,
ORD_03620,CUST_0329,REST_115,Haldiram's,Ahmedabad,2024-01-09,13:22:02,Indian,Paneer Butter Masala,4,280.0,50.0,0.0,Credit Card,Pending,30,0.0
ORD_03621,CUST_0382,REST_116,Saravanaa Bhavan,Delhi,2024-01-20,21:11:46,Indian,Dal Makhani,1,220.0,0.0,50.85,Cash,Delivered,30,1.0
ORD_03622,CUST_0776,REST_123,Taco Bell,Delhi,2024-07-01,14:23:36,Fast Food,Paneer Wrap,2,160.0,30.0,0.0,Credit Card,Delivered,43,5.0
ORD_03623,CUST_0222,REST_101,Domino's Pizza,Pune,2024-02-14,22:49:00,Pizza,Cheese Burst Pizza,1,429.0,50.0,0.0,UPI,Delivered,30,4.5
ORD_03624,CUST_0294,REST_108,The Burger Club,Chennai,2024-03-20,21:21:04,Burger,Smoky BBQ Burger,1,249.0,50.0,0.0,UPI,Cancelled,0,0.0
ORD_03625,CUST_0419,REST_112,Meghana Foods,Ahmedabad,2024-03-01,13:00:11,Biryani,Hyderabadi Chicken Biryani,1,320.0,20.0,62.02,UPI,Delivered,31,4.5
ORD_03626,CUST_0614,REST_130,Chaayos,Pune,2024-04-11,12:07:12,Beverages,Cold Coffee with Ice Cream,3,150.0,0.0,142.32,UPI,Delivered,63,4.0
ORD_03627,CUST_0398,REST_106,McDonald's,Bangalore,2024-04-01,20:37:17,Burger,Fiery Paneer Burger,4,179.0,30.0,0.0,UPI,Delivered,36,4.5
ORD_03628,CUST_0135,REST_123,Taco Bell,Mumbai,2024-10-12,22:23:14,Fast Food,Paneer Wrap,2,160.0,40.0,77.09,UPI,Delivered,30,3.5
ORD_03629,CUST_0242,REST_116,Saravanaa Bhavan,Hyderabad,2024-05-20,22:22:07,Indian,Kadhai Paneer,1,270.0,0.0,39.24,UPI,Delivered,38,5.0
ORD_03630,CUST_0519,REST_125,Baskin Robbins,Pune,2024-04-11,18:49:33,Desserts,Red Velvet Jar Cake,1,175.0,0.0,75.34,Credit Card,Delivered,65,4.5
ORD_03631,CUST_0131,REST_124,Faasos,Chennai,2024-07-17,13:12:06,Fast Food,Veggie Delight Sub,3,190.0,20.0,130.53,Credit Card,Delivered,43,5.0
ORD_03632,CUST_0470,REST_120,Berco's,Kolkata,2024-03-01,12:05:18,Chinese,Veg Hakka Noodles,1,180.0,30.0,63.92,UPI,Delivered,54,5.0
ORD_03633,CUST_0175,REST_107,Wendy's,Bangalore,2024-07-07,20:00:18,Burger,Fiery Paneer Burger,1,179.0,50.0,35.49,Cash,Cancelled,0,0.0
ORD_03634,CUST_0556,REST_114,Barbeque Nation,Delhi,2024-09-12,12:39:54,Indian,Dal Makhani,2,220.0,20.0,0.0,Credit Card,Cancelled,0,0.0
ORD_03635,CUST_0333,REST_127,Naturals Ice Cream,Mumbai,2024-10-30,20:42:53,Desserts,Red Velvet Jar Cake,3,175.0,50.0,41.56,UPI,Delivered,52,4.0
ORD_03636,CUST_0113,REST_120,Berco's,Bangalore,2024-12-17,13:22:50,Chinese,Manchurian Gravy,1,210.0,30.0,57.39,Credit Card,Cancelled,0,0.0
ORD_03637,CUST_0665,REST_127,Naturals Ice Cream,Pune,2024-04-03,14:56:19,Desserts,Nutella Brownie,4,130.0,0.0,88.24,Cash,Delivered,36,4.5
ORD_03638,CUST_0134,REST_129,Starbucks,Ahmedabad,2024-06-26,14:07:39,Beverages,Iced Green Tea,2,130.0,30.0,0.0,Credit Card,Delivered,37,4.0
ORD_03639,CUST_0593,REST_107,Wendy's,Delhi,2024-01-23,11:51:16,Burger,Classic Chicken Burger,1,199.0,0.0,73.24,UPI,Delivered,42,5.0
ORD_03640,CUST_0362,REST_119,Wok Express,Bangalore,2024-08-14,08:16:23,Chinese,Chicken Fried Rice,1,230.0,0.0,144.47,Debit Card,Delivered,41,5.0
ORD_03641,CUST_0691,REST_119,Wok Express,Ahmedabad,2024-07-10,15:25:21,Chinese,Schezwan Veg Momos,1,150.0,50.0,0.0,Credit Card,Delivered,47,5.0
ORD_03642,CUST_0465,REST_111,Bawarchi,Delhi,2024-07-11,13:07:46,Biryani,Hyderabadi Chicken Biryani,4,320.0,0.0,91.42,Debit Card,Delivered,25,4.0
ORD_03643,CUST_0632,REST_121,Subway,Ahmedabad,2024-12-15,13:44:16,Fast Food,Paneer Wrap,1,160.0,30.0,0.0,UPI,Delivered,29,5.0
ORD_03644,CUST_0610,REST_123,Taco Bell,Delhi,2024-03-27,14:28:30,Fast Food,Veggie Delight Sub,2,190.0,20.0,52.19,Cash,Delivered,38,3.0
ORD_03645,CUST_0140,REST_103,Ovenstory Pizza,Bangalore,2024-09-14,22:59:11,Pizza,Farmhouse Supreme,3,399.0,50.0,0.0,Cash,Delivered,61,4.5
ORD_03646,CUST_0255,REST_116,Saravanaa Bhavan,Kolkata,2024-11-19,12:09:13,Indian,Paneer Butter Masala,1,280.0,0.0,53.46,Debit Card,Delivered,40,3.5
ORD_03647,CUST_0441,REST_111,Bawarchi,Hyderabad,2024-07-20,12:04:56,Biryani,Hyderabadi Chicken Biryani,1,320.0,40.0,66.08,UPI,Delivered,42,5.0
ORD_03648,CUST_0504,REST_113,Punjab Grill,Mumbai,2024-07-30,22:42:45,Indian,Butter Chicken,1,360.0,40.0,45.02,UPI,Delivered,50,5.0
ORD_03649,CUST_0342,REST_108,The Burger Club,Hyderabad,2024-10-06,20:32:32,Burger,Classic Chicken Burger,2,199.0,40.0,44.54,Cash,Cancelled,0,0.0
ORD_03650,CUST_0252,REST_105,Burger King,Chennai,2024-10-14,13:51:33,Burger,Classic Chicken Burger,1,199.0,20.0,46.22,Cash,Delivered,65,4.0
ORD_03651,CUST_0347,REST_104,La Pino'z Pizza,Mumbai,2024-08-06,21:03:51,Pizza,Margherita Pizza,4,249.0,40.0,23.95,UPI,Delivered,36,2.5
ORD_03652,CUST_0333,REST_122,KFC,Kolkata,2024-11-18,20:28:35,Fast Food,Cheesy French Fries,3,120.0,20.0,0.0,UPI,Delivered,32,3.0
ORD_03653,CUST_0668,REST_122,KFC,Hyderabad,2024-02-08,18:40:43,Fast Food,Crispy Chicken Bucket,3,480.0,0.0,27.01,Debit Card,Pending,26,0.0
ORD_03654,CUST_0789,REST_125,Baskin Robbins,Mumbai,2024-02-08,14:31:54,Desserts,Gulab Jamun (2 pcs),4,-50.0,40.0,45.71,Credit Card,Delivered,21,4.5
ORD_03655,CUST_0055,REST_104,La Pino'z Pizza,Kolkata,2024-01-15,19:34:14,Pizza,Farmhouse Supreme,1,399.0,30.0,0.0,Credit Card,Delivered,36,4.0
ORD_03656,CUST_0636,REST_118,Wow! Momo,Mumbai,2024-10-16,14:20:14,Chinese,Manchurian Gravy,1,210.0,20.0,67.53,UPI,Delivered,60,4.5
ORD_03657,CUST_0667,REST_106,McDonald's,Delhi,2024-02-10,19:08:26,Burger,Classic Chicken Burger,2,199.0,50.0,0.0,Credit Card,Delivered,62,5.0
ORD_03658,CUST_0179,REST_114,Barbeque Nation,Ahmedabad,2024-07-28,18:26:01,Indian,Kadhai Paneer,2,270.0,40.0,149.49,UPI,Delivered,50,4.5
ORD_03659,CUST_0053,REST_107,Wendy's,Hyderabad,2024-10-17,13:21:36,Burger,Fiery Paneer Burger,1,179.0,20.0,33.91,UPI,Delivered,59,4.0
ORD_03660,CUST_0632,REST_104,La Pino'z Pizza,Hyderabad,2024-06-07,21:16:38,Pizza,Cheese Burst Pizza,2,429.0,0.0,29.27,Credit Card,Delivered,48,5.0
ORD_03661,CUST_0318,REST_121,Subway,Pune,2024-10-11,12:04:32,Fast Food,Veggie Delight Sub,1,190.0,40.0,149.98,UPI,Delivered,52,4.0
ORD_03662,CUST_0712,REST_129,Starbucks,Hyderabad,2024-02-26,22:00:32,Beverages,Cold Coffee with Ice Cream,2,150.0,30.0,0.0,Credit Card,Delivered,32,4.0
ORD_03663,CUST_0138,REST_128,Belgian Waffle Co,Kolkata,2024-02-15,10:36:43,Desserts,Red Velvet Jar Cake,2,175.0,0.0,81.49,Cash,Delivered,61,4.0
ORD_03664,CUST_0363,REST_108,The Burger Club,Bangalore,2024-07-01,22:11:43,Burger,Classic Chicken Burger,3,199.0,0.0,75.52,Wallet,Delivered,51,4.0
ORD_03665,CUST_0658,REST_117,Mainland China,Pune,2024-05-02,13:10:10,Chinese,Chilli Chicken Gravy,1,270.0,30.0,0.0,Wallet,Delivered,64,4.0
ORD_03666,CUST_0774,REST_115,Haldiram's,Chennai,2024-10-01,14:02:46,Indian,Dal Makhani,4,220.0,20.0,0.0,UPI,Cancelled,0,0.0
ORD_03667,CUST_0074,REST_116,Saravanaa Bhavan,Mumbai,2024-08-19,19:00:50,Indian,Garlic Naan Combo,1,160.0,30.0,30.63,Cash,Delivered,55,5.0
ORD_03668,CUST_0557,REST_107,Wendy's,Kolkata,2024-11-16,21:02:42,Burger,Crispy Veg Burger,1,129.0,30.0,107.37,Debit Card,Delivered,55,4.5
ORD_03669,CUST_0535,REST_106,McDonald's,Delhi,2024-01-25,14:02:20,Burger,Crispy Veg Burger,2,129.0,50.0,141.9,Cash,Delivered,61,4.5
ORD_03670,CUST_0258,REST_122,KFC,Bangalore,2024-08-27,14:26:30,Fast Food,Chicken Zinger Meal,2,299.0,20.0,141.61,Cash,Delivered,49,4.0
ORD_03671,CUST_0650,REST_116,Saravanaa Bhavan,Ahmedabad,2024-04-17,13:29:07,Indian,Butter Chicken,5,360.0,0.0,66.29,Wallet,Cancelled,0,0.0
ORD_03672,CUST_0618,REST_126,Theobroma,Pune,2024-04-27,19:41:51,Desserts,Gulab Jamun (2 pcs),1,80.0,40.0,60.61,UPI,Delivered,18,4.0
ORD_03673,CUST_0677,REST_122,KFC,Pune,2024-02-06,14:52:52,Fast Food,Veggie Delight Sub,2,190.0,20.0,70.66,UPI,Delivered,56,5.0
ORD_03674,CUST_0708,REST_127,Naturals Ice Cream,Kolkata,2024-01-08,22:10:16,Desserts,Belgian Chocolate Waffle,1,160.0,30.0,61.68,Cash,Pending,23,0.0
ORD_03675,CUST_0221,REST_128,Belgian Waffle Co,Delhi,2024-02-18,12:03:14,Desserts,Belgian Chocolate Waffle,1,160.0,50.0,0.0,Wallet,Cancelled,0,0.0
ORD_03676,CUST_0129,REST_109,Paradise Biryani,Delhi,2024-12-10,21:55:43,Biryani,Kolkata Special Biryani,2,350.0,0.0,49.44,UPI,Delivered,18,4.0
ORD_03677,CUST_0683,REST_129,Starbucks,Delhi,2024-09-16,13:51:09,Beverages,Iced Green Tea,1,130.0,0.0,32.92,Wallet,Delivered,62,4.5
ORD_03678,CUST_0156,REST_128,Belgian Waffle Co,Pune,2024-04-25,21:56:55,Desserts,Gulab Jamun (2 pcs),1,80.0,40.0,81.7,UPI,Delivered,51,4.5
ORD_03679,CUST_0778,REST_107,Wendy's,Chennai,2024-06-28,22:50:54,Burger,Fiery Paneer Burger,2,179.0,0.0,0.0,UPI,Delivered,38,5.0
ORD_03680,CUST_0126,REST_129,Starbucks,Pune,2024-08-08,14:45:47,Beverages,Iced Green Tea,3,130.0,20.0,149.86,Credit Card,Delivered,59,3.5
ORD_03681,CUST_0474,REST_114,Barbeque Nation,Delhi,2024-12-06,19:44:37,Indian,Butter Chicken,2,360.0,20.0,0.0,Debit Card,Delivered,20,5.0
ORD_03682,CUST_0248,REST_111,Bawarchi,Pune,2024-10-17,21:15:47,Biryani,Kolkata Special Biryani,2,350.0,50.0,92.97,UPI,Delivered,23,3.0
ORD_03683,CUST_0390,REST_117,Mainland China,Bangalore,2024-08-07,19:53:04,Chinese,Chilli Chicken Gravy,1,270.0,0.0,60.88,Debit Card,Delivered,23,4.5
ORD_03684,CUST_0153,REST_122,KFC,Pune,2024-07-16,17:22:01,Fast Food,Chicken Zinger Meal,2,299.0,50.0,0.0,Cash,Delivered,21,2.5
ORD_03685,CUST_0309,REST_125,Baskin Robbins,Hyderabad,2024-06-22,20:48:42,Desserts,Red Velvet Jar Cake,2,175.0,40.0,147.31,Debit Card,Pending,41,0.0
ORD_03686,CUST_0320,REST_122,KFC,Delhi,2024-03-20,20:50:51,Fast Food,Crispy Chicken Bucket,1,480.0,40.0,0.0,UPI,Delivered,33,4.0
ORD_03687,CUST_0518,REST_124,Faasos,Ahmedabad,2024-08-27,22:23:27,Fast Food,Veggie Delight Sub,4,190.0,30.0,21.19,Cash,Delivered,26,5.0
ORD_03688,CUST_0792,REST_117,Mainland China,Kolkata,2024-09-10,21:44:05,Chinese,Chicken Fried Rice,1,230.0,20.0,145.1,Cash,Cancelled,0,0.0
ORD_03689,CUST_0328,REST_110,Behrouz Biryani,Kolkata,2024-06-14,21:51:08,Biryani,Veg Dum Biryani,1,240.0,30.0,144.15,UPI,Cancelled,0,0.0
ORD_03690,CUST_0755,REST_111,Bawarchi,Hyderabad,2024-09-27,11:15:13,Biryani,Veg Dum Biryani,2,240.0,20.0,0.0,UPI,Delivered,58,3.0
ORD_03691,CUST_0127,REST_130,Chaayos,Hyderabad,2024-12-22,21:30:45,Beverages,Caffe Latte,2,220.0,0.0,60.84,UPI,Delivered,41,4.0
ORD_03692,CUST_0156,REST_105,Burger King,Delhi,2024-09-21,14:35:13,Burger,Crispy Veg Burger,2,129.0,0.0,52.16,UPI,Delivered,20,4.5
ORD_03693,CUST_0193,REST_125,Baskin Robbins,Delhi,2024-01-10,12:35:36,Desserts,Red Velvet Jar Cake,1,175.0,50.0,50.01,UPI,Delivered,38,3.0
ORD_03694,CUST_0532,REST_110,Behrouz Biryani,Pune,2024-09-15,08:23:34,Biryani,Veg Dum Biryani,1,240.0,40.0,72.32,Cash,Delivered,47,4.5
ORD_03695,CUST_0053,REST_119,Wok Express,Bangalore,2024-05-13,20:41:22,Chinese,Schezwan Veg Momos,4,150.0,50.0,54.86,UPI,Delivered,19,4.0
ORD_03696,CUST_0598,REST_129,Starbucks,Bangalore,2024-10-22,22:58:23,Beverages,Caffe Latte,1,220.0,20.0,144.64,Debit Card,Delivered,53,4.5
ORD_03697,CUST_0309,REST_126,Theobroma,Ahmedabad,2024-04-07,14:48:06,Desserts,Gulab Jamun (2 pcs),1,80.0,50.0,62.05,UPI,Delivered,64,2.5
ORD_03698,CUST_0799,REST_119,Wok Express,Hyderabad,2024-05-21,22:29:36,Chinese,Chilli Chicken Gravy,3,270.0,20.0,29.48,UPI,Delivered,40,4.0
ORD_03699,CUST_0686,REST_108,The Burger Club,Delhi,2024-10-30,19:45:18,Burger,Classic Chicken Burger,1,199.0,40.0,48.57,UPI,Delivered,51,4.0
ORD_03700,CUST_0730,REST_129,Starbucks,Kolkata,2024-09-04,19:06:16,Beverages,Cold Coffee with Ice Cream,3,150.0,20.0,0.0,UPI,Delivered,55,4.5
ORD_03701,CUST_0360,REST_122,KFC,Kolkata,2024-10-27,19:01:38,Fast Food,Veggie Delight Sub,2,190.0,30.0,0.0,UPI,Delivered,52,4.5
ORD_03702,CUST_0547,REST_105,Burger King,Pune,2024-05-25,21:28:25,Burger,Fiery Paneer Burger,1,179.0,20.0,31.75,UPI,Delivered,18,4.0
ORD_03703,CUST_0595,REST_113,Punjab Grill,Ahmedabad,2024-08-05,19:29:29,Indian,Butter Chicken,1,360.0,40.0,93.81,UPI,Cancelled,0,0.0
ORD_03704,CUST_0699,REST_103,Ovenstory Pizza,Ahmedabad,2024-06-21,11:44:43,Pizza,Farmhouse Supreme,3,399.0,20.0,0.0,Wallet,Delivered,32,4.0
ORD_03705,CUST_0482,REST_131,Cafe Coffee Day,Bangalore,2024-08-04,12:32:32,Beverages,Iced Green Tea,1,130.0,30.0,0.0,UPI,Cancelled,0,0.0
ORD_03706,CUST_0050,REST_123,Taco Bell,Delhi,2024-07-14,20:13:58,Fast Food,Veggie Delight Sub,1,190.0,40.0,63.49,Debit Card,Delivered,39,4.5
ORD_03707,CUST_0562,REST_126,Theobroma,Chennai,2024-07-09,12:01:47,Desserts,Chocolate Truffle Pastry,2,140.0,0.0,41.59,Cash,Delivered,43,5.0
ORD_03708,CUST_0082,REST_120,Berco's,Delhi,2024-05-11,19:52:32,Chinese,Schezwan Veg Momos,2,150.0,20.0,55.57,Wallet,Delivered,24,4.0
ORD_03709,CUST_0605,REST_110,Behrouz Biryani,Chennai,2024-07-31,13:13:50,Biryani,Kolkata Special Biryani,2,350.0,40.0,0.0,UPI,Delivered,62,4.0
ORD_03710,CUST_0551,REST_123,Taco Bell,Hyderabad,2024-04-28,17:21:29,Fast Food,Chicken Zinger Meal,1,299.0,40.0,0.0,UPI,Delivered,47,4.5
ORD_03711,CUST_0705,REST_129,Starbucks,Mumbai,2024-05-06,22:32:06,Beverages,Caffe Latte,2,220.0,0.0,0.0,UPI,Delivered,28,3.5
ORD_03712,CUST_0604,REST_129,Starbucks,Ahmedabad,2024-12-13,21:58:34,Beverages,Masala Chai (Flask),1,110.0,40.0,0.0,UPI,Delivered,33,4.5
ORD_03713,CUST_0034,REST_114,Barbeque Nation,Pune,2024-08-22,13:16:46,Indian,Kadhai Paneer,5,270.0,30.0,0.0,UPI,Delivered,18,2.0
ORD_03714,CUST_0612,REST_124,Faasos,Ahmedabad,2024-12-29,22:45:26,Fast Food,Chicken Zinger Meal,3,299.0,40.0,51.48,Credit Card,Delivered,29,4.5
ORD_03715,CUST_0200,REST_104,La Pino'z Pizza,Pune,2024-09-22,14:54:36,Pizza,Cheese Burst Pizza,1,429.0,50.0,122.17,Credit Card,Delivered,64,4.5
ORD_03716,CUST_0717,REST_105,Burger King,Hyderabad,2024-04-06,12:17:00,Burger,Crispy Veg Burger,1,129.0,20.0,0.0,UPI,Delivered,63,2.5
ORD_03717,CUST_0794,REST_131,Cafe Coffee Day,Pune,2024-06-13,12:46:46,Beverages,Masala Chai (Flask),3,110.0,20.0,143.64,UPI,Delivered,59,4.5
ORD_03718,CUST_0534,REST_103,Ovenstory Pizza,Chennai,2024-06-18,21:11:00,Pizza,Cheese Burst Pizza,1,429.0,50.0,130.17,UPI,Delivered,32,4.0
ORD_03719,CUST_0097,REST_111,Bawarchi,Chennai,2024-12-12,14:03:50,Biryani,Mutton Dum Biryani,1,450.0,40.0,88.36,UPI,Delivered,53,3.5
ORD_03720,CUST_0756,REST_127,Naturals Ice Cream,Pune,2024-04-24,13:14:40,Desserts,Gulab Jamun (2 pcs),1,80.0,0.0,0.0,UPI,Delivered,23,3.5
ORD_03721,CUST_0585,REST_124,Faasos,Mumbai,2024-03-31,12:17:31,Fast Food,Crispy Chicken Bucket,2,480.0,20.0,0.0,Debit Card,Delivered,33,4.0
ORD_03722,CUST_0196,REST_101,Domino's Pizza,Ahmedabad,2024-10-02,22:17:09,Pizza,Paneer Tikka Pizza,2,349.0,20.0,66.8,UPI,Delivered,58,4.5
ORD_03723,CUST_0779,REST_102,Pizza Hut,Mumbai,2024-06-02,19:14:02,Pizza,Pepperoni Feast,2,499.0,0.0,0.0,UPI,Delivered,49,5.0
ORD_03724,CUST_0193,REST_117,Mainland China,Pune,2024-05-20,19:53:06,Chinese,Schezwan Veg Momos,4,150.0,0.0,29.99,UPI,Delivered,63,3.5
ORD_03725,CUST_0591,REST_101,Domino's Pizza,Kolkata,2024-03-06,20:56:47,Pizza,Margherita Pizza,1,249.0,0.0,0.0,Cash,Delivered,63,4.5
ORD_03726,CUST_0520,REST_118,Wow! Momo,Delhi,2024-04-29,20:08:06,Chinese,Schezwan Veg Momos,2,150.0,50.0,0.0,Debit Card,Delivered,23,4.5
ORD_03727,CUST_0348,REST_109,Paradise Biryani,Hyderabad,2024-06-17,14:41:19,Biryani,Hyderabadi Chicken Biryani,5,320.0,20.0,139.2,Credit Card,Delivered,36,3.0
ORD_03728,CUST_0652,REST_107,Wendy's,Kolkata,2024-11-15,22:38:50,Burger,Crispy Veg Burger,1,129.0,0.0,33.29,Credit Card,Delivered,59,4.0
ORD_03729,CUST_0106,REST_123,Taco Bell,Delhi,2024-02-28,22:03:05,Fast Food,Veggie Delight Sub,2,190.0,0.0,75.09,Debit Card,Delivered,53,4.5
ORD_03730,CUST_0417,REST_124,Faasos,Chennai,2024-11-27,14:01:39,Fast Food,Veggie Delight Sub,1,190.0,20.0,30.48,Credit Card,Delivered,62,4.0
ORD_03731,CUST_0625,REST_111,Bawarchi,Ahmedabad,2024-01-27,18:24:22,Biryani,Mutton Dum Biryani,1,450.0,40.0,25.2,Credit Card,Delivered,22,3.0
ORD_03732,CUST_0632,REST_117,Mainland China,Chennai,2024-04-26,22:08:20,Chinese,Veg Hakka Noodles,2,180.0,20.0,29.08,Credit Card,Delivered,20,4.5
ORD_03733,CUST_0406,REST_132,Chai Point,Pune,2024-10-21,19:45:43,Beverages,Cold Coffee with Ice Cream,4,150.0,20.0,85.57,Credit Card,Delivered,35,5.0
ORD_03734,CUST_0095,REST_127,Naturals Ice Cream,Pune,2024-12-17,21:50:27,Desserts,Belgian Chocolate Waffle,0,160.0,20.0,0.0,Credit Card,Delivered,25,4.5
ORD_03735,CUST_0014,REST_122,KFC,Chennai,2024-10-08,22:02:21,Fast Food,Chicken Zinger Meal,2,299.0,40.0,0.0,Credit Card,Delivered,48,5.0
ORD_03736,CUST_0410,REST_122,KFC,Delhi,2024-05-18,19:14:12,Fast Food,Veggie Delight Sub,1,190.0,20.0,0.0,Cash,Delivered,47,4.5
ORD_03737,CUST_0215,REST_102,Pizza Hut,Delhi,2024-09-14,20:02:41,Pizza,Margherita Pizza,1,249.0,30.0,0.0,Cash,Pending,28,0.0
ORD_03738,CUST_0349,REST_127,Naturals Ice Cream,Kolkata,2024-07-05,22:47:16,Desserts,Nutella Brownie,2,130.0,50.0,145.73,UPI,Cancelled,0,0.0
ORD_03739,CUST_0685,REST_109,Paradise Biryani,Chennai,2024-07-09,21:17:38,Biryani,Paneer Biryani,1,260.0,50.0,0.0,Debit Card,Delivered,62,4.5
ORD_03740,CUST_0598,REST_118,Wow! Momo,Chennai,2024-09-19,21:42:32,Chinese,Chicken Fried Rice,3,230.0,30.0,0.0,Wallet,Cancelled,0,0.0
ORD_03741,CUST_0421,REST_103,Ovenstory Pizza,Hyderabad,2024-06-13,18:01:36,Pizza,Cheese Burst Pizza,4,429.0,30.0,114.86,Credit Card,Delivered,22,3.5
ORD_03742,CUST_0567,REST_105,Burger King,Bangalore,2024-10-15,19:06:10,Burger,Classic Chicken Burger,1,199.0,50.0,68.15,UPI,Delivered,24,2.5
ORD_03743,CUST_0386,REST_124,Faasos,Kolkata,2024-11-18,12:00:03,Fast Food,Veggie Delight Sub,4,190.0,30.0,135.94,UPI,Delivered,20,5.0
ORD_03744,CUST_0303,REST_131,Cafe Coffee Day,Mumbai,2024-07-25,12:16:59,Beverages,Masala Chai (Flask),1,110.0,40.0,100.52,Wallet,Delivered,50,5.0
ORD_03745,CUST_0631,REST_111,Bawarchi,Pune,2024-08-22,19:42:25,Biryani,Kolkata Special Biryani,0,350.0,40.0,102.3,Credit Card,Delivered,47,4.5
ORD_03746,CUST_0218,REST_127,Naturals Ice Cream,Hyderabad,2024-09-17,22:07:05,Desserts,Belgian Chocolate Waffle,1,160.0,50.0,109.47,UPI,Delivered,29,5.0
ORD_03747,CUST_0417,REST_115,Haldiram's,Bangalore,2024-04-12,12:32:58,Indian,Dal Makhani,1,220.0,30.0,59.23,UPI,Delivered,36,4.5
ORD_03748,CUST_0071,REST_114,Barbeque Nation,Ahmedabad,2024-07-31,09:07:03,Indian,Butter Chicken,4,360.0,50.0,110.84,Credit Card,Delivered,31,5.0
ORD_03749,CUST_0038,REST_121,Subway,Hyderabad,2024-12-10,19:58:19,Fast Food,Chicken Zinger Meal,2,299.0,50.0,55.06,Cash,Delivered,50,3.5
ORD_03750,CUST_0568,REST_125,Baskin Robbins,Ahmedabad,2024-12-08,22:57:25,Desserts,Nutella Brownie,1,130.0,0.0,0.0,UPI,Cancelled,0,0.0
ORD_03751,CUST_0290,REST_128,Belgian Waffle Co,Bangalore,2024-03-14,14:40:09,Desserts,Red Velvet Jar Cake,1,175.0,20.0,61.13,UPI,Delivered,47,5.0
ORD_03752,CUST_0387,REST_130,Chaayos,Mumbai,2024-12-14,12:59:50,Beverages,Mango Smoothie,2,160.0,40.0,44.55,UPI,Delivered,62,4.5
ORD_03753,CUST_0762,REST_108,The Burger Club,Ahmedabad,2024-01-15,13:25:07,Burger,Classic Chicken Burger,4,199.0,20.0,94.15,Debit Card,Delivered,39,4.0
ORD_03754,CUST_0706,REST_108,The Burger Club,Chennai,2024-05-18,12:27:06,Burger,Fiery Paneer Burger,1,179.0,50.0,21.42,Cash,Cancelled,0,0.0
ORD_03755,CUST_0490,REST_114,Barbeque Nation,Delhi,2024-11-22,23:00:14,Indian,Kadhai Paneer,2,270.0,0.0,62.03,Wallet,Delivered,30,3.5
ORD_03756,CUST_0686,REST_121,Subway,Mumbai,2024-10-01,22:03:25,Fast Food,Paneer Wrap,2,160.0,20.0,0.0,Cash,Pending,31,0.0
ORD_03757,CUST_0586,REST_105,Burger King,Delhi,2024-01-07,22:55:22,Burger,Double Whopper,1,299.0,20.0,56.08,UPI,Delivered,36,4.0
ORD_03758,CUST_0399,REST_128,Belgian Waffle Co,Delhi,2024-04-13,20:12:20,Desserts,Chocolate Truffle Pastry,1,140.0,30.0,0.0,Wallet,Delivered,18,5.0
ORD_03759,CUST_0021,REST_124,Faasos,Mumbai,2024-12-14,14:45:31,Fast Food,Cheesy French Fries,1,120.0,30.0,138.72,UPI,Delivered,33,4.5
ORD_03760,CUST_0221,REST_130,Chaayos,Bangalore,2024-12-08,21:43:17,Beverages,Masala Chai (Flask),1,110.0,50.0,140.91,Cash,Delivered,65,4.5
ORD_03761,CUST_0668,REST_107,Wendy's,Mumbai,2024-07-21,21:44:22,Burger,Double Whopper,2,299.0,40.0,29.37,UPI,Delivered,43,4.5
ORD_03762,CUST_0049,REST_106,McDonald's,Kolkata,2024-02-12,13:39:37,Burger,Smoky BBQ Burger,1,249.0,0.0,93.18,Credit Card,Delivered,53,3.5
ORD_03763,CUST_0645,REST_127,Naturals Ice Cream,Hyderabad,2024-01-21,09:50:07,Desserts,Gulab Jamun (2 pcs),1,80.0,0.0,93.18,UPI,Pending,33,0.0
ORD_03764,CUST_0182,REST_124,Faasos,Hyderabad,2024-03-04,16:52:12,Fast Food,Veggie Delight Sub,1,190.0,40.0,0.0,Credit Card,Delivered,38,4.5
ORD_03765,CUST_0071,REST_125,Baskin Robbins,Hyderabad,2024-09-15,22:49:08,Desserts,Gulab Jamun (2 pcs),2,80.0,50.0,27.81,UPI,Delivered,62,5.0
ORD_03766,CUST_0123,REST_132,Chai Point,Mumbai,2024-12-25,19:00:49,Beverages,Iced Green Tea,4,130.0,50.0,50.2,UPI,Delivered,32,4.0
ORD_03767,CUST_0601,REST_119,Wok Express,Hyderabad,2024-02-06,14:07:55,Chinese,Schezwan Veg Momos,1,150.0,40.0,0.0,UPI,Delivered,23,5.0
ORD_03768,CUST_0081,REST_110,Behrouz Biryani,Hyderabad,2024-04-02,20:56:25,Biryani,Hyderabadi Chicken Biryani,1,320.0,40.0,44.26,Wallet,Delivered,23,4.5
ORD_03769,CUST_0203,REST_102,Pizza Hut,Kolkata,2024-03-06,20:32:46,Pizza,Farmhouse Supreme,2,399.0,50.0,35.1,UPI,Cancelled,0,0.0
ORD_03770,CUST_0103,REST_126,Theobroma,Delhi,2024-03-22,19:56:19,Desserts,Nutella Brownie,2,130.0,40.0,39.04,Cash,Delivered,65,4.0
ORD_03771,CUST_0388,REST_128,Belgian Waffle Co,Ahmedabad,2024-03-06,12:01:47,Desserts,Nutella Brownie,1,130.0,40.0,0.0,Debit Card,Pending,45,0.0
ORD_03772,CUST_0443,REST_115,Haldiram's,Chennai,2024-09-25,12:23:43,Indian,Paneer Butter Masala,1,280.0,30.0,0.0,Credit Card,Delivered,40,5.0
ORD_03773,CUST_0377,REST_118,Wow! Momo,Ahmedabad,2024-01-25,12:54:34,Chinese,Veg Hakka Noodles,1,180.0,30.0,45.04,Credit Card,Delivered,34,4.0
ORD_03774,CUST_0238,REST_108,The Burger Club,Mumbai,2024-10-01,22:23:50,Burger,Crispy Veg Burger,2,129.0,20.0,92.2,Credit Card,Delivered,41,4.0
ORD_03775,CUST_0781,REST_101,Domino's Pizza,Pune,2024-04-02,14:32:15,Pizza,Farmhouse Supreme,2,399.0,40.0,100.16,Credit Card,Cancelled,0,0.0
ORD_03776,CUST_0599,REST_114,Barbeque Nation,Chennai,2024-11-26,19:13:59,Indian,Kadhai Paneer,3,270.0,20.0,0.0,Credit Card,Delivered,62,4.5
ORD_03777,CUST_0264,REST_103,Ovenstory Pizza,Ahmedabad,2024-05-08,20:37:10,Pizza,Farmhouse Supreme,1,399.0,20.0,118.53,UPI,Delivered,46,5.0
ORD_03778,CUST_0100,REST_105,Burger King,Hyderabad,2024-09-23,20:49:33,Burger,Classic Chicken Burger,1,199.0,50.0,64.16,UPI,Cancelled,0,0.0
ORD_03779,CUST_0394,REST_129,Starbucks,Kolkata,2024-02-23,14:43:28,Beverages,Masala Chai (Flask),2,110.0,0.0,0.0,UPI,Delivered,26,4.5
ORD_03780,CUST_0284,REST_113,Punjab Grill,Pune,2024-06-23,23:34:47,Indian,Butter Chicken,1,360.0,20.0,0.0,Cash,Delivered,47,3.0
ORD_03781,CUST_0798,REST_114,Barbeque Nation,Mumbai,2024-02-26,14:10:17,Indian,Paneer Butter Masala,1,280.0,40.0,0.0,Debit Card,Delivered,54,2.5
ORD_03782,CUST_0306,REST_107,Wendy's,Chennai,2024-11-02,14:13:44,Burger,Crispy Veg Burger,1,129.0,40.0,134.22,Debit Card,Delivered,55,4.0
ORD_03783,CUST_0225,REST_105,Burger King,Ahmedabad,2024-10-30,12:12:14,Burger,Classic Chicken Burger,2,199.0,50.0,0.0,UPI,Pending,24,0.0
ORD_03784,CUST_0188,REST_118,Wow! Momo,Bangalore,2024-06-10,11:06:27,Chinese,Schezwan Veg Momos,1,150.0,50.0,60.95,Debit Card,Delivered,46,2.5
ORD_03785,CUST_0073,REST_120,Berco's,Delhi,2024-08-26,20:12:07,Chinese,Schezwan Veg Momos,2,150.0,50.0,114.27,Cash,Delivered,59,4.0
ORD_03786,CUST_0770,REST_105,Burger King,Pune,2024-10-20,20:35:14,Burger,Smoky BBQ Burger,2,249.0,30.0,145.56,Credit Card,Delivered,26,4.5
ORD_03787,CUST_0047,REST_124,Faasos,Hyderabad,2024-11-20,13:41:19,Fast Food,Cheesy French Fries,1,120.0,50.0,133.12,Cash,Delivered,18,5.0
ORD_03788,CUST_0644,REST_112,Meghana Foods,Chennai,2024-08-27,13:28:20,Biryani,Kolkata Special Biryani,1,350.0,50.0,50.83,UPI,Pending,40,0.0
ORD_03789,CUST_0606,REST_117,Mainland China,Bangalore,2024-04-13,12:51:11,Chinese,Chicken Fried Rice,4,230.0,30.0,114.03,Cash,Delivered,36,4.5
ORD_03790,CUST_0787,REST_103,Ovenstory Pizza,Bangalore,2024-08-27,19:36:08,Pizza,Pepperoni Feast,1,499.0,40.0,113.01,Credit Card,Delivered,35,4.0
ORD_03791,CUST_0168,REST_106,McDonald's,Pune,2024-06-09,22:01:02,Burger,Crispy Veg Burger,1,129.0,0.0,74.42,UPI,Delivered,27,3.0
ORD_03792,CUST_0681,REST_111,Bawarchi,Bangalore,2024-03-19,20:29:26,Biryani,Kolkata Special Biryani,2,350.0,50.0,129.24,Debit Card,Delivered,40,5.0
ORD_03793,CUST_0659,REST_129,Starbucks,Pune,2024-08-13,22:03:04,Beverages,Caffe Latte,3,220.0,50.0,148.14,Debit Card,Pending,31,0.0
ORD_03794,CUST_0362,REST_111,Bawarchi,Hyderabad,2024-10-11,20:29:05,Biryani,Kolkata Special Biryani,5,350.0,40.0,23.95,Credit Card,Cancelled,0,0.0
ORD_03795,CUST_0714,REST_105,Burger King,Pune,2024-10-06,22:51:21,Burger,Fiery Paneer Burger,3,179.0,50.0,101.96,Cash,Delivered,58,3.0
ORD_03796,CUST_0617,REST_131,Cafe Coffee Day,Hyderabad,2024-09-14,12:36:23,Beverages,Cold Coffee with Ice Cream,1,150.0,30.0,149.01,Debit Card,Delivered,18,2.5
ORD_03797,CUST_0265,REST_107,Wendy's,Ahmedabad,2024-08-10,13:33:21,Burger,Crispy Veg Burger,3,129.0,0.0,89.53,UPI,Delivered,52,3.0
ORD_03798,CUST_0065,REST_126,Theobroma,Chennai,2024-02-12,22:40:18,Desserts,Nutella Brownie,1,130.0,40.0,112.97,UPI,Delivered,26,3.0
ORD_03799,CUST_0282,REST_101,Domino's Pizza,Ahmedabad,2024-07-20,14:23:56,Pizza,Pepperoni Feast,1,499.0,20.0,84.66,UPI,Delivered,32,4.5
ORD_03800,CUST_0097,REST_118,Wow! Momo,Hyderabad,2024-05-08,23:27:14,Chinese,Veg Hakka Noodles,1,180.0,50.0,74.98,Wallet,Delivered,53,5.0
ORD_03801,CUST_0401,REST_115,Haldiram's,Kolkata,2024-02-05,21:59:32,Indian,Kadhai Paneer,1,270.0,40.0,0.0,Debit Card,Delivered,46,4.5
ORD_03802,CUST_0717,REST_119,Wok Express,Bangalore,2024-03-04,13:34:07,Chinese,Manchurian Gravy,2,210.0,20.0,63.35,UPI,Delivered,53,4.5
ORD_03803,CUST_0231,REST_131,Cafe Coffee Day,Bangalore,2024-02-17,23:03:23,Beverages,Masala Chai (Flask),4,110.0,30.0,77.02,Debit Card,Delivered,49,5.0
ORD_03804,CUST_0303,REST_116,Saravanaa Bhavan,Delhi,2024-01-21,09:50:54,Indian,Kadhai Paneer,1,270.0,30.0,72.2,UPI,Delivered,62,4.5
ORD_03805,CUST_0565,REST_128,Belgian Waffle Co,Ahmedabad,2024-04-14,12:00:17,Desserts,Belgian Chocolate Waffle,3,160.0,30.0,97.79,Cash,Delivered,49,3.5
ORD_03806,CUST_0220,REST_114,Barbeque Nation,Ahmedabad,2024-12-18,13:12:28,Indian,Garlic Naan Combo,1,160.0,30.0,0.0,Wallet,Delivered,25,5.0
ORD_03807,CUST_0606,REST_107,Wendy's,Kolkata,2024-08-01,12:03:37,Burger,Double Whopper,1,299.0,20.0,128.89,Cash,Delivered,37,4.0
ORD_03808,CUST_0616,REST_103,Ovenstory Pizza,Ahmedabad,2024-09-16,23:01:27,Pizza,Pepperoni Feast,2,499.0,0.0,0.0,Wallet,Delivered,53,4.5
ORD_03809,CUST_0571,REST_126,Theobroma,Bangalore,2024-07-13,13:25:04,Desserts,Gulab Jamun (2 pcs),1,80.0,50.0,55.55,UPI,Cancelled,0,0.0
ORD_03810,CUST_0308,REST_117,Mainland China,Ahmedabad,2024-01-20,18:50:06,Chinese,Chilli Chicken Gravy,1,270.0,30.0,42.5,UPI,Cancelled,0,0.0
ORD_03811,CUST_0166,REST_104,La Pino'z Pizza,Ahmedabad,2024-01-10,12:03:49,Pizza,Margherita Pizza,2,249.0,40.0,148.0,Cash,Delivered,46,5.0
ORD_03812,CUST_0473,REST_117,Mainland China,Ahmedabad,2024-11-10,13:30:36,Chinese,Manchurian Gravy,1,210.0,20.0,0.0,Credit Card,Delivered,65,3.5
ORD_03813,CUST_0766,REST_127,Naturals Ice Cream,Delhi,2024-05-04,14:33:08,Desserts,Red Velvet Jar Cake,1,175.0,20.0,63.44,Cash,Delivered,55,4.5
ORD_03814,CUST_0566,REST_112,Meghana Foods,Pune,2024-09-07,22:52:11,Biryani,Veg Dum Biryani,2,240.0,20.0,0.0,UPI,Delivered,40,3.5
ORD_03815,CUST_0417,REST_127,Naturals Ice Cream,Delhi,2024-05-09,20:53:00,desserts,Nutella Brownie,1,130.0,50.0,0.0,UPI,Delivered,36,4.5
ORD_03816,CUST_0667,REST_130,Chaayos,Pune,2024-09-13,19:37:40,Beverages,Iced Green Tea,1,130.0,0.0,21.59,Debit Card,Delivered,62,3.0
ORD_03817,CUST_0207,REST_112,Meghana Foods,Mumbai,2024-11-01,12:53:56,Biryani,Veg Dum Biryani,2,240.0,0.0,0.0,UPI,Delivered,28,5.0
ORD_03818,CUST_0658,REST_132,Chai Point,Delhi,2024-10-24,13:22:29,Beverages,Caffe Latte,1,220.0,40.0,0.0,UPI,Delivered,32,5.0
ORD_03819,CUST_0153,REST_112,Meghana Foods,Kolkata,2024-01-21,19:34:40,Biryani,Hyderabadi Chicken Biryani,1,320.0,20.0,93.33,UPI,Delivered,51,3.0
ORD_03820,CUST_0674,REST_106,McDonald's,Mumbai,2024-02-14,20:47:49,Burger,Double Whopper,2,299.0,40.0,27.02,Credit Card,Delivered,20,4.5
ORD_03821,CUST_0341,REST_103,Ovenstory Pizza,Bangalore,2024-01-18,14:05:04,Pizza,Margherita Pizza,2,249.0,40.0,0.0,Cash,Delivered,41,4.5
ORD_03822,CUST_0711,REST_121,Subway,Delhi,2024-02-24,20:46:54,Fast Food,Cheesy French Fries,1,120.0,0.0,0.0,UPI,Delivered,39,5.0
ORD_03823,CUST_0405,REST_102,Pizza Hut,Ahmedabad,2024-01-29,12:35:00,Pizza,Cheese Burst Pizza,1,429.0,50.0,0.0,Cash,Delivered,24,
ORD_03824,CUST_0379,REST_117,Mainland China,Delhi,2024-07-14,11:50:31,Chinese,Chilli Chicken Gravy,1,270.0,40.0,0.0,Cash,Delivered,36,4.5
ORD_03825,CUST_0611,REST_112,Meghana Foods,Delhi,2024-04-26,13:19:59,Biryani,Veg Dum Biryani,3,240.0,50.0,130.75,UPI,Delivered,61,5.0
ORD_03826,CUST_0739,REST_131,Cafe Coffee Day,Chennai,2024-10-22,23:35:12,Beverages,Cold Coffee with Ice Cream,1,150.0,40.0,0.0,Cash,Cancelled,0,0.0
ORD_03827,CUST_0036,REST_121,Subway,Kolkata,2024-10-06,22:30:05,Fast Food,Crispy Chicken Bucket,1,480.0,0.0,44.82,Cash,Pending,33,0.0
ORD_03828,CUST_0473,REST_104,La Pino'z Pizza,Delhi,2024-01-18,19:15:01,Pizza,Margherita Pizza,1,249.0,30.0,0.0,UPI,Delivered,50,5.0
ORD_03829,CUST_0479,REST_104,La Pino'z Pizza,Mumbai,2024-07-15,21:38:00,Pizza,Cheese Burst Pizza,1,429.0,50.0,0.0,UPI,Delivered,38,5.0
ORD_03830,CUST_0538,REST_119,Wok Express,Delhi,2024-05-01,16:17:26,Chinese,Chilli Chicken Gravy,2,270.0,20.0,29.6,Credit Card,Delivered,40,5.0
ORD_03831,CUST_0535,REST_114,Barbeque Nation,Delhi,2024-05-23,17:05:20,Indian,Butter Chicken,3,360.0,20.0,66.44,Cash,Delivered,48,1.0
ORD_03832,CUST_0195,REST_125,Baskin Robbins,Kolkata,2024-01-12,20:06:07,Desserts,Gulab Jamun (2 pcs),1,80.0,40.0,23.71,Wallet,Delivered,56,4.0
ORD_03833,CUST_0538,REST_113,Punjab Grill,Bangalore,2024-01-30,22:30:09,Indian,Kadhai Paneer,3,270.0,50.0,0.0,Credit Card,Delivered,59,5.0
ORD_03834,CUST_0192,REST_103,Ovenstory Pizza,Kolkata,2024-12-26,22:00:21,Pizza,Paneer Tikka Pizza,3,349.0,0.0,51.19,Wallet,Cancelled,0,0.0
ORD_03835,CUST_0759,REST_112,Meghana Foods,Kolkata,2024-08-23,13:01:28,Biryani,Mutton Dum Biryani,2,450.0,30.0,118.61,UPI,Delivered,25,4.5
ORD_03836,CUST_0107,REST_130,Chaayos,Ahmedabad,2024-09-12,13:48:14,Beverages,Caffe Latte,1,220.0,0.0,0.0,UPI,Delivered,21,5.0
ORD_03837,CUST_0338,REST_127,Naturals Ice Cream,Delhi,2024-01-11,21:47:49,Desserts,Gulab Jamun (2 pcs),1,80.0,20.0,0.0,UPI,Delivered,64,5.0
ORD_03838,CUST_0501,REST_124,Faasos,Delhi,2024-01-27,22:06:20,Fast Food,Cheesy French Fries,4,120.0,0.0,0.0,UPI,Delivered,50,5.0
ORD_03839,CUST_0057,REST_109,Paradise Biryani,Delhi,2024-02-25,12:25:59,Biryani,Mutton Dum Biryani,3,450.0,0.0,70.75,Credit Card,Delivered,54,4.5
ORD_03840,CUST_0321,REST_108,The Burger Club,Ahmedabad,2024-08-17,19:51:01,Burger,Smoky BBQ Burger,1,249.0,50.0,43.31,Wallet,Delivered,63,4.0
ORD_03841,CUST_0604,REST_113,Punjab Grill,Bangalore,2024-02-25,19:51:31,Indian,Dal Makhani,1,220.0,0.0,99.75,Cash,Cancelled,0,0.0
ORD_03842,CUST_0706,REST_128,Belgian Waffle Co,Hyderabad,2024-09-04,19:32:32,Desserts,Chocolate Truffle Pastry,1,140.0,50.0,136.5,Credit Card,Delivered,19,4.5
ORD_03843,CUST_0462,REST_111,Bawarchi,Delhi,2024-12-18,22:22:34,Biryani,Veg Dum Biryani,1,240.0,20.0,64.15,Cash,Delivered,44,5.0
ORD_03844,CUST_0561,REST_119,Wok Express,Hyderabad,2024-04-16,20:56:33,Chinese,Chilli Chicken Gravy,1,270.0,30.0,72.8,UPI,Delivered,24,4.5
ORD_03845,CUST_0387,REST_124,Faasos,Hyderabad,2024-01-01,10:34:27,Fast Food,Paneer Wrap,2,160.0,20.0,0.0,UPI,Pending,26,0.0
ORD_03846,CUST_0702,REST_123,Taco Bell,Pune,2024-08-15,19:08:25,Fast Food,Veggie Delight Sub,3,190.0,50.0,0.0,Cash,Delivered,26,5.0
ORD_03847,CUST_0418,REST_115,Haldiram's,Delhi,2024-09-10,14:24:02,Indian,Kadhai Paneer,1,270.0,0.0,0.0,Cash,Cancelled,0,0.0
ORD_03848,CUST_0373,REST_105,Burger King,Hyderabad,2024-09-09,20:49:24,Burger,Classic Chicken Burger,1,199.0,20.0,83.77,UPI,Delivered,44,4.5
ORD_03849,CUST_0447,REST_127,Naturals Ice Cream,Kolkata,2024-05-08,20:40:45,Desserts,Nutella Brownie,3,130.0,50.0,0.0,UPI,Delivered,35,4.5
ORD_03850,CUST_0435,REST_124,Faasos,Chennai,2024-02-07,19:44:10,Fast Food,Chicken Zinger Meal,1,299.0,50.0,44.52,Cash,Delivered,38,4.5
ORD_03851,CUST_0761,REST_106,McDonald's,Bangalore,2024-12-22,10:15:37,Burger,Crispy Veg Burger,5,129.0,50.0,135.2,Debit Card,Cancelled,0,0.0
ORD_03852,CUST_0514,REST_132,Chai Point,Bangalore,2024-03-31,19:31:51,Beverages,Mango Smoothie,4,160.0,0.0,0.0,UPI,Delivered,63,5.0
ORD_03853,CUST_0532,REST_118,Wow! Momo,Chennai,2024-10-13,22:30:17,Chinese,Schezwan Veg Momos,1,150.0,20.0,0.0,UPI,Delivered,54,3.0
ORD_03854,CUST_0375,REST_127,Naturals Ice Cream,Chennai,2024-03-21,20:02:16,Desserts,Gulab Jamun (2 pcs),1,80.0,20.0,81.96,Cash,Delivered,42,2.0
ORD_03855,CUST_0294,REST_118,Wow! Momo,Chennai,2024-04-06,12:53:11,Chinese,Manchurian Gravy,1,210.0,0.0,98.27,Cash,Delivered,41,2.5
ORD_03856,CUST_0741,REST_129,Starbucks,Chennai,2024-01-26,20:05:24,Beverages,Caffe Latte,2,220.0,50.0,0.0,Credit Card,Delivered,27,5.0
ORD_03857,CUST_0486,REST_128,Belgian Waffle Co,Ahmedabad,2024-04-11,20:36:06,Desserts,Belgian Chocolate Waffle,2,160.0,30.0,22.82,Cash,Delivered,25,4.5
ORD_03858,CUST_0733,REST_111,Bawarchi,Chennai,2024-05-31,12:04:55,Biryani,Kolkata Special Biryani,1,350.0,0.0,129.4,UPI,Delivered,19,4.5
ORD_03859,CUST_0617,REST_120,Berco's,Hyderabad,2024-09-18,22:15:31,Chinese,Chicken Fried Rice,3,230.0,40.0,0.0,Cash,Delivered,26,5.0
ORD_03860,CUST_0255,REST_103,Ovenstory Pizza,Chennai,2024-07-18,21:39:01,Pizza,Farmhouse Supreme,2,399.0,40.0,0.0,UPI,Delivered,62,2.0
ORD_03861,CUST_0375,REST_103,Ovenstory Pizza,Kolkata,2024-12-06,22:35:07,Pizza,Cheese Burst Pizza,1,429.0,20.0,145.65,UPI,Delivered,64,4.5
ORD_03862,CUST_0534,REST_110,Behrouz Biryani,Ahmedabad,2024-03-27,12:52:15,Biryani,Paneer Biryani,1,260.0,0.0,24.42,Cash,Delivered,59,4.0
ORD_03863,CUST_0508,REST_114,Barbeque Nation,Chennai,2024-03-25,14:40:16,Indian,Garlic Naan Combo,1,160.0,20.0,41.14,Wallet,Delivered,31,5.0
ORD_03864,CUST_0142,REST_118,Wow! Momo,Chennai,2024-09-03,20:10:57,Chinese,Chilli Chicken Gravy,1,270.0,40.0,0.0,Debit Card,Delivered,32,5.0
ORD_03865,CUST_0648,REST_102,Pizza Hut,Pune,2024-03-10,22:21:24,Pizza,Pepperoni Feast,1,499.0,30.0,36.79,UPI,Cancelled,0,0.0
ORD_03866,CUST_0225,REST_105,Burger King,Mumbai,2024-12-29,12:18:46,Burger,Smoky BBQ Burger,3,249.0,20.0,0.0,Credit Card,Delivered,45,2.0
ORD_03867,CUST_0617,REST_122,KFC,Ahmedabad,2024-09-19,12:09:01,Fast Food,Veggie Delight Sub,2,190.0,20.0,62.26,Cash,Delivered,19,3.5
ORD_03868,CUST_0626,REST_128,Belgian Waffle Co,Hyderabad,2024-09-30,19:17:22,Desserts,Gulab Jamun (2 pcs),1,80.0,50.0,0.0,UPI,Delivered,56,3.0
ORD_03869,CUST_0228,REST_112,Meghana Foods,Ahmedabad,2024-04-06,20:13:51,Biryani,Paneer Biryani,1,260.0,20.0,0.0,Credit Card,Delivered,62,4.5
ORD_03870,CUST_0225,REST_121,Subway,Ahmedabad,2024-10-31,19:06:55,Fast Food,Veggie Delight Sub,3,190.0,40.0,0.0,UPI,Cancelled,0,0.0
ORD_03871,CUST_0355,REST_128,Belgian Waffle Co,Pune,2024-08-14,22:06:52,Desserts,Belgian Chocolate Waffle,3,160.0,0.0,55.51,Credit Card,Delivered,32,4.0
ORD_03872,CUST_0375,REST_111,Bawarchi,Pune,2024-01-09,21:48:35,Biryani,Veg Dum Biryani,1,240.0,0.0,33.35,UPI,Delivered,32,4.5
ORD_03873,CUST_0143,REST_110,Behrouz Biryani,Mumbai,2024-02-12,22:14:52,Biryani,Hyderabadi Chicken Biryani,1,320.0,20.0,122.31,Credit Card,Delivered,43,4.5
ORD_03874,CUST_0570,REST_126,Theobroma,Pune,2024-09-03,22:51:18,Desserts,Chocolate Truffle Pastry,1,140.0,50.0,32.56,Cash,Delivered,46,5.0
ORD_03875,CUST_0101,REST_121,Subway,Bangalore,2024-01-10,21:37:41,Fast Food,Crispy Chicken Bucket,1,480.0,20.0,0.0,Credit Card,Delivered,46,4.5
ORD_03876,CUST_0737,REST_120,Berco's,Pune,2024-12-17,12:44:59,Chinese,Chicken Fried Rice,1,230.0,20.0,61.57,Debit Card,Delivered,30,5.0
ORD_03877,CUST_0708,REST_105,Burger King,Pune,2024-07-12,19:04:21,Burger,Smoky BBQ Burger,1,249.0,40.0,0.0,Credit Card,Delivered,34,3.0
ORD_03878,CUST_0620,REST_116,Saravanaa Bhavan,Bangalore,2024-10-31,12:27:37,Indian,Dal Makhani,1,220.0,50.0,0.0,UPI,Delivered,29,5.0
ORD_03879,CUST_0014,REST_113,Punjab Grill,Chennai,2024-12-21,22:15:07,Indian,Butter Chicken,3,360.0,0.0,90.95,Cash,Delivered,56,5.0
ORD_03880,CUST_0639,REST_119,Wok Express,Mumbai,2024-09-14,12:15:47,Chinese,Chicken Fried Rice,1,230.0,40.0,0.0,UPI,Delivered,57,3.0
ORD_03881,CUST_0573,REST_109,Paradise Biryani,Hyderabad,2024-11-23,19:23:48,Biryani,Mutton Dum Biryani,1,450.0,40.0,138.85,Cash,Delivered,37,4.5
ORD_03882,CUST_0289,REST_104,La Pino'z Pizza,Bangalore,2024-12-10,13:42:52,Pizza,Paneer Tikka Pizza,1,349.0,0.0,0.0,Wallet,Delivered,22,4.5
ORD_03883,CUST_0726,REST_110,Behrouz Biryani,Chennai,2024-07-15,20:10:30,Biryani,Mutton Dum Biryani,1,450.0,40.0,88.4,Credit Card,Delivered,42,3.5
ORD_03884,CUST_0131,REST_121,Subway,Ahmedabad,2024-12-05,21:52:56,Fast Food,Paneer Wrap,4,160.0,50.0,0.0,Cash,Cancelled,0,0.0
ORD_03885,CUST_0682,REST_116,Saravanaa Bhavan,Chennai,2024-02-07,22:45:32,Indian,Paneer Butter Masala,1,280.0,40.0,0.0,UPI,Delivered,47,5.0
ORD_03886,,REST_131,Cafe Coffee Day,Kolkata,2024-05-13,13:13:38,Beverages,Iced Green Tea,1,130.0,0.0,0.0,UPI,Delivered,53,4.5
ORD_03887,CUST_0583,REST_130,Chaayos,Kolkata,2024-12-10,20:43:54,Beverages,Caffe Latte,3,220.0,30.0,27.5,UPI,Cancelled,0,0.0
ORD_03888,CUST_0234,REST_110,Behrouz Biryani,Chennai,2024-06-03,19:16:40,Biryani,Kolkata Special Biryani,1,350.0,20.0,0.0,UPI,Delivered,42,4.0
ORD_03889,CUST_0463,REST_104,La Pino'z Pizza,Pune,2024-11-19,13:07:31,Pizza,Margherita Pizza,1,249.0,30.0,0.0,UPI,Delivered,57,4.5
ORD_03890,CUST_0577,REST_102,Pizza Hut,Hyderabad,2024-08-10,13:24:27,Pizza,Margherita Pizza,4,249.0,0.0,86.25,Debit Card,Delivered,64,4.5
ORD_03891,CUST_0573,REST_105,Burger King,Kolkata,2024-08-05,14:44:27,Burger,Fiery Paneer Burger,1,179.0,30.0,64.08,Credit Card,Cancelled,0,0.0
ORD_03892,CUST_0334,REST_128,Belgian Waffle Co,Ahmedabad,2024-08-07,13:23:38,Desserts,Belgian Chocolate Waffle,2,160.0,0.0,0.0,Wallet,Delivered,47,4.0
ORD_03893,CUST_0771,REST_111,Bawarchi,Chennai,2024-06-09,12:18:18,Biryani,Veg Dum Biryani,3,240.0,50.0,78.06,UPI,Delivered,42,4.5
ORD_03894,CUST_0164,REST_116,Saravanaa Bhavan,Delhi,2024-12-11,19:18:26,Indian,Butter Chicken,2,360.0,20.0,98.48,UPI,Delivered,21,2.0
ORD_03895,CUST_0487,REST_128,Belgian Waffle Co,Bangalore,2024-10-20,12:51:54,Desserts,Gulab Jamun (2 pcs),1,80.0,0.0,0.0,UPI,Delivered,49,4.5
ORD_03896,CUST_0740,REST_106,McDonald's,Mumbai,2024-07-03,13:15:32,Burger,Crispy Veg Burger,1,129.0,0.0,120.89,UPI,Delivered,45,3.5
ORD_03897,CUST_0571,REST_104,La Pino'z Pizza,Delhi,2024-02-06,13:18:17,Pizza,Pepperoni Feast,2,499.0,0.0,44.75,Credit Card,Delivered,45,5.0
ORD_03898,CUST_0701,REST_127,Naturals Ice Cream,Mumbai,2024-07-23,20:25:20,Desserts,Chocolate Truffle Pastry,3,140.0,30.0,138.09,Cash,Delivered,59,5.0
ORD_03899,CUST_0373,REST_116,Saravanaa Bhavan,Bangalore,2024-09-27,12:49:01,Indian,Garlic Naan Combo,1,160.0,50.0,0.0,Debit Card,Delivered,58,4.5
ORD_03900,CUST_0641,REST_126,Theobroma,Ahmedabad,2024-09-20,11:11:12,Desserts,Red Velvet Jar Cake,3,175.0,30.0,146.04,Wallet,Delivered,45,5.0
ORD_03901,CUST_0006,REST_132,Chai Point,Hyderabad,2024-03-07,12:40:31,Beverages,Cold Coffee with Ice Cream,1,150.0,20.0,69.52,UPI,Delivered,33,5.0
ORD_03902,CUST_0659,REST_125,Baskin Robbins,Ahmedabad,2024-12-31,13:57:24,Desserts,Gulab Jamun (2 pcs),2,80.0,0.0,0.0,UPI,Delivered,65,5.0
ORD_03903,CUST_0588,REST_119,Wok Express,Hyderabad,2024-12-29,14:41:24,Chinese,Manchurian Gravy,1,210.0,50.0,0.0,Credit Card,Delivered,62,4.5
ORD_03904,CUST_0672,REST_111,Bawarchi,Bangalore,2024-06-19,13:56:49,Biryani,Veg Dum Biryani,1,240.0,30.0,74.85,Wallet,Delivered,58,2.5
ORD_03905,CUST_0394,REST_116,Saravanaa Bhavan,Mumbai,2024-05-16,19:45:48,Indian,Butter Chicken,1,360.0,0.0,117.43,UPI,Cancelled,0,0.0
ORD_03906,CUST_0255,REST_115,Haldiram's,Pune,2024-03-29,13:42:14,Indian,Dal Makhani,1,220.0,40.0,0.0,UPI,Delivered,50,5.0
ORD_03907,CUST_0280,REST_107,Wendy's,Pune,2024-11-21,14:07:20,Burger,Double Whopper,5,299.0,50.0,0.0,UPI,Delivered,19,4.0
ORD_03908,CUST_0602,REST_108,The Burger Club,Chennai,2024-12-19,19:42:46,Burger,Smoky BBQ Burger,5,249.0,0.0,0.0,UPI,Delivered,19,5.0
ORD_03909,CUST_0740,REST_111,Bawarchi,Bangalore,2024-10-26,22:04:19,Biryani,Paneer Biryani,1,260.0,40.0,53.48,Credit Card,Delivered,19,4.0
ORD_03910,CUST_0187,REST_132,Chai Point,Delhi,2024-06-04,22:00:41,Beverages,Mango Smoothie,1,160.0,50.0,21.58,UPI,Delivered,27,5.0
ORD_03911,CUST_0341,REST_121,Subway,Pune,2024-07-09,20:32:46,Fast Food,Veggie Delight Sub,2,190.0,20.0,26.01,Credit Card,Cancelled,0,0.0
ORD_03912,CUST_0156,REST_131,Cafe Coffee Day,Chennai,2024-10-27,13:56:07,Beverages,Mango Smoothie,1,160.0,50.0,0.0,UPI,Delivered,19,4.0
ORD_03913,CUST_0386,REST_121,Subway,Hyderabad,2024-11-22,13:52:08,Fast Food,Crispy Chicken Bucket,2,480.0,40.0,0.0,UPI,Delivered,29,4.5
ORD_03914,CUST_0355,REST_106,McDonald's,Chennai,2024-11-20,12:24:40,Burger,Fiery Paneer Burger,3,179.0,20.0,0.0,upi,Delivered,55,5.0
ORD_03915,CUST_0525,REST_111,Bawarchi,Delhi,2024-02-25,15:34:21,Biryani,Mutton Dum Biryani,1,450.0,20.0,91.37,Wallet,Delivered,29,3.5
ORD_03916,CUST_0372,REST_132,Chai Point,Chennai,2024-05-11,15:05:50,Beverages,Cold Coffee with Ice Cream,3,150.0,20.0,0.0,Credit Card,Delivered,32,4.5
ORD_03917,CUST_0318,REST_111,Bawarchi,Hyderabad,2024-11-25,20:53:38,Biryani,Veg Dum Biryani,2,240.0,50.0,0.0,Cash,Delivered,50,5.0
ORD_03918,CUST_0449,REST_107,Wendy's,Chennai,2024-08-18,13:11:28,Burger,Smoky BBQ Burger,1,249.0,0.0,22.87,Credit Card,Delivered,49,5.0
ORD_03919,CUST_0653,REST_110,Behrouz Biryani,Hyderabad,2024-01-29,22:11:53,Biryani,Veg Dum Biryani,1,240.0,0.0,0.0,UPI,Delivered,47,5.0
ORD_03920,CUST_0532,REST_131,Cafe Coffee Day,Delhi,2024-08-20,12:32:59,Beverages,Cold Coffee with Ice Cream,3,150.0,50.0,107.31,Debit Card,Delivered,21,4.0
ORD_03921,CUST_0380,REST_117,Mainland China,Hyderabad,2024-03-17,13:05:26,Chinese,Veg Hakka Noodles,1,180.0,20.0,108.37,UPI,Delivered,54,3.0
ORD_03922,CUST_0216,REST_125,Baskin Robbins,Delhi,2024-10-03,14:07:56,Desserts,Chocolate Truffle Pastry,1,140.0,20.0,26.35,upi,Delivered,33,5.0
ORD_03923,CUST_0303,REST_110,Behrouz Biryani,Chennai,2024-05-16,14:39:29,Biryani,Paneer Biryani,1,260.0,0.0,42.61,UPI,Delivered,47,5.0
ORD_03924,CUST_0021,REST_104,La Pino'z Pizza,Bangalore,2024-08-14,14:27:25,Pizza,Pepperoni Feast,1,499.0,40.0,120.63,Wallet,Delivered,28,4.5
ORD_03925,CUST_0071,REST_127,Naturals Ice Cream,Hyderabad,2024-08-25,22:43:58,Desserts,Chocolate Truffle Pastry,3,140.0,20.0,28.17,cash,Delivered,55,4.0
ORD_03926,CUST_0196,REST_113,Punjab Grill,Kolkata,2024-03-01,12:42:59,Indian,Butter Chicken,1,360.0,50.0,53.2,UPI,Cancelled,0,0.0
ORD_03927,CUST_0745,REST_125,Baskin Robbins,Chennai,2024-12-16,19:12:56,Desserts,Red Velvet Jar Cake,1,175.0,50.0,0.0,Cash,Delivered,21,3.0
ORD_03928,CUST_0060,REST_122,KFC,Chennai,2024-08-31,14:58:58,Fast Food,Paneer Wrap,1,160.0,50.0,37.72,UPI,Delivered,43,4.5
ORD_03929,CUST_0428,REST_110,Behrouz Biryani,Pune,2024-01-05,22:14:25,Biryani,Hyderabadi Chicken Biryani,1,320.0,30.0,61.4,UPI,Delivered,22,4.0
ORD_03930,CUST_0727,REST_132,Chai Point,Mumbai,2024-04-25,22:33:11,Beverages,Iced Green Tea,1,130.0,30.0,59.29,UPI,Cancelled,0,0.0
ORD_03931,CUST_0374,REST_122,KFC,Ahmedabad,2024-02-01,12:26:55,Fast Food,Crispy Chicken Bucket,1,480.0,50.0,44.39,Debit Card,Delivered,38,4.5
ORD_03932,CUST_0536,REST_111,Bawarchi,Delhi,2024-03-08,14:25:22,Biryani,Veg Dum Biryani,1,240.0,50.0,117.56,UPI,Delivered,22,4.0
ORD_03933,CUST_0342,REST_127,Naturals Ice Cream,Pune,2024-03-28,12:23:16,Desserts,Nutella Brownie,1,130.0,20.0,89.2,Credit Card,Cancelled,0,0.0
ORD_03934,CUST_0030,REST_113,Punjab Grill,Bangalore,2024-10-25,10:08:10,Indian,Kadhai Paneer,3,270.0,50.0,0.0,Cash,Delivered,65,1.0
ORD_03935,CUST_0110,REST_110,Behrouz Biryani,Mumbai,2024-06-01,20:43:44,Biryani,Paneer Biryani,2,260.0,0.0,97.7,UPI,Delivered,64,5.0
ORD_03936,CUST_0100,REST_114,Barbeque Nation,Bangalore,2024-10-16,19:07:00,Indian,Dal Makhani,2,220.0,40.0,137.83,Cash,Delivered,29,3.5
ORD_03937,CUST_0076,REST_115,Haldiram's,Pune,2024-11-25,13:29:26,Indian,Garlic Naan Combo,1,160.0,40.0,0.0,Debit Card,Delivered,31,3.0
ORD_03938,CUST_0473,REST_108,The Burger Club,Bangalore,2024-03-30,20:30:38,Burger,Smoky BBQ Burger,2,249.0,0.0,48.21,UPI,Delivered,36,5.0
ORD_03939,CUST_0254,REST_124,Faasos,Chennai,2024-04-07,13:32:54,Fast Food,Chicken Zinger Meal,2,299.0,20.0,0.0,UPI,Delivered,36,4.0
ORD_03940,CUST_0576,REST_131,Cafe Coffee Day,Pune,2024-07-27,17:19:14,Beverages,Masala Chai (Flask),1,110.0,20.0,83.28,Credit Card,Cancelled,0,0.0
ORD_03941,CUST_0431,REST_114,Barbeque Nation,Bangalore,2024-11-14,17:27:00,Indian,Butter Chicken,3,360.0,30.0,70.78,UPI,Delivered,48,5.0
ORD_03942,CUST_0542,REST_108,The Burger Club,Mumbai,2024-11-14,12:50:59,Burger,Smoky BBQ Burger,1,249.0,50.0,115.55,UPI,Delivered,62,2.0
ORD_03943,CUST_0714,REST_107,Wendy's,Delhi,2024-09-09,19:29:40,Burger,Double Whopper,2,299.0,20.0,106.92,Debit Card,Delivered,29,5.0
ORD_03944,CUST_0408,REST_110,Behrouz Biryani,Hyderabad,2024-07-17,19:41:53,Biryani,Mutton Dum Biryani,2,450.0,50.0,109.23,Cash,Cancelled,0,0.0
ORD_03945,CUST_0085,REST_104,La Pino'z Pizza,Hyderabad,2024-08-03,22:29:57,Pizza,Pepperoni Feast,1,499.0,40.0,72.88,Credit Card,Delivered,51,5.0
ORD_03946,CUST_0389,REST_107,Wendy's,Ahmedabad,2024-08-09,13:26:42,Burger,Crispy Veg Burger,2,129.0,50.0,22.99,UPI,Delivered,25,1.0
ORD_03947,CUST_0075,REST_107,Wendy's,Bangalore,2024-11-13,08:38:53,Burger,Crispy Veg Burger,1,129.0,20.0,26.01,UPI,Delivered,34,2.5
ORD_03948,CUST_0568,REST_112,Meghana Foods,Chennai,2024-09-23,12:52:28,Biryani,Kolkata Special Biryani,0,350.0,30.0,0.0,UPI,Delivered,59,5.0
ORD_03949,CUST_0109,REST_128,Belgian Waffle Co,Bangalore,2024-08-28,21:17:39,Desserts,Red Velvet Jar Cake,2,175.0,50.0,25.57,Credit Card,Delivered,59,3.5
ORD_03950,CUST_0129,REST_106,McDonald's,Ahmedabad,2024-11-01,12:45:36,Burger,Classic Chicken Burger,2,199.0,0.0,68.81,Credit Card,Delivered,50,4.5
ORD_03951,CUST_0163,REST_121,Subway,Delhi,2024-03-09,20:04:00,Fast Food,Crispy Chicken Bucket,2,480.0,0.0,49.01,UPI,Delivered,42,4.0
ORD_03952,CUST_0622,REST_132,Chai Point,Hyderabad,2024-04-26,13:26:48,Beverages,Mango Smoothie,3,160.0,30.0,87.15,Credit Card,Delivered,46,5.0
ORD_03953,CUST_0137,REST_122,KFC,Hyderabad,2024-12-11,13:15:18,Fast Food,Chicken Zinger Meal,1,299.0,40.0,0.0,Credit Card,Delivered,27,4.0
ORD_03954,CUST_0447,REST_131,Cafe Coffee Day,Chennai,2024-08-10,21:24:16,Beverages,Iced Green Tea,5,130.0,0.0,0.0,Credit Card,Delivered,43,3.0
ORD_03955,CUST_0158,REST_111,Bawarchi,Ahmedabad,2024-03-01,21:55:26,Biryani,Veg Dum Biryani,1,240.0,50.0,0.0,Credit Card,Delivered,18,4.5
ORD_03956,CUST_0440,REST_121,Subway,Kolkata,2024-11-24,20:43:50,Fast Food,Veggie Delight Sub,1,190.0,20.0,110.61,UPI,Pending,40,0.0
ORD_03957,CUST_0158,REST_125,Baskin Robbins,Bangalore,2024-09-03,13:44:58,Desserts,Red Velvet Jar Cake,1,175.0,0.0,57.85,UPI,Delivered,39,4.5
ORD_03958,CUST_0735,REST_129,Starbucks,Kolkata,2024-04-19,23:40:50,Beverages,Caffe Latte,1,220.0,30.0,22.28,UPI,Delivered,37,5.0
ORD_03959,CUST_0508,REST_111,Bawarchi,Kolkata,2024-11-20,14:17:53,Biryani,Hyderabadi Chicken Biryani,1,320.0,30.0,76.27,UPI,Pending,28,0.0
ORD_03960,CUST_0386,REST_109,Paradise Biryani,Hyderabad,2024-10-11,20:19:10,Biryani,Veg Dum Biryani,3,240.0,0.0,132.48,UPI,Delivered,38,5.0
ORD_03961,CUST_0730,REST_101,Domino's Pizza,Pune,2024-12-28,22:43:21,Pizza,Pepperoni Feast,3,499.0,40.0,52.8,UPI,Delivered,37,5.0
ORD_03962,CUST_0735,REST_129,Starbucks,Delhi,2024-09-24,12:34:39,Beverages,Masala Chai (Flask),2,110.0,40.0,60.08,Debit Card,Delivered,37,4.5
ORD_03963,CUST_0120,REST_116,Saravanaa Bhavan,Delhi,2024-08-25,23:17:05,Indian,Kadhai Paneer,1,270.0,20.0,46.04,Cash,Delivered,35,5.0
ORD_03964,CUST_0073,REST_117,Mainland China,Pune,2024-11-04,19:34:03,Chinese,Chicken Fried Rice,1,230.0,40.0,0.0,Credit Card,Delivered,63,5.0
ORD_03965,CUST_0336,REST_107,Wendy's,Ahmedabad,2024-08-27,20:59:05,Burger,Double Whopper,2,299.0,20.0,79.79,UPI,Delivered,39,5.0
ORD_03966,CUST_0644,REST_117,Mainland China,Bangalore,2024-08-05,14:11:42,Chinese,Chicken Fried Rice,1,230.0,50.0,104.4,Credit Card,Cancelled,0,0.0
ORD_03967,CUST_0771,REST_111,Bawarchi,Mumbai,2024-02-05,19:45:07,Biryani,Veg Dum Biryani,2,240.0,0.0,0.0,UPI,Delivered,23,3.5
ORD_03968,CUST_0261,REST_132,Chai Point,Bangalore,2024-11-26,19:19:58,Beverages,Cold Coffee with Ice Cream,1,150.0,50.0,42.35,Credit Card,Delivered,50,5.0
ORD_03969,CUST_0634,REST_119,Wok Express,Mumbai,2024-07-13,19:47:47,Chinese,Chicken Fried Rice,1,230.0,30.0,130.03,UPI,Pending,26,0.0
ORD_03970,CUST_0785,REST_106,McDonald's,Delhi,2024-04-16,21:35:34,Burger,Double Whopper,1,299.0,20.0,47.73,UPI,Delivered,35,3.0
ORD_03971,CUST_0578,REST_122,KFC,Ahmedabad,2024-06-26,23:02:52,Fast Food,Chicken Zinger Meal,1,299.0,40.0,0.0,Credit Card,Delivered,30,3.5
ORD_03972,CUST_0637,REST_105,Burger King,Mumbai,2024-01-23,21:11:39,Burger,Fiery Paneer Burger,2,179.0,50.0,60.04,Debit Card,Delivered,23,5.0
ORD_03973,CUST_0105,REST_102,Pizza Hut,Mumbai,2024-05-12,14:43:09,Pizza,Paneer Tikka Pizza,1,349.0,20.0,121.47,Debit Card,Cancelled,0,0.0
ORD_03974,CUST_0038,REST_132,Chai Point,Mumbai,2024-08-16,19:23:50,Beverages,Masala Chai (Flask),3,110.0,40.0,0.0,Credit Card,Delivered,36,4.5
ORD_03975,CUST_0419,REST_119,Wok Express,Delhi,2024-09-18,08:37:21,Chinese,Schezwan Veg Momos,0,150.0,50.0,77.17,UPI,Delivered,21,4.5
ORD_03976,CUST_0221,REST_128,Belgian Waffle Co,Bangalore,2024-12-21,19:03:14,Desserts,Red Velvet Jar Cake,1,175.0,20.0,0.0,Cash,Delivered,32,5.0
ORD_03977,CUST_0283,REST_132,Chai Point,Pune,2024-12-06,13:35:41,Beverages,Mango Smoothie,2,160.0,40.0,43.37,UPI,Delivered,21,2.0
ORD_03978,CUST_0068,REST_130,Chaayos,Mumbai,2024-11-10,23:10:11,Beverages,Iced Green Tea,1,130.0,50.0,0.0,UPI,Delivered,46,5.0
ORD_03979,CUST_0208,REST_108,The Burger Club,Chennai,2024-12-05,20:41:40,Burger,Crispy Veg Burger,4,129.0,40.0,78.06,Debit Card,Delivered,32,2.5
ORD_03980,CUST_0316,REST_116,Saravanaa Bhavan,Chennai,2024-09-08,22:13:25,Indian,Dal Makhani,3,220.0,30.0,0.0,Cash,Cancelled,0,0.0
ORD_03981,CUST_0520,REST_116,Saravanaa Bhavan,Pune,2024-11-29,12:16:43,Indian,Kadhai Paneer,1,270.0,0.0,85.27,UPI,Delivered,59,4.5
ORD_03982,CUST_0442,REST_114,Barbeque Nation,Chennai,2024-06-25,22:36:27,Indian,Paneer Butter Masala,1,280.0,30.0,41.19,Debit Card,Delivered,27,5.0
ORD_03983,CUST_0253,REST_101,Domino's Pizza,Hyderabad,2024-11-20,20:17:55,Pizza,Cheese Burst Pizza,2,429.0,0.0,26.5,UPI,Delivered,49,5.0
ORD_03984,CUST_0298,REST_105,Burger King,Bangalore,2024-03-08,20:52:27,Burger,Classic Chicken Burger,2,199.0,20.0,51.78,Cash,Delivered,57,4.5
ORD_03985,CUST_0239,REST_102,Pizza Hut,Delhi,2024-10-02,14:33:49,Pizza,Cheese Burst Pizza,1,429.0,30.0,25.52,UPI,Delivered,48,3.5
ORD_03986,CUST_0461,REST_122,KFC,Chennai,2024-09-07,22:16:09,Fast Food,Chicken Zinger Meal,1,299.0,40.0,0.0,Credit Card,Delivered,19,2.5
ORD_03987,CUST_0066,REST_119,Wok Express,Delhi,2024-04-08,12:19:21,Chinese,Chicken Fried Rice,3,230.0,0.0,0.0,Cash,Delivered,39,5.0
ORD_03988,CUST_0159,REST_122,KFC,Kolkata,2024-09-12,20:40:00,Fast Food,Veggie Delight Sub,1,190.0,30.0,0.0,UPI,Delivered,42,5.0
ORD_03989,CUST_0734,REST_114,Barbeque Nation,Ahmedabad,2024-05-26,19:48:10,Indian,Kadhai Paneer,2,270.0,0.0,107.55,Credit Card,Cancelled,0,0.0
ORD_03990,CUST_0705,REST_116,Saravanaa Bhavan,Mumbai,2024-08-17,22:09:04,Indian,Kadhai Paneer,4,270.0,0.0,34.53,Credit Card,Cancelled,0,0.0
ORD_03991,CUST_0774,REST_117,Mainland China,Chennai,2024-01-31,20:41:05,Chinese,Veg Hakka Noodles,5,180.0,20.0,0.0,Credit Card,Delivered,55,2.5
ORD_03992,CUST_0453,REST_119,Wok Express,Bangalore,2024-01-18,15:32:36,Chinese,Chilli Chicken Gravy,3,270.0,30.0,55.96,Wallet,Delivered,29,4.0
ORD_03993,CUST_0327,REST_132,Chai Point,Hyderabad,2024-04-02,22:48:28,Beverages,Masala Chai (Flask),1,110.0,30.0,33.27,UPI,Delivered,36,4.0
ORD_03994,CUST_0400,REST_123,Taco Bell,Mumbai,2024-09-14,19:22:34,Fast Food,Veggie Delight Sub,1,190.0,50.0,60.38,Debit Card,Delivered,21,5.0
ORD_03995,CUST_0471,REST_119,Wok Express,Chennai,2024-06-20,19:07:48,Chinese,Manchurian Gravy,3,210.0,0.0,0.0,UPI,Delivered,31,5.0
ORD_03996,CUST_0084,REST_108,The Burger Club,Bangalore,2024-11-27,21:08:22,Burger,Crispy Veg Burger,4,129.0,50.0,66.2,UPI,Delivered,58,4.0
ORD_03997,CUST_0255,REST_106,McDonald's,Hyderabad,2024-06-15,12:41:32,Burger,Fiery Paneer Burger,1,179.0,0.0,96.26,Debit Card,Cancelled,0,0.0
ORD_03998,CUST_0677,REST_105,Burger King,Ahmedabad,2024-05-10,12:17:50,Burger,Classic Chicken Burger,1,199.0,50.0,79.29,Wallet,Delivered,39,4.5
ORD_03999,CUST_0323,REST_116,Saravanaa Bhavan,Hyderabad,2024-03-15,15:49:15,Indian,Butter Chicken,4,360.0,20.0,62.56,Cash,Delivered,61,5.0
ORD_04000,CUST_0713,REST_103,Ovenstory Pizza,Bangalore,2024-09-24,13:03:29,Pizza,Farmhouse Supreme,3,399.0,20.0,53.07,UPI,Delivered,57,4.0
ORD_04001,CUST_0489,REST_126,Theobroma,Bangalore,2024-04-05,20:02:38,Desserts,Belgian Chocolate Waffle,2,160.0,40.0,44.87,Debit Card,Delivered,20,4.5
ORD_04002,CUST_0792,REST_103,Ovenstory Pizza,Mumbai,2024-08-31,20:08:09,Pizza,Margherita Pizza,1,249.0,30.0,52.6,UPI,Delivered,50,3.5
ORD_04003,CUST_0518,REST_115,Haldiram's,Ahmedabad,2024-06-28,22:58:30,Indian,Paneer Butter Masala,5,280.0,40.0,69.96,Credit Card,Cancelled,0,0.0
ORD_04004,CUST_0195,REST_128,Belgian Waffle Co,Ahmedabad,2024-10-11,14:26:28,Desserts,Red Velvet Jar Cake,3,175.0,50.0,118.24,Credit Card,Delivered,20,5.0
ORD_04005,CUST_0345,REST_110,Behrouz Biryani,Ahmedabad,2024-11-23,14:47:29,Biryani,Mutton Dum Biryani,4,450.0,50.0,0.0,UPI,Delivered,27,4.5
ORD_04006,CUST_0406,REST_117,Mainland China,Chennai,2024-10-02,23:28:59,Chinese,Chilli Chicken Gravy,2,270.0,30.0,51.14,UPI,Delivered,42,4.5
ORD_04007,CUST_0555,REST_114,Barbeque Nation,Mumbai,2024-08-12,13:18:46,Indian,Paneer Butter Masala,1,280.0,0.0,39.54,Credit Card,Pending,30,0.0
ORD_04008,CUST_0236,REST_111,Bawarchi,Delhi,2024-03-11,08:57:01,Biryani,Veg Dum Biryani,2,240.0,20.0,0.0,Cash,Delivered,30,2.5
ORD_04009,CUST_0420,REST_112,Meghana Foods,Mumbai,2024-08-30,20:55:15,Biryani,Paneer Biryani,1,260.0,0.0,100.41,Debit Card,Delivered,58,4.5
ORD_04010,CUST_0724,REST_124,Faasos,Bangalore,2024-05-18,22:01:18,Fast Food,Chicken Zinger Meal,1,299.0,50.0,32.91,UPI,Delivered,61,4.0
ORD_04011,CUST_0450,REST_104,La Pino'z Pizza,Kolkata,2024-12-18,14:29:04,Pizza,Margherita Pizza,1,249.0,50.0,57.1,UPI,Delivered,62,5.0
ORD_04012,CUST_0239,REST_107,Wendy's,Delhi,2024-10-16,12:49:00,Burger,Double Whopper,1,299.0,40.0,116.12,UPI,Delivered,42,5.0
ORD_04013,CUST_0063,REST_106,McDonald's,Ahmedabad,2024-08-21,16:39:07,Burger,Fiery Paneer Burger,1,179.0,30.0,98.99,Cash,Delivered,50,5.0
ORD_04014,CUST_0067,REST_112,Meghana Foods,Pune,2024-05-30,13:41:07,Biryani,Hyderabadi Chicken Biryani,1,320.0,30.0,27.03,UPI,Delivered,61,5.0
ORD_04015,CUST_0184,REST_102,Pizza Hut,Mumbai,2024-03-12,17:41:31,Pizza,Paneer Tikka Pizza,3,349.0,50.0,26.55,Cash,Delivered,23,5.0
ORD_04016,CUST_0336,REST_109,Paradise Biryani,Kolkata,2024-04-11,20:40:01,Biryani,Hyderabadi Chicken Biryani,4,320.0,40.0,68.0,Debit Card,Delivered,61,5.0
ORD_04017,CUST_0426,REST_102,Pizza Hut,Hyderabad,2024-09-11,12:40:31,Pizza,Margherita Pizza,1,249.0,40.0,86.07,Cash,Delivered,43,5.0
ORD_04018,CUST_0362,REST_106,McDonald's,Ahmedabad,2024-04-07,11:43:26,Burger,Double Whopper,5,299.0,20.0,0.0,Credit Card,Delivered,61,4.0
ORD_04019,CUST_0247,REST_107,Wendy's,Delhi,2024-03-28,19:13:03,Burger,Crispy Veg Burger,5,129.0,0.0,79.15,Cash,Delivered,47,3.0
ORD_04020,CUST_0104,REST_114,Barbeque Nation,Bangalore,2024-04-22,21:16:08,Indian,Butter Chicken,2,360.0,20.0,24.69,Cash,Delivered,25,3.0
ORD_04021,CUST_0115,REST_112,Meghana Foods,Chennai,2024-07-04,13:28:53,Biryani,Kolkata Special Biryani,1,350.0,40.0,0.0,Credit Card,Cancelled,0,0.0
ORD_04022,CUST_0321,REST_109,Paradise Biryani,Mumbai,2024-04-05,19:24:41,Biryani,Veg Dum Biryani,1,240.0,30.0,148.58,Credit Card,Delivered,36,5.0
ORD_04023,CUST_0191,REST_103,Ovenstory Pizza,Mumbai,2024-12-20,21:16:22,Pizza,Margherita Pizza,1,249.0,0.0,98.04,UPI,Delivered,47,5.0
ORD_04024,CUST_0764,REST_114,Barbeque Nation,Ahmedabad,2024-03-27,15:45:24,Indian,Butter Chicken,5,360.0,40.0,119.82,Cash,Delivered,37,2.0
ORD_04025,CUST_0793,REST_129,Starbucks,Delhi,2024-04-08,18:32:34,Beverages,Cold Coffee with Ice Cream,3,150.0,20.0,0.0,UPI,Delivered,40,1.0
ORD_04026,CUST_0591,REST_104,La Pino'z Pizza,Hyderabad,2024-04-14,19:25:05,Pizza,Margherita Pizza,3,249.0,50.0,98.15,Wallet,Delivered,24,4.0
ORD_04027,CUST_0068,REST_125,Baskin Robbins,Bangalore,2024-10-29,14:00:27,Desserts,Chocolate Truffle Pastry,2,140.0,0.0,27.53,Cash,Cancelled,0,0.0
ORD_04028,CUST_0429,REST_129,Starbucks,Ahmedabad,2024-05-25,12:06:27,Beverages,Caffe Latte,2,220.0,50.0,127.16,UPI,Delivered,41,4.5
ORD_04029,CUST_0555,REST_131,Cafe Coffee Day,Kolkata,2024-02-12,12:20:21,Beverages,Mango Smoothie,1,160.0,50.0,40.7,UPI,Delivered,34,4.0
ORD_04030,CUST_0239,REST_107,Wendy's,Delhi,2024-10-31,12:37:39,Burger,Smoky BBQ Burger,1,249.0,20.0,33.83,UPI,Delivered,28,5.0
ORD_04031,CUST_0139,REST_101,Domino's Pizza,Chennai,2024-03-15,20:34:07,Pizza,Farmhouse Supreme,1,399.0,50.0,148.15,UPI,Delivered,58,5.0
ORD_04032,CUST_0101,REST_111,Bawarchi,Kolkata,2024-10-26,14:44:45,Biryani,Paneer Biryani,1,260.0,40.0,92.55,UPI,Delivered,42,4.5
ORD_04033,CUST_0533,REST_123,Taco Bell,Delhi,2024-08-22,21:14:05,Fast Food,Crispy Chicken Bucket,2,480.0,50.0,44.64,UPI,Delivered,51,3.5
ORD_04034,CUST_0473,REST_129,Starbucks,Kolkata,2024-06-17,17:59:09,Beverages,Cold Coffee with Ice Cream,3,150.0,20.0,122.12,UPI,Pending,43,0.0
ORD_04035,CUST_0384,REST_130,Chaayos,Ahmedabad,2024-01-25,15:26:49,Beverages,Cold Coffee with Ice Cream,1,150.0,50.0,52.77,Cash,Delivered,32,5.0
ORD_04036,CUST_0252,REST_101,Domino's Pizza,Bangalore,2024-08-28,13:44:05,Pizza,Cheese Burst Pizza,1,429.0,50.0,0.0,Credit Card,Delivered,22,3.0
ORD_04037,CUST_0647,REST_106,McDonald's,Mumbai,2024-01-29,14:57:24,Burger,Fiery Paneer Burger,1,179.0,0.0,105.71,Credit Card,Cancelled,0,0.0
ORD_04038,CUST_0265,REST_129,Starbucks,Chennai,2024-10-24,21:30:16,Beverages,Iced Green Tea,1,130.0,40.0,0.0,UPI,Delivered,40,5.0
ORD_04039,CUST_0691,REST_124,Faasos,Kolkata,2024-08-15,14:32:07,Fast Food,Cheesy French Fries,1,120.0,0.0,0.0,UPI,Delivered,61,5.0
ORD_04040,CUST_0050,REST_104,La Pino'z Pizza,Chennai,2024-04-11,14:13:33,Pizza,Farmhouse Supreme,1,399.0,40.0,110.66,Debit Card,Delivered,31,5.0
ORD_04041,CUST_0181,REST_110,Behrouz Biryani,Chennai,2024-06-02,20:15:44,Biryani,Paneer Biryani,1,260.0,50.0,0.0,Credit Card,Delivered,43,5.0
ORD_04042,CUST_0078,REST_126,Theobroma,Delhi,2024-04-18,14:53:59,Desserts,Nutella Brownie,2,130.0,30.0,0.0,Cash,Cancelled,0,0.0
ORD_04043,CUST_0707,REST_111,Bawarchi,Delhi,2024-04-21,16:48:03,Biryani,Hyderabadi Chicken Biryani,3,320.0,50.0,109.79,UPI,Cancelled,0,0.0
ORD_04044,CUST_0095,REST_108,The Burger Club,Hyderabad,2024-03-07,20:20:06,Burger,Double Whopper,2,299.0,30.0,0.0,upi,Delivered,33,5.0
ORD_04045,CUST_0373,REST_114,Barbeque Nation,Hyderabad,2024-04-17,14:31:13,Indian,Butter Chicken,2,360.0,20.0,0.0,Cash,Delivered,53,5.0
ORD_04046,CUST_0600,REST_107,Wendy's,Kolkata,2024-10-01,21:04:22,Burger,Smoky BBQ Burger,1,249.0,40.0,0.0,UPI,Delivered,29,4.5
ORD_04047,CUST_0426,REST_127,Naturals Ice Cream,Hyderabad,2024-01-20,22:03:18,Desserts,Gulab Jamun (2 pcs),3,80.0,50.0,78.36,UPI,Delivered,57,5.0
ORD_04048,CUST_0299,REST_132,Chai Point,Chennai,2024-04-10,13:31:49,Beverages,Caffe Latte,2,-50.0,20.0,71.14,Credit Card,Delivered,25,5.0
ORD_04049,CUST_0465,REST_103,Ovenstory Pizza,Pune,2024-02-25,12:47:31,Pizza,Cheese Burst Pizza,2,429.0,40.0,0.0,UPI,Delivered,61,4.5
ORD_04050,CUST_0517,REST_112,Meghana Foods,Mumbai,2024-04-26,13:52:55,Biryani,Hyderabadi Chicken Biryani,1,320.0,30.0,48.62,UPI,Delivered,33,5.0
ORD_04051,CUST_0120,REST_125,Baskin Robbins,Hyderabad,2024-07-26,12:56:30,Desserts,Nutella Brownie,1,130.0,30.0,0.0,Credit Card,Delivered,49,5.0
ORD_04052,CUST_0421,REST_119,Wok Express,Kolkata,2024-07-18,14:42:04,Chinese,Chicken Fried Rice,2,230.0,30.0,0.0,Debit Card,Delivered,32,5.0
ORD_04053,CUST_0584,REST_113,Punjab Grill,Bangalore,2024-02-03,23:46:39,Indian,Kadhai Paneer,2,270.0,20.0,0.0,upi,Delivered,32,4.5
ORD_04054,CUST_0481,REST_128,Belgian Waffle Co,Bangalore,2024-12-05,15:46:14,Desserts,Belgian Chocolate Waffle,2,160.0,20.0,0.0,Cash,Delivered,46,3.5
ORD_04055,CUST_0670,REST_129,Starbucks,Bangalore,2024-04-05,22:15:30,Beverages,Masala Chai (Flask),3,110.0,20.0,70.09,UPI,Delivered,51,2.5
ORD_04056,CUST_0480,REST_125,Baskin Robbins,Delhi,2024-10-07,18:33:06,Desserts,Red Velvet Jar Cake,0,175.0,50.0,0.0,Credit Card,Delivered,59,2.0
ORD_04057,CUST_0322,REST_115,Haldiram's,Ahmedabad,2024-04-01,19:59:45,indian,Dal Makhani,3,220.0,30.0,63.57,UPI,Pending,29,0.0
ORD_04058,CUST_0337,REST_131,Cafe Coffee Day,Ahmedabad,2024-02-12,13:10:31,Beverages,Caffe Latte,2,220.0,50.0,0.0,UPI,Delivered,45,4.5
ORD_04059,CUST_0416,REST_113,Punjab Grill,Kolkata,2024-11-30,08:01:27,Indian,Butter Chicken,1,360.0,40.0,123.87,UPI,Delivered,26,3.5
ORD_04060,CUST_0164,REST_120,Berco's,Bangalore,2024-05-13,21:32:20,Chinese,Veg Hakka Noodles,1,180.0,0.0,0.0,Cash,Delivered,19,4.5
ORD_04061,CUST_0740,REST_103,Ovenstory Pizza,Mumbai,2024-12-14,22:20:09,Pizza,Cheese Burst Pizza,1,429.0,50.0,0.0,UPI,Delivered,60,4.5
ORD_04062,CUST_0021,REST_106,McDonald's,Bangalore,2024-10-15,14:21:58,Burger,Crispy Veg Burger,1,129.0,30.0,55.42,Debit Card,Cancelled,0,0.0
ORD_04063,CUST_0782,REST_109,Paradise Biryani,Pune,2024-10-31,22:39:12,Biryani,Paneer Biryani,1,260.0,20.0,0.0,UPI,Delivered,34,5.0
ORD_04064,CUST_0010,REST_131,Cafe Coffee Day,Delhi,2024-02-18,13:17:28,Beverages,Cold Coffee with Ice Cream,3,150.0,0.0,0.0,UPI,Delivered,58,4.0
ORD_04065,CUST_0528,REST_124,Faasos,Delhi,2024-08-06,14:00:42,Fast Food,Veggie Delight Sub,5,190.0,40.0,26.37,UPI,Delivered,19,2.5
ORD_04066,CUST_0125,REST_103,Ovenstory Pizza,Ahmedabad,2024-07-26,21:18:55,Pizza,Paneer Tikka Pizza,4,349.0,0.0,50.6,UPI,Delivered,49,5.0
ORD_04067,CUST_0588,REST_103,Ovenstory Pizza,Hyderabad,2024-10-11,17:35:08,Pizza,Margherita Pizza,2,249.0,40.0,0.0,Credit Card,Delivered,21,3.5
ORD_04068,CUST_0238,REST_114,Barbeque Nation,Chennai,2024-02-21,22:14:50,Indian,Butter Chicken,5,360.0,20.0,141.1,Cash,Delivered,27,4.5
ORD_04069,CUST_0250,REST_123,Taco Bell,Delhi,2024-06-06,13:50:41,Fast Food,Chicken Zinger Meal,2,299.0,30.0,135.57,UPI,Delivered,51,
ORD_04070,CUST_0353,REST_106,McDonald's,Chennai,2024-01-16,23:40:53,Burger,Smoky BBQ Burger,1,249.0,30.0,0.0,Cash,Delivered,62,4.0
ORD_04071,CUST_0772,REST_109,Paradise Biryani,Bangalore,2024-04-30,13:57:42,Biryani,Mutton Dum Biryani,1,450.0,20.0,0.0,Credit Card,Delivered,51,4.5
ORD_04072,CUST_0743,REST_102,Pizza Hut,Ahmedabad,2024-01-16,21:08:03,Pizza,Paneer Tikka Pizza,1,349.0,0.0,0.0,Debit Card,Delivered,19,4.0
ORD_04073,CUST_0598,REST_132,Chai Point,Ahmedabad,2024-04-06,15:35:25,Beverages,Masala Chai (Flask),1,110.0,40.0,70.83,Credit Card,Delivered,46,4.5
ORD_04074,CUST_0677,REST_110,Behrouz Biryani,Ahmedabad,2024-12-06,16:45:44,Biryani,Paneer Biryani,1,260.0,50.0,0.0,Wallet,Delivered,29,4.0
ORD_04075,CUST_0055,REST_105,Burger King,Pune,2024-01-28,14:06:58,Burger,Smoky BBQ Burger,1,249.0,30.0,0.0,UPI,Delivered,38,4.0
ORD_04076,CUST_0010,REST_117,Mainland China,Mumbai,2024-03-29,15:54:24,Chinese,Veg Hakka Noodles,2,180.0,50.0,71.6,UPI,Cancelled,0,0.0
ORD_04077,CUST_0483,REST_114,Barbeque Nation,Mumbai,2024-12-09,22:41:16,Indian,Paneer Butter Masala,2,280.0,20.0,38.01,UPI,Delivered,56,4.5
ORD_04078,CUST_0227,REST_101,Domino's Pizza,Delhi,2024-02-12,13:17:00,Pizza,Margherita Pizza,1,249.0,40.0,96.49,Cash,Delivered,32,3.0
ORD_04079,CUST_0509,REST_131,Cafe Coffee Day,Delhi,2024-05-28,12:50:53,Beverages,Mango Smoothie,2,160.0,50.0,0.0,UPI,Delivered,33,3.0
ORD_04080,CUST_0150,REST_103,Ovenstory Pizza,Hyderabad,2024-07-24,19:44:54,Pizza,Paneer Tikka Pizza,1,349.0,40.0,136.38,Cash,Delivered,52,4.0
ORD_04081,CUST_0793,REST_109,Paradise Biryani,Kolkata,2024-08-10,20:38:22,Biryani,Paneer Biryani,4,260.0,20.0,71.79,Cash,Delivered,26,5.0
ORD_04082,CUST_0600,REST_115,Haldiram's,Mumbai,2024-07-16,13:26:14,Indian,Butter Chicken,3,360.0,30.0,0.0,Cash,Delivered,25,3.0
ORD_04083,CUST_0316,REST_125,Baskin Robbins,Kolkata,2024-10-31,22:31:50,desserts,Chocolate Truffle Pastry,3,140.0,50.0,47.46,Cash,Delivered,65,4.5
ORD_04084,CUST_0504,REST_119,Wok Express,Hyderabad,2024-03-04,19:29:32,Chinese,Schezwan Veg Momos,1,150.0,30.0,0.0,UPI,Delivered,48,5.0
ORD_04085,CUST_0268,REST_118,Wow! Momo,Pune,2024-03-18,22:25:22,Chinese,Veg Hakka Noodles,5,180.0,50.0,41.71,Cash,Delivered,62,5.0
ORD_04086,CUST_0304,REST_132,Chai Point,Chennai,2024-03-27,22:26:43,Beverages,Mango Smoothie,1,160.0,50.0,107.06,UPI,Pending,28,0.0
ORD_04087,CUST_0638,REST_132,Chai Point,Ahmedabad,2024-11-24,16:03:16,Beverages,Mango Smoothie,2,160.0,0.0,71.88,Cash,Delivered,23,4.0
ORD_04088,CUST_0683,REST_107,Wendy's,Delhi,2024-08-07,20:39:55,Burger,Classic Chicken Burger,1,199.0,50.0,0.0,UPI,Delivered,61,4.5
ORD_04089,CUST_0273,REST_132,Chai Point,Pune,2024-04-22,15:37:21,Beverages,Iced Green Tea,2,130.0,0.0,0.0,Wallet,Delivered,60,2.5
ORD_04090,CUST_0395,REST_107,Wendy's,Hyderabad,2024-04-26,19:12:44,Burger,Crispy Veg Burger,3,129.0,40.0,66.57,UPI,Delivered,29,5.0
ORD_04091,CUST_0076,REST_128,Belgian Waffle Co,Mumbai,2024-04-27,18:11:43,Desserts,Gulab Jamun (2 pcs),1,80.0,30.0,109.82,UPI,Delivered,52,4.0
ORD_04092,CUST_0684,REST_115,Haldiram's,Ahmedabad,2024-01-02,12:53:03,Indian,Paneer Butter Masala,1,280.0,20.0,0.0,UPI,Delivered,48,4.5
ORD_04093,CUST_0536,REST_108,The Burger Club,Pune,2024-05-28,20:33:12,Burger,Fiery Paneer Burger,1,179.0,20.0,0.0,credit card,Delivered,37,4.5
ORD_04094,CUST_0198,REST_104,La Pino'z Pizza,Delhi,2024-08-22,21:15:15,Pizza,Paneer Tikka Pizza,2,349.0,30.0,0.0,Debit Card,Delivered,48,4.0
ORD_04095,CUST_0583,REST_112,Meghana Foods,Mumbai,2024-01-30,14:12:21,Biryani,Mutton Dum Biryani,1,450.0,30.0,0.0,UPI,Delivered,47,2.0
ORD_04096,CUST_0320,REST_129,Starbucks,Pune,2024-05-26,14:35:29,Beverages,Cold Coffee with Ice Cream,1,150.0,0.0,134.06,Cash,Pending,34,
ORD_04097,CUST_0281,REST_108,The Burger Club,Delhi,2024-10-02,12:05:00,Burger,Double Whopper,1,299.0,0.0,0.0,UPI,Delivered,61,4.0
ORD_04098,CUST_0460,REST_103,Ovenstory Pizza,Mumbai,2024-01-20,13:12:50,Pizza,Paneer Tikka Pizza,2,349.0,30.0,0.0,Wallet,Delivered,52,5.0
ORD_04099,CUST_0614,REST_120,Berco's,Chennai,2024-07-18,14:23:31,Chinese,Chilli Chicken Gravy,2,270.0,20.0,0.0,Credit Card,Delivered,30,4.5
ORD_04100,CUST_0722,REST_114,Barbeque Nation,Kolkata,2024-06-16,21:07:38,Indian,Butter Chicken,1,360.0,40.0,116.62,UPI,Delivered,55,3.0
ORD_04101,CUST_0390,REST_128,Belgian Waffle Co,Kolkata,2024-07-15,22:44:12,Desserts,Nutella Brownie,1,130.0,50.0,53.72,UPI,Delivered,20,4.0
ORD_04102,CUST_0757,REST_127,Naturals Ice Cream,Pune,2024-03-01,14:44:40,Desserts,Red Velvet Jar Cake,2,175.0,50.0,74.48,UPI,Delivered,51,5.0
ORD_04103,CUST_0120,REST_118,Wow! Momo,Delhi,2024-06-04,19:10:09,Chinese,Schezwan Veg Momos,3,150.0,0.0,33.16,Cash,Pending,40,0.0
ORD_04104,CUST_0567,REST_115,Haldiram's,Mumbai,2024-07-11,22:15:58,Indian,Butter Chicken,2,360.0,50.0,0.0,UPI,Delivered,45,4.0
ORD_04105,CUST_0408,REST_121,Subway,Bangalore,2024-02-11,23:46:41,Fast Food,Paneer Wrap,2,160.0,40.0,82.06,Wallet,Delivered,21,4.5
ORD_04106,CUST_0448,REST_126,Theobroma,Mumbai,2024-05-05,20:27:31,Desserts,Red Velvet Jar Cake,2,175.0,20.0,38.71,UPI,Pending,21,0.0
ORD_04107,CUST_0577,REST_113,Punjab Grill,Ahmedabad,2024-02-15,08:54:46,Indian,Paneer Butter Masala,1,280.0,40.0,0.0,UPI,Delivered,22,4.5
ORD_04108,CUST_0642,REST_114,Barbeque Nation,Delhi,2024-05-04,21:58:52,Indian,Garlic Naan Combo,1,160.0,30.0,33.44,UPI,Delivered,33,4.0
ORD_04109,CUST_0440,REST_118,Wow! Momo,Bangalore,2024-10-30,21:57:24,Chinese,Manchurian Gravy,3,210.0,50.0,0.0,Debit Card,Delivered,60,4.5
ORD_04110,CUST_0514,REST_110,Behrouz Biryani,Delhi,2024-01-14,20:41:30,Biryani,Paneer Biryani,1,260.0,40.0,0.0,Credit Card,Pending,44,0.0
ORD_04111,CUST_0074,REST_108,The Burger Club,Chennai,2024-12-19,20:07:10,Burger,Double Whopper,1,299.0,20.0,0.0,UPI,Delivered,39,1.0
ORD_04112,CUST_0670,REST_121,Subway,Ahmedabad,2024-03-21,21:35:36,Fast Food,Cheesy French Fries,1,120.0,30.0,0.0,Credit Card,Cancelled,0,0.0
ORD_04113,CUST_0078,REST_110,Behrouz Biryani,Hyderabad,2024-08-18,08:37:01,Biryani,Mutton Dum Biryani,3,450.0,0.0,0.0,Debit Card,Delivered,32,4.5
ORD_04114,CUST_0337,REST_115,Haldiram's,Hyderabad,2024-04-24,14:44:08,Indian,Kadhai Paneer,3,270.0,40.0,65.3,UPI,Delivered,51,5.0
ORD_04115,CUST_0547,REST_127,Naturals Ice Cream,Hyderabad,2024-11-03,09:15:55,Desserts,Belgian Chocolate Waffle,3,160.0,0.0,104.06,Debit Card,Cancelled,0,0.0
ORD_04116,CUST_0070,REST_120,Berco's,Hyderabad,2024-01-21,19:24:22,Chinese,Manchurian Gravy,1,210.0,20.0,0.0,Debit Card,Delivered,48,5.0
ORD_04117,CUST_0185,REST_117,Mainland China,Hyderabad,2024-10-03,14:28:31,Chinese,Schezwan Veg Momos,1,150.0,30.0,123.03,Cash,Delivered,56,4.0
ORD_04118,CUST_0456,REST_118,Wow! Momo,Hyderabad,2024-10-02,08:46:48,Chinese,Veg Hakka Noodles,1,180.0,20.0,0.0,Debit Card,Delivered,26,3.5
ORD_04119,CUST_0205,REST_122,KFC,Ahmedabad,2024-03-09,12:21:26,Fast Food,Cheesy French Fries,1,120.0,0.0,91.82,UPI,Delivered,43,4.5
ORD_04120,CUST_0362,REST_103,Ovenstory Pizza,Bangalore,2024-11-28,09:51:12,Pizza,Pepperoni Feast,1,499.0,0.0,141.92,Cash,Cancelled,0,0.0
ORD_04121,CUST_0751,REST_105,Burger King,Kolkata,2024-02-19,18:00:02,Burger,Crispy Veg Burger,2,129.0,50.0,29.33,UPI,Delivered,46,5.0
ORD_04122,CUST_0360,REST_103,Ovenstory Pizza,Bangalore,2024-05-05,18:53:16,Pizza,Cheese Burst Pizza,1,429.0,40.0,32.92,Cash,Delivered,47,1.0
ORD_04123,CUST_0334,REST_124,Faasos,Delhi,2024-08-07,10:36:34,Fast Food,Cheesy French Fries,1,120.0,30.0,70.18,UPI,Delivered,31,5.0
ORD_04124,CUST_0568,REST_131,Cafe Coffee Day,Chennai,2024-12-21,23:08:27,Beverages,Cold Coffee with Ice Cream,2,150.0,30.0,0.0,Cash,Cancelled,0,0.0
ORD_04125,CUST_0696,REST_113,Punjab Grill,Bangalore,2024-04-08,09:42:09,Indian,Dal Makhani,1,220.0,0.0,0.0,UPI,Pending,44,0.0
ORD_04126,CUST_0530,REST_118,Wow! Momo,Mumbai,2024-10-20,12:34:30,Chinese,Schezwan Veg Momos,1,150.0,30.0,0.0,UPI,Delivered,55,4.5
ORD_04127,CUST_0677,REST_104,La Pino'z Pizza,Kolkata,2024-07-15,19:41:09,Pizza,Margherita Pizza,4,249.0,40.0,115.04,Credit Card,Delivered,51,4.0
ORD_04128,CUST_0445,REST_128,Belgian Waffle Co,Bangalore,2024-11-09,13:48:56,Desserts,Gulab Jamun (2 pcs),1,80.0,20.0,139.18,Debit Card,Delivered,36,5.0
ORD_04129,CUST_0071,REST_131,Cafe Coffee Day,Delhi,2024-10-31,22:52:04,Beverages,Masala Chai (Flask),2,110.0,0.0,20.58,Cash,Delivered,62,5.0
ORD_04130,CUST_0373,REST_125,Baskin Robbins,Hyderabad,2024-06-20,14:04:58,Desserts,Belgian Chocolate Waffle,3,160.0,20.0,0.0,Credit Card,Delivered,42,4.0
ORD_04131,CUST_0309,REST_124,Faasos,Delhi,2024-01-06,23:08:27,Fast Food,Crispy Chicken Bucket,1,480.0,40.0,68.22,UPI,Cancelled,0,0.0
ORD_04132,CUST_0762,REST_127,Naturals Ice Cream,Mumbai,2024-01-27,21:18:22,Desserts,Chocolate Truffle Pastry,1,140.0,20.0,29.42,Cash,Pending,39,0.0
ORD_04133,CUST_0164,REST_108,The Burger Club,Delhi,2024-05-25,23:10:42,Burger,Fiery Paneer Burger,1,179.0,20.0,98.67,Cash,Delivered,62,4.5
ORD_04134,CUST_0772,REST_116,Saravanaa Bhavan,Hyderabad,2024-10-24,12:14:16,Indian,Dal Makhani,1,220.0,50.0,0.0,Wallet,Delivered,23,4.5
ORD_04135,CUST_0606,REST_128,Belgian Waffle Co,Chennai,2024-08-09,14:42:48,Desserts,Belgian Chocolate Waffle,1,160.0,50.0,29.99,Cash,Delivered,51,5.0
ORD_04136,CUST_0481,REST_121,Subway,Ahmedabad,2024-02-17,21:26:12,Fast Food,Veggie Delight Sub,1,190.0,40.0,82.79,Credit Card,Delivered,45,5.0
ORD_04137,CUST_0725,REST_120,Berco's,Chennai,2024-09-12,21:20:42,Chinese,Chicken Fried Rice,1,230.0,50.0,49.38,Debit Card,Delivered,24,4.5
ORD_04138,CUST_0256,REST_116,Saravanaa Bhavan,Hyderabad,2024-11-11,13:01:04,Indian,Butter Chicken,1,360.0,30.0,40.05,Credit Card,Delivered,61,4.5
ORD_04139,CUST_0078,REST_119,Wok Express,Chennai,2024-07-05,20:05:16,Chinese,Manchurian Gravy,1,210.0,50.0,109.07,Credit Card,Delivered,50,5.0
ORD_04140,CUST_0146,REST_117,Mainland China,Pune,2024-05-06,12:38:14,Chinese,Chilli Chicken Gravy,3,270.0,20.0,105.43,Credit Card,Delivered,60,5.0
ORD_04141,CUST_0185,REST_127,Naturals Ice Cream,Delhi,2024-12-13,22:05:52,Desserts,Belgian Chocolate Waffle,1,160.0,0.0,64.62,Cash,Delivered,63,4.5
ORD_04142,,REST_129,Starbucks,Bangalore,2024-01-06,21:54:31,Beverages,Iced Green Tea,1,130.0,40.0,138.16,Cash,Delivered,33,4.0
ORD_04143,CUST_0144,REST_109,Paradise Biryani,Pune,2024-07-28,12:58:25,Biryani,Veg Dum Biryani,3,240.0,0.0,108.93,UPI,Delivered,28,4.5
ORD_04144,CUST_0164,REST_126,Theobroma,Bangalore,2024-01-11,20:48:34,Desserts,Chocolate Truffle Pastry,1,140.0,20.0,74.71,UPI,Delivered,65,5.0
ORD_04145,CUST_0543,REST_126,Theobroma,Delhi,2024-05-22,19:08:29,Desserts,Chocolate Truffle Pastry,1,140.0,0.0,131.68,UPI,Cancelled,0,0.0
ORD_04146,CUST_0173,REST_118,Wow! Momo,Ahmedabad,2024-10-05,13:10:17,Chinese,Schezwan Veg Momos,1,150.0,30.0,24.45,UPI,Delivered,21,4.0
ORD_04147,CUST_0739,REST_113,Punjab Grill,Kolkata,2024-06-01,13:39:57,Indian,Garlic Naan Combo,2,160.0,50.0,139.6,Cash,Delivered,35,5.0
ORD_04148,CUST_0641,REST_111,Bawarchi,Hyderabad,2024-07-11,15:09:08,Biryani,Veg Dum Biryani,3,240.0,50.0,0.0,Debit Card,Delivered,20,4.5
ORD_04149,CUST_0559,REST_117,Mainland China,Delhi,2024-04-13,22:29:22,Chinese,Chicken Fried Rice,5,230.0,50.0,93.59,UPI,Delivered,32,4.5
ORD_04150,CUST_0289,REST_117,Mainland China,Kolkata,2024-07-28,14:06:13,Chinese,Manchurian Gravy,1,210.0,20.0,126.77,UPI,Delivered,24,4.5
ORD_04151,CUST_0512,REST_120,Berco's,Pune,2024-12-07,12:56:15,Chinese,Chilli Chicken Gravy,1,270.0,40.0,0.0,Cash,Cancelled,0,0.0
ORD_04152,CUST_0523,REST_112,Meghana Foods,Bangalore,2024-07-23,23:31:29,Biryani,Hyderabadi Chicken Biryani,1,320.0,0.0,37.17,UPI,Delivered,38,3.0
ORD_04153,CUST_0449,REST_110,Behrouz Biryani,Mumbai,2024-10-03,19:46:42,Biryani,Kolkata Special Biryani,1,350.0,40.0,104.04,UPI,Delivered,23,3.5
ORD_04154,CUST_0307,REST_106,McDonald's,Pune,2024-05-11,10:46:11,Burger,Crispy Veg Burger,2,129.0,50.0,122.63,Credit Card,Delivered,60,4.5
ORD_04155,CUST_0656,REST_112,Meghana Foods,Chennai,2024-12-13,21:44:32,Biryani,Veg Dum Biryani,1,240.0,20.0,0.0,Cash,Delivered,58,4.0
ORD_04156,CUST_0684,REST_125,Baskin Robbins,Mumbai,2024-06-07,12:03:07,Desserts,Red Velvet Jar Cake,1,175.0,30.0,37.85,Credit Card,Delivered,32,5.0
ORD_04157,CUST_0056,REST_124,Faasos,Pune,2024-09-04,09:06:26,Fast Food,Veggie Delight Sub,2,190.0,50.0,0.0,UPI,Delivered,61,5.0
ORD_04158,CUST_0762,REST_122,KFC,Mumbai,2024-01-01,22:32:06,Fast Food,Chicken Zinger Meal,2,299.0,30.0,65.68,Cash,Delivered,61,5.0
ORD_04159,CUST_0484,REST_126,Theobroma,Bangalore,2024-10-23,21:47:50,Desserts,Red Velvet Jar Cake,1,175.0,0.0,34.97,UPI,Delivered,26,4.5
ORD_04160,CUST_0675,REST_128,Belgian Waffle Co,Ahmedabad,2024-11-30,19:00:06,Desserts,Gulab Jamun (2 pcs),2,80.0,30.0,56.78,Cash,Cancelled,0,0.0
ORD_04161,CUST_0764,REST_115,Haldiram's,Kolkata,2024-07-11,19:09:17,Indian,Kadhai Paneer,3,270.0,0.0,33.82,Cash,Delivered,27,3.5
ORD_04162,CUST_0356,REST_110,Behrouz Biryani,Pune,2024-08-20,19:12:40,Biryani,Veg Dum Biryani,5,240.0,50.0,23.87,Cash,Delivered,33,4.5
ORD_04163,CUST_0294,REST_112,Meghana Foods,Kolkata,2024-10-29,12:56:01,Biryani,Hyderabadi Chicken Biryani,2,320.0,30.0,0.0,Credit Card,Delivered,39,4.0
ORD_04164,CUST_0165,REST_129,Starbucks,Delhi,2024-07-28,13:54:32,Beverages,Mango Smoothie,1,160.0,50.0,75.85,Cash,Delivered,62,4.0
ORD_04165,CUST_0442,REST_112,Meghana Foods,Chennai,2024-04-18,14:54:37,Biryani,Mutton Dum Biryani,1,450.0,20.0,0.0,Debit Card,Cancelled,0,0.0
ORD_04166,CUST_0373,REST_112,Meghana Foods,Ahmedabad,2024-10-08,14:07:42,Biryani,Mutton Dum Biryani,2,450.0,30.0,59.81,Debit Card,Delivered,61,5.0
ORD_04167,CUST_0403,REST_103,Ovenstory Pizza,Ahmedabad,2024-02-05,13:43:30,Pizza,Paneer Tikka Pizza,1,349.0,40.0,95.88,Cash,Delivered,44,5.0
ORD_04168,CUST_0690,REST_110,Behrouz Biryani,Delhi,2024-04-12,12:33:01,Biryani,Kolkata Special Biryani,3,350.0,20.0,53.05,Cash,Delivered,22,5.0
ORD_04169,CUST_0155,REST_128,Belgian Waffle Co,Mumbai,2024-10-02,21:24:30,Desserts,Red Velvet Jar Cake,1,175.0,50.0,31.54,Credit Card,Pending,20,0.0
ORD_04170,CUST_0640,REST_131,Cafe Coffee Day,Bangalore,2024-10-31,20:34:15,Beverages,Iced Green Tea,2,130.0,40.0,65.03,UPI,Delivered,53,3.0
ORD_04171,CUST_0385,REST_107,Wendy's,Mumbai,2024-09-07,19:04:05,Burger,Fiery Paneer Burger,4,179.0,50.0,48.39,Debit Card,Delivered,49,5.0
ORD_04172,CUST_0174,REST_106,McDonald's,Chennai,2024-01-20,20:28:17,Burger,Fiery Paneer Burger,0,179.0,40.0,44.0,Wallet,Delivered,54,3.5
ORD_04173,CUST_0088,REST_131,Cafe Coffee Day,Bangalore,2024-05-20,13:31:28,Beverages,Iced Green Tea,1,130.0,30.0,108.88,UPI,Delivered,60,3.5
ORD_04174,CUST_0606,REST_120,Berco's,Bangalore,2024-06-30,13:53:39,Chinese,Schezwan Veg Momos,2,150.0,20.0,0.0,UPI,Cancelled,0,0.0
ORD_04175,CUST_0616,REST_121,Subway,Hyderabad,2024-01-16,22:58:07,Fast Food,Chicken Zinger Meal,1,299.0,0.0,73.4,Cash,Delivered,61,1.0
ORD_04176,CUST_0223,REST_111,Bawarchi,Kolkata,2024-10-09,21:37:56,Biryani,Mutton Dum Biryani,1,450.0,20.0,128.22,UPI,Delivered,28,4.0
ORD_04177,CUST_0476,REST_119,Wok Express,Bangalore,2024-06-26,22:40:41,Chinese,Schezwan Veg Momos,2,150.0,20.0,24.94,Debit Card,Delivered,57,5.0
ORD_04178,CUST_0626,REST_124,Faasos,Bangalore,2024-07-29,18:00:24,Fast Food,Paneer Wrap,1,160.0,0.0,81.42,UPI,Delivered,43,4.5
ORD_04179,CUST_0030,REST_123,Taco Bell,Hyderabad,2024-10-09,19:43:43,Fast Food,Cheesy French Fries,2,120.0,0.0,55.99,UPI,Delivered,48,4.5
ORD_04180,CUST_0655,REST_116,Saravanaa Bhavan,Delhi,2024-01-21,13:46:46,Indian,Paneer Butter Masala,3,280.0,50.0,0.0,UPI,Delivered,33,4.0
ORD_04181,CUST_0240,REST_110,Behrouz Biryani,Ahmedabad,2024-10-26,11:00:38,Biryani,Kolkata Special Biryani,2,350.0,40.0,44.91,Credit Card,Delivered,24,3.5
ORD_04182,CUST_0007,REST_127,Naturals Ice Cream,Delhi,2024-08-02,12:17:52,Desserts,Chocolate Truffle Pastry,1,140.0,0.0,0.0,UPI,Cancelled,0,
ORD_04183,CUST_0628,REST_124,Faasos,Hyderabad,2024-09-05,13:00:03,Fast Food,Crispy Chicken Bucket,2,480.0,30.0,145.58,UPI,Delivered,24,4.0
ORD_04184,CUST_0542,REST_103,Ovenstory Pizza,Mumbai,2024-10-28,13:09:14,Pizza,Pepperoni Feast,1,499.0,30.0,68.39,UPI,Delivered,56,5.0
ORD_04185,CUST_0179,REST_111,Bawarchi,Delhi,2024-01-04,20:15:44,Biryani,Mutton Dum Biryani,0,450.0,40.0,33.14,UPI,Delivered,45,4.0
ORD_04186,CUST_0262,REST_119,Wok Express,Ahmedabad,2024-12-01,08:38:40,Chinese,Schezwan Veg Momos,0,150.0,0.0,0.0,UPI,Delivered,58,4.0
ORD_04187,CUST_0746,REST_128,Belgian Waffle Co,Ahmedabad,2024-09-27,20:59:12,Desserts,Gulab Jamun (2 pcs),1,80.0,20.0,39.29,Credit Card,Delivered,32,4.5
ORD_04188,CUST_0696,REST_102,Pizza Hut,Delhi,2024-07-23,14:25:13,Pizza,Pepperoni Feast,1,499.0,30.0,0.0,UPI,Delivered,33,2.5
ORD_04189,CUST_0100,REST_126,Theobroma,Delhi,2024-10-11,17:55:22,Desserts,Gulab Jamun (2 pcs),2,80.0,40.0,32.92,Credit Card,Delivered,33,5.0
ORD_04190,CUST_0666,REST_125,Baskin Robbins,Bangalore,2024-08-13,13:59:08,Desserts,Red Velvet Jar Cake,1,175.0,50.0,71.87,Cash,Delivered,47,5.0
ORD_04191,CUST_0310,REST_104,La Pino'z Pizza,Mumbai,2024-02-11,10:00:49,Pizza,Farmhouse Supreme,1,399.0,20.0,66.67,UPI,Delivered,54,4.5
ORD_04192,CUST_0571,REST_127,Naturals Ice Cream,Kolkata,2024-11-06,10:48:53,Desserts,Belgian Chocolate Waffle,1,160.0,20.0,77.83,UPI,Delivered,53,5.0
ORD_04193,CUST_0171,REST_115,Haldiram's,Delhi,2024-04-21,20:56:53,Indian,Butter Chicken,1,360.0,0.0,123.49,UPI,Cancelled,0,0.0
ORD_04194,CUST_0385,REST_113,Punjab Grill,Mumbai,2024-11-01,19:37:21,Indian,Butter Chicken,3,360.0,40.0,21.45,UPI,Delivered,27,5.0
ORD_04195,CUST_0177,REST_124,Faasos,Kolkata,2024-04-18,22:00:27,Fast Food,Paneer Wrap,2,160.0,20.0,134.11,UPI,Delivered,36,5.0
ORD_04196,CUST_0252,REST_122,KFC,Mumbai,2024-11-11,13:26:15,Fast Food,Cheesy French Fries,1,120.0,50.0,111.76,Credit Card,Cancelled,0,0.0
ORD_04197,CUST_0334,REST_130,Chaayos,Bangalore,2024-08-13,23:49:16,Beverages,Iced Green Tea,1,130.0,0.0,0.0,Cash,Delivered,18,5.0
ORD_04198,CUST_0795,REST_117,Mainland China,Pune,2024-05-07,21:01:06,Chinese,Chilli Chicken Gravy,1,270.0,50.0,58.44,UPI,Pending,31,0.0
ORD_04199,CUST_0800,REST_129,Starbucks,Hyderabad,2024-10-27,20:34:56,Beverages,Iced Green Tea,1,130.0,50.0,49.32,Credit Card,Cancelled,0,0.0
ORD_04200,CUST_0690,REST_102,Pizza Hut,Hyderabad,2024-06-20,20:48:03,Pizza,Cheese Burst Pizza,1,429.0,30.0,42.23,Wallet,Cancelled,0,0.0
ORD_04201,CUST_0727,REST_123,Taco Bell,Delhi,2024-07-26,22:52:02,Fast Food,Paneer Wrap,1,160.0,20.0,113.83,UPI,Delivered,64,5.0
ORD_04202,CUST_0564,REST_110,Behrouz Biryani,Chennai,2024-11-12,20:46:51,Biryani,Veg Dum Biryani,1,240.0,50.0,22.49,UPI,Delivered,39,4.5
ORD_04203,CUST_0729,REST_110,Behrouz Biryani,Pune,2024-12-16,20:27:21,Biryani,Veg Dum Biryani,1,240.0,0.0,47.01,Cash,Delivered,32,5.0
ORD_04204,CUST_0087,REST_112,Meghana Foods,Ahmedabad,2024-12-18,13:59:38,Biryani,Veg Dum Biryani,2,240.0,40.0,0.0,UPI,Delivered,35,4.5
ORD_04205,CUST_0323,REST_125,Baskin Robbins,Hyderabad,2024-12-27,13:31:46,Desserts,Gulab Jamun (2 pcs),2,80.0,40.0,46.91,upi,Delivered,61,5.0
ORD_04206,CUST_0652,REST_101,Domino's Pizza,Ahmedabad,2024-02-03,22:18:32,Pizza,Paneer Tikka Pizza,1,349.0,20.0,85.87,UPI,Delivered,43,4.5
ORD_04207,CUST_0523,REST_101,Domino's Pizza,Mumbai,2024-09-25,21:24:43,Pizza,Farmhouse Supreme,4,399.0,30.0,0.0,Credit Card,Delivered,63,5.0
ORD_04208,CUST_0422,REST_125,Baskin Robbins,Mumbai,2024-10-11,19:30:45,Desserts,Red Velvet Jar Cake,1,175.0,50.0,0.0,UPI,Delivered,44,4.5
ORD_04209,CUST_0147,REST_128,Belgian Waffle Co,Hyderabad,2024-08-08,21:45:23,Desserts,Belgian Chocolate Waffle,2,160.0,50.0,44.74,Cash,Delivered,51,5.0
ORD_04210,CUST_0456,REST_108,The Burger Club,Delhi,2024-05-24,11:33:46,Burger,Double Whopper,1,299.0,40.0,0.0,Cash,Delivered,47,5.0
ORD_04211,CUST_0726,REST_130,Chaayos,Pune,2024-07-16,11:14:26,Beverages,Caffe Latte,1,220.0,50.0,0.0,UPI,Delivered,43,5.0
ORD_04212,CUST_0646,REST_109,Paradise Biryani,Bangalore,2024-06-06,14:56:20,Biryani,Kolkata Special Biryani,2,350.0,40.0,0.0,Debit Card,Delivered,33,3.0
ORD_04213,CUST_0352,REST_110,Behrouz Biryani,Delhi,2024-05-26,12:17:10,Biryani,Hyderabadi Chicken Biryani,1,320.0,30.0,38.85,Debit Card,Pending,30,0.0
ORD_04214,CUST_0702,REST_118,Wow! Momo,Delhi,2024-04-21,12:22:03,Chinese,Chilli Chicken Gravy,1,270.0,40.0,120.31,Credit Card,Delivered,20,5.0
ORD_04215,CUST_0258,REST_123,Taco Bell,Delhi,2024-12-02,14:18:37,Fast Food,Paneer Wrap,1,160.0,50.0,0.0,Debit Card,Pending,24,0.0
ORD_04216,CUST_0430,REST_132,Chai Point,Mumbai,2024-05-20,13:25:18,Beverages,Cold Coffee with Ice Cream,1,150.0,40.0,83.01,Debit Card,Delivered,33,4.0
ORD_04217,CUST_0178,REST_115,Haldiram's,Bangalore,2024-08-23,22:37:45,Indian,Paneer Butter Masala,5,280.0,20.0,131.06,Wallet,Delivered,21,5.0
ORD_04218,CUST_0322,REST_101,Domino's Pizza,Pune,2024-03-22,11:30:10,Pizza,Margherita Pizza,3,249.0,50.0,35.86,UPI,Delivered,20,4.0
ORD_04219,CUST_0202,REST_122,KFC,Delhi,2024-02-17,23:07:30,Fast Food,Crispy Chicken Bucket,5,480.0,40.0,38.98,Credit Card,Delivered,23,4.5
ORD_04220,CUST_0569,REST_120,Berco's,Pune,2024-11-27,21:24:36,Chinese,Chilli Chicken Gravy,1,270.0,40.0,87.0,UPI,Delivered,58,4.0
ORD_04221,CUST_0317,REST_108,The Burger Club,Bangalore,2024-02-07,14:58:45,Burger,Crispy Veg Burger,1,129.0,30.0,89.33,UPI,Delivered,25,5.0
ORD_04222,CUST_0501,REST_127,Naturals Ice Cream,Mumbai,2024-06-07,14:50:59,Desserts,Belgian Chocolate Waffle,1,160.0,50.0,51.17,UPI,Delivered,48,4.5
ORD_04223,CUST_0245,REST_114,Barbeque Nation,Mumbai,2024-10-27,13:04:32,Indian,Garlic Naan Combo,1,160.0,0.0,0.0,Cash,Delivered,45,5.0
ORD_04224,CUST_0612,REST_103,Ovenstory Pizza,Hyderabad,2024-08-13,14:41:05,Pizza,Paneer Tikka Pizza,1,349.0,0.0,60.75,UPI,Delivered,36,5.0
ORD_04225,CUST_0356,REST_117,Mainland China,Ahmedabad,2024-09-14,18:06:28,Chinese,Manchurian Gravy,1,210.0,30.0,0.0,UPI,Pending,36,0.0
ORD_04226,CUST_0133,REST_110,Behrouz Biryani,Kolkata,2024-06-24,20:29:13,Biryani,Veg Dum Biryani,1,240.0,0.0,103.75,UPI,Delivered,56,4.5
ORD_04227,CUST_0779,REST_105,Burger King,Hyderabad,2024-07-22,19:20:38,Burger,Crispy Veg Burger,2,129.0,30.0,0.0,Credit Card,Delivered,18,4.0
ORD_04228,CUST_0519,REST_108,The Burger Club,Ahmedabad,2024-01-31,12:54:14,Burger,Smoky BBQ Burger,2,249.0,0.0,0.0,UPI,Delivered,24,5.0
ORD_04229,CUST_0539,REST_108,The Burger Club,Bangalore,2024-06-27,16:29:39,Burger,Smoky BBQ Burger,1,249.0,50.0,91.48,UPI,Pending,32,0.0
ORD_04230,CUST_0644,REST_105,Burger King,Pune,2024-08-06,20:33:46,Burger,Smoky BBQ Burger,1,249.0,20.0,31.53,Cash,Delivered,33,4.5
ORD_04231,CUST_0334,REST_112,Meghana Foods,Ahmedabad,2024-06-19,14:20:01,Biryani,Hyderabadi Chicken Biryani,2,320.0,50.0,122.24,Cash,Delivered,44,4.5
ORD_04232,CUST_0790,REST_132,Chai Point,Ahmedabad,2024-08-26,14:30:07,Beverages,Mango Smoothie,1,160.0,0.0,33.98,Wallet,Delivered,49,5.0
ORD_04233,CUST_0402,REST_114,Barbeque Nation,Pune,2024-06-20,14:34:24,Indian,Kadhai Paneer,1,270.0,30.0,62.51,Credit Card,Pending,32,0.0
ORD_04234,CUST_0655,REST_125,Baskin Robbins,Mumbai,2024-12-24,23:58:22,Desserts,Nutella Brownie,1,130.0,20.0,64.65,Debit Card,Delivered,34,5.0
ORD_04235,CUST_0003,REST_122,KFC,Delhi,2024-06-29,08:00:48,Fast Food,Crispy Chicken Bucket,1,480.0,50.0,0.0,Credit Card,Delivered,52,5.0
ORD_04236,CUST_0301,REST_123,Taco Bell,Bangalore,2024-02-05,19:47:28,Fast Food,Chicken Zinger Meal,4,299.0,30.0,0.0,Wallet,Delivered,42,5.0
ORD_04237,CUST_0763,REST_111,Bawarchi,Hyderabad,2024-12-13,12:44:24,Biryani,Kolkata Special Biryani,2,350.0,20.0,40.14,UPI,Delivered,55,5.0
ORD_04238,CUST_0053,REST_111,Bawarchi,Chennai,2024-10-24,19:04:39,Biryani,Paneer Biryani,4,260.0,50.0,129.51,Cash,Delivered,63,4.0
ORD_04239,CUST_0242,REST_119,Wok Express,Bangalore,2024-09-11,15:19:41,Chinese,Chilli Chicken Gravy,1,270.0,50.0,24.15,Wallet,Delivered,55,5.0
ORD_04240,CUST_0729,REST_109,Paradise Biryani,Hyderabad,2024-08-10,22:35:50,Biryani,Hyderabadi Chicken Biryani,1,320.0,0.0,22.18,Cash,Delivered,20,5.0
ORD_04241,CUST_0655,REST_129,Starbucks,Kolkata,2024-05-26,10:50:16,Beverages,Masala Chai (Flask),1,110.0,20.0,0.0,UPI,Pending,25,0.0
ORD_04242,CUST_0630,REST_123,Taco Bell,Kolkata,2024-04-16,12:38:31,Fast Food,Chicken Zinger Meal,1,299.0,40.0,0.0,UPI,Delivered,60,4.5
ORD_04243,CUST_0384,REST_118,Wow! Momo,Delhi,2024-04-21,19:38:51,Chinese,Chilli Chicken Gravy,1,270.0,50.0,109.87,UPI,Delivered,21,5.0
ORD_04244,CUST_0634,REST_130,Chaayos,Hyderabad,2024-04-22,09:06:22,Beverages,Mango Smoothie,3,160.0,20.0,46.58,UPI,Delivered,52,4.0
ORD_04245,CUST_0545,REST_120,Berco's,Chennai,2024-10-23,19:09:36,Chinese,Manchurian Gravy,1,210.0,30.0,0.0,Cash,Delivered,28,5.0
ORD_04246,CUST_0529,REST_111,Bawarchi,Ahmedabad,2024-04-11,14:01:11,Biryani,Kolkata Special Biryani,1,350.0,0.0,108.95,Credit Card,Cancelled,0,0.0
ORD_04247,CUST_0044,REST_114,Barbeque Nation,Kolkata,2024-01-01,11:26:17,Indian,Dal Makhani,5,220.0,40.0,39.86,UPI,Delivered,20,4.5
ORD_04248,CUST_0203,REST_108,The Burger Club,Ahmedabad,2024-09-15,10:01:08,Burger,Classic Chicken Burger,2,199.0,0.0,96.67,UPI,Delivered,24,4.5
ORD_04249,CUST_0211,REST_109,Paradise Biryani,Bangalore,2024-02-04,21:55:01,Biryani,Kolkata Special Biryani,1,350.0,0.0,53.11,Cash,Delivered,38,5.0
ORD_04250,CUST_0478,REST_104,La Pino'z Pizza,Mumbai,2024-03-12,19:04:59,Pizza,Pepperoni Feast,1,499.0,40.0,0.0,UPI,Delivered,52,4.0
ORD_04251,CUST_0615,REST_114,Barbeque Nation,Bangalore,2024-01-09,16:31:01,Indian,Garlic Naan Combo,1,160.0,0.0,22.81,UPI,Delivered,38,5.0
ORD_04252,CUST_0571,REST_105,Burger King,Hyderabad,2024-06-15,12:08:58,Burger,Double Whopper,3,299.0,50.0,49.47,Credit Card,Delivered,27,4.0
ORD_04253,CUST_0276,REST_108,The Burger Club,Kolkata,2024-07-29,22:00:15,Burger,Smoky BBQ Burger,1,249.0,50.0,53.31,Cash,Delivered,38,4.0
ORD_04254,CUST_0143,REST_118,Wow! Momo,Ahmedabad,2024-05-04,11:54:36,Chinese,Manchurian Gravy,1,210.0,40.0,37.33,UPI,Delivered,44,5.0
ORD_04255,CUST_0324,REST_131,Cafe Coffee Day,Bangalore,2024-11-20,09:28:10,beverages,Iced Green Tea,1,130.0,50.0,0.0,Cash,Delivered,32,4.0
ORD_04256,CUST_0052,REST_110,Behrouz Biryani,Pune,2024-06-13,21:21:50,Biryani,Hyderabadi Chicken Biryani,1,320.0,0.0,0.0,Cash,Delivered,46,3.0
ORD_04257,CUST_0229,REST_128,Belgian Waffle Co,Bangalore,2024-01-17,20:07:07,Desserts,Chocolate Truffle Pastry,1,140.0,20.0,0.0,UPI,Delivered,61,5.0
ORD_04258,CUST_0327,REST_113,Punjab Grill,Delhi,2024-11-18,13:52:11,Indian,Kadhai Paneer,0,270.0,20.0,124.91,UPI,Delivered,49,4.0
ORD_04259,CUST_0021,REST_119,Wok Express,Hyderabad,2024-03-30,21:21:08,Chinese,Schezwan Veg Momos,1,150.0,30.0,0.0,Debit Card,Delivered,24,4.5
ORD_04260,CUST_0497,REST_117,Mainland China,Kolkata,2024-01-08,21:54:36,Chinese,Manchurian Gravy,1,210.0,30.0,0.0,Debit Card,Delivered,27,4.5
ORD_04261,CUST_0672,REST_128,Belgian Waffle Co,Pune,2024-12-03,22:55:03,Desserts,Chocolate Truffle Pastry,3,140.0,40.0,0.0,Credit Card,Delivered,18,5.0
ORD_04262,CUST_0041,REST_102,Pizza Hut,Bangalore,2024-07-10,22:29:55,Pizza,Margherita Pizza,2,249.0,20.0,0.0,Debit Card,Delivered,57,4.0
ORD_04263,CUST_0263,REST_119,Wok Express,Chennai,2024-08-18,13:19:29,Chinese,Veg Hakka Noodles,1,180.0,50.0,63.86,Credit Card,Delivered,57,4.5
ORD_04264,CUST_0372,REST_118,Wow! Momo,Delhi,2024-09-13,21:09:10,Chinese,Chilli Chicken Gravy,1,270.0,0.0,149.21,Credit Card,Delivered,44,5.0
ORD_04265,CUST_0330,REST_114,Barbeque Nation,Bangalore,2024-03-08,11:48:18,Indian,Butter Chicken,1,360.0,0.0,0.0,UPI,Delivered,63,4.5
ORD_04266,CUST_0299,REST_104,La Pino'z Pizza,Hyderabad,2024-12-19,13:27:00,Pizza,Margherita Pizza,2,249.0,20.0,26.05,UPI,Delivered,31,5.0
ORD_04267,CUST_0100,REST_116,Saravanaa Bhavan,Hyderabad,2024-07-01,12:46:48,Indian,Paneer Butter Masala,1,280.0,40.0,0.0,UPI,Delivered,63,4.5
ORD_04268,CUST_0423,REST_116,Saravanaa Bhavan,Bangalore,2024-09-29,20:01:50,Indian,Dal Makhani,1,220.0,40.0,112.79,UPI,Pending,41,0.0
ORD_04269,CUST_0449,REST_112,Meghana Foods,Chennai,2024-12-11,08:46:22,Biryani,Mutton Dum Biryani,1,450.0,40.0,24.0,Debit Card,Delivered,57,4.5
ORD_04270,CUST_0161,REST_105,Burger King,Bangalore,2024-09-16,08:38:04,Burger,Double Whopper,3,299.0,50.0,110.13,Credit Card,Delivered,62,4.5
ORD_04271,CUST_0475,REST_131,Cafe Coffee Day,Delhi,2024-09-11,14:35:28,Beverages,Mango Smoothie,3,160.0,40.0,0.0,UPI,Delivered,63,4.0
ORD_04272,CUST_0745,REST_117,Mainland China,Chennai,2024-07-12,21:13:56,Chinese,Chilli Chicken Gravy,3,270.0,40.0,100.19,Wallet,Delivered,29,5.0
ORD_04273,CUST_0221,REST_105,Burger King,Bangalore,2024-04-02,13:22:32,Burger,Crispy Veg Burger,1,129.0,30.0,0.0,Debit Card,Delivered,42,5.0
ORD_04274,CUST_0111,REST_106,McDonald's,Chennai,2024-01-22,21:09:31,Burger,Crispy Veg Burger,1,129.0,30.0,33.82,UPI,Delivered,58,5.0
ORD_04275,CUST_0541,REST_127,Naturals Ice Cream,Bangalore,2024-03-19,16:28:11,Desserts,Chocolate Truffle Pastry,2,140.0,20.0,32.33,UPI,Cancelled,0,0.0
ORD_04276,CUST_0035,REST_105,Burger King,Kolkata,2024-12-15,12:43:51,Burger,Double Whopper,1,299.0,20.0,0.0,Credit Card,Pending,23,0.0
ORD_04277,CUST_0261,REST_121,Subway,Bangalore,2024-10-04,23:44:18,Fast Food,Crispy Chicken Bucket,4,480.0,20.0,0.0,Cash,Delivered,23,2.5
ORD_04278,CUST_0176,REST_124,Faasos,Ahmedabad,2024-04-12,19:39:28,Fast Food,Crispy Chicken Bucket,3,480.0,50.0,0.0,Credit Card,Delivered,32,2.5
ORD_04279,CUST_0794,REST_117,Mainland China,Ahmedabad,2024-08-25,22:46:35,Chinese,Manchurian Gravy,3,210.0,30.0,0.0,Cash,Delivered,50,5.0
ORD_04280,CUST_0400,REST_106,McDonald's,Kolkata,2024-02-03,14:49:22,Burger,Fiery Paneer Burger,2,179.0,40.0,86.15,Credit Card,Delivered,60,4.5
ORD_04281,CUST_0055,REST_108,The Burger Club,Hyderabad,2024-01-22,19:06:57,Burger,Crispy Veg Burger,1,129.0,0.0,36.5,UPI,Cancelled,0,0.0
ORD_04282,CUST_0674,REST_116,Saravanaa Bhavan,Ahmedabad,2024-09-18,20:07:46,Indian,Dal Makhani,2,220.0,0.0,0.0,Cash,Delivered,48,4.0
ORD_04283,CUST_0082,REST_113,Punjab Grill,Pune,2024-03-07,14:04:58,Indian,Garlic Naan Combo,1,160.0,40.0,52.0,Credit Card,Delivered,49,3.5
ORD_04284,CUST_0068,REST_125,Baskin Robbins,Pune,2024-05-16,14:43:52,Desserts,Gulab Jamun (2 pcs),2,80.0,50.0,35.78,Cash,Delivered,60,5.0
ORD_04285,CUST_0280,REST_119,Wok Express,Pune,2024-09-14,14:18:20,Chinese,Chicken Fried Rice,1,230.0,40.0,0.0,UPI,Cancelled,0,0.0
ORD_04286,CUST_0456,REST_107,Wendy's,Hyderabad,2024-03-29,21:05:44,Burger,Classic Chicken Burger,1,199.0,50.0,143.23,UPI,Delivered,52,2.5
ORD_04287,CUST_0530,REST_104,La Pino'z Pizza,Kolkata,2024-06-01,21:26:47,Pizza,Pepperoni Feast,2,499.0,40.0,79.75,UPI,Delivered,42,4.5
ORD_04288,CUST_0568,REST_126,Theobroma,Bangalore,2024-03-31,13:13:23,Desserts,Belgian Chocolate Waffle,2,160.0,50.0,122.9,UPI,Delivered,26,5.0
ORD_04289,CUST_0404,REST_130,Chaayos,Bangalore,2024-09-30,20:07:32,Beverages,Masala Chai (Flask),1,110.0,0.0,20.57,Cash,Pending,43,0.0
ORD_04290,CUST_0265,REST_125,Baskin Robbins,Bangalore,2024-11-19,22:07:51,Desserts,Belgian Chocolate Waffle,1,160.0,40.0,110.42,Cash,Delivered,63,
ORD_04291,CUST_0431,REST_106,McDonald's,Delhi,2024-10-10,12:39:44,Burger,Fiery Paneer Burger,2,179.0,40.0,148.57,Credit Card,Delivered,63,5.0
ORD_04292,CUST_0368,REST_115,Haldiram's,Bangalore,2024-11-18,21:38:27,Indian,Kadhai Paneer,1,270.0,50.0,0.0,Credit Card,Delivered,43,5.0
ORD_04293,CUST_0073,REST_107,Wendy's,Pune,2024-06-14,12:50:38,Burger,Classic Chicken Burger,1,199.0,0.0,98.31,Cash,Cancelled,0,0.0
ORD_04294,CUST_0649,REST_118,Wow! Momo,Mumbai,2024-03-11,21:25:23,Chinese,Chilli Chicken Gravy,1,270.0,50.0,31.01,Credit Card,Delivered,23,4.5
ORD_04295,CUST_0730,REST_115,Haldiram's,Kolkata,2024-11-11,08:33:47,Indian,Kadhai Paneer,3,270.0,40.0,28.12,Cash,Delivered,50,5.0
ORD_04296,CUST_0510,REST_107,Wendy's,Ahmedabad,2024-01-13,17:50:24,Burger,Crispy Veg Burger,4,129.0,0.0,53.08,UPI,Delivered,45,5.0
ORD_04297,CUST_0538,REST_131,Cafe Coffee Day,Kolkata,2024-05-18,13:58:07,Beverages,Caffe Latte,1,220.0,20.0,58.1,Wallet,Delivered,51,5.0
ORD_04298,CUST_0704,REST_119,Wok Express,Kolkata,2024-02-12,10:41:08,Chinese,Chicken Fried Rice,1,230.0,30.0,37.11,UPI,Delivered,53,5.0
ORD_04299,CUST_0485,REST_112,Meghana Foods,Chennai,2024-10-30,11:29:29,Biryani,Kolkata Special Biryani,1,350.0,40.0,22.85,Credit Card,Cancelled,0,0.0
ORD_04300,CUST_0479,REST_106,McDonald's,Mumbai,2024-04-26,14:39:33,Burger,Fiery Paneer Burger,3,179.0,40.0,70.56,Debit Card,Delivered,31,4.5
ORD_04301,CUST_0583,REST_103,Ovenstory Pizza,Pune,2024-06-23,19:50:37,Pizza,Farmhouse Supreme,1,399.0,40.0,0.0,Wallet,Delivered,35,5.0
ORD_04302,CUST_0425,REST_113,Punjab Grill,Mumbai,2024-05-06,21:26:03,Indian,Garlic Naan Combo,1,160.0,40.0,58.78,UPI,Cancelled,0,0.0
ORD_04303,CUST_0448,REST_127,Naturals Ice Cream,Kolkata,2024-10-31,13:50:21,Desserts,Belgian Chocolate Waffle,4,160.0,20.0,0.0,Cash,Delivered,54,5.0
ORD_04304,CUST_0062,REST_110,Behrouz Biryani,Mumbai,2024-12-06,13:17:24,Biryani,Hyderabadi Chicken Biryani,1,320.0,0.0,47.37,Credit Card,Delivered,57,5.0
ORD_04305,CUST_0703,REST_118,Wow! Momo,Ahmedabad,2024-04-28,19:57:53,Chinese,Chicken Fried Rice,1,230.0,20.0,0.0,Debit Card,Delivered,48,5.0
ORD_04306,CUST_0192,REST_127,Naturals Ice Cream,Pune,2024-07-01,19:24:41,Desserts,Gulab Jamun (2 pcs),2,80.0,20.0,40.89,Credit Card,Delivered,26,4.5
ORD_04307,CUST_0091,REST_115,Haldiram's,Pune,2024-02-23,22:09:49,Indian,Kadhai Paneer,2,270.0,30.0,0.0,Credit Card,Delivered,51,5.0
ORD_04308,,REST_120,Berco's,Bangalore,2024-11-22,20:38:32,Chinese,Veg Hakka Noodles,1,180.0,50.0,0.0,UPI,Delivered,20,4.0
ORD_04309,CUST_0643,REST_125,Baskin Robbins,Hyderabad,2024-12-27,14:47:16,Desserts,Chocolate Truffle Pastry,2,140.0,20.0,0.0,Wallet,Delivered,49,4.5
ORD_04310,CUST_0524,REST_104,La Pino'z Pizza,Bangalore,2024-02-07,21:35:49,Pizza,Farmhouse Supreme,1,399.0,40.0,58.86,Cash,Delivered,29,5.0
ORD_04311,CUST_0004,REST_130,Chaayos,Delhi,2024-10-13,21:48:44,Beverages,Caffe Latte,1,220.0,0.0,0.0,Cash,Delivered,18,4.0
ORD_04312,CUST_0296,REST_118,Wow! Momo,Mumbai,2024-10-07,21:04:07,Chinese,Schezwan Veg Momos,2,150.0,50.0,70.98,UPI,Cancelled,0,0.0
ORD_04313,CUST_0423,REST_117,Mainland China,Hyderabad,2024-02-10,09:02:22,Chinese,Chilli Chicken Gravy,1,270.0,20.0,31.33,Cash,Delivered,50,5.0
ORD_04314,CUST_0127,REST_129,Starbucks,Pune,2024-03-11,14:26:47,Beverages,Mango Smoothie,3,160.0,50.0,0.0,Cash,Delivered,53,2.0
ORD_04315,CUST_0133,REST_115,Haldiram's,Hyderabad,2024-12-07,22:03:09,Indian,Butter Chicken,1,360.0,20.0,0.0,Credit Card,Delivered,49,5.0
ORD_04316,CUST_0540,REST_112,Meghana Foods,Ahmedabad,2024-10-09,19:14:29,Biryani,Hyderabadi Chicken Biryani,1,320.0,30.0,60.51,Cash,Delivered,47,3.5
ORD_04317,CUST_0751,REST_131,Cafe Coffee Day,Mumbai,2024-08-22,13:57:30,Beverages,Cold Coffee with Ice Cream,2,150.0,20.0,69.17,UPI,Delivered,37,4.0
ORD_04318,CUST_0601,REST_130,Chaayos,Kolkata,2024-03-08,21:10:07,Beverages,Cold Coffee with Ice Cream,1,150.0,50.0,82.22,Debit Card,Delivered,44,4.5
ORD_04319,CUST_0547,REST_113,Punjab Grill,Hyderabad,2024-09-25,14:42:18,Indian,Butter Chicken,2,360.0,20.0,127.15,Credit Card,Delivered,35,4.5
ORD_04320,CUST_0115,REST_117,Mainland China,Mumbai,2024-07-22,21:53:44,Chinese,Schezwan Veg Momos,3,150.0,0.0,93.75,UPI,Delivered,22,4.5
ORD_04321,CUST_0757,REST_102,Pizza Hut,Chennai,2024-12-23,14:25:08,Pizza,Cheese Burst Pizza,1,429.0,50.0,76.52,Cash,Delivered,50,4.5
ORD_04322,CUST_0663,REST_105,Burger King,Bangalore,2024-01-01,21:59:18,Burger,Double Whopper,1,299.0,30.0,80.19,Debit Card,Delivered,64,5.0
ORD_04323,CUST_0349,REST_124,Faasos,Mumbai,2024-07-16,12:04:41,Fast Food,Cheesy French Fries,1,120.0,20.0,0.0,UPI,Delivered,32,3.5
ORD_04324,CUST_0238,REST_110,Behrouz Biryani,Bangalore,2024-07-06,20:15:17,Biryani,Mutton Dum Biryani,3,450.0,40.0,87.54,Debit Card,Delivered,35,3.5
ORD_04325,CUST_0609,REST_108,The Burger Club,Hyderabad,2024-03-26,13:54:47,Burger,Classic Chicken Burger,4,199.0,0.0,58.58,Credit Card,Cancelled,0,0.0
ORD_04326,CUST_0294,REST_102,Pizza Hut,Mumbai,2024-12-04,22:45:17,Pizza,Farmhouse Supreme,3,399.0,40.0,44.93,UPI,Delivered,27,4.5
ORD_04327,CUST_0725,REST_114,Barbeque Nation,Kolkata,2024-02-27,14:40:24,Indian,Kadhai Paneer,1,270.0,30.0,34.22,UPI,Delivered,19,5.0
ORD_04328,CUST_0632,REST_114,Barbeque Nation,Mumbai,2024-01-07,20:08:43,indian,Dal Makhani,1,220.0,30.0,0.0,UPI,Delivered,42,4.5
ORD_04329,CUST_0666,REST_128,Belgian Waffle Co,Mumbai,2024-06-09,14:18:49,Desserts,Nutella Brownie,2,130.0,0.0,147.21,Debit Card,Delivered,44,3.5
ORD_04330,CUST_0475,REST_130,Chaayos,Delhi,2024-01-26,20:33:32,Beverages,Caffe Latte,1,220.0,30.0,56.2,Debit Card,Delivered,36,5.0
ORD_04331,CUST_0043,REST_118,Wow! Momo,Ahmedabad,2024-12-13,14:01:12,Chinese,Manchurian Gravy,2,210.0,50.0,34.74,Wallet,Delivered,18,3.5
ORD_04332,CUST_0544,REST_129,Starbucks,Ahmedabad,2024-08-09,20:19:19,Beverages,Caffe Latte,1,220.0,20.0,83.62,UPI,Delivered,61,4.5
ORD_04333,CUST_0712,REST_132,Chai Point,Pune,2024-04-29,18:39:27,Beverages,Iced Green Tea,4,130.0,20.0,110.53,UPI,Cancelled,0,0.0
ORD_04334,CUST_0087,REST_112,Meghana Foods,Kolkata,2024-07-03,13:37:18,Biryani,Hyderabadi Chicken Biryani,1,320.0,30.0,49.15,Wallet,Delivered,65,4.5
ORD_04335,CUST_0369,REST_111,Bawarchi,Delhi,2024-09-08,21:32:52,Biryani,Veg Dum Biryani,1,240.0,0.0,0.0,UPI,Delivered,28,3.5
ORD_04336,CUST_0659,REST_132,Chai Point,Mumbai,2024-09-02,12:51:09,Beverages,Cold Coffee with Ice Cream,2,150.0,20.0,23.19,Credit Card,Delivered,64,3.5
ORD_04337,CUST_0163,REST_110,Behrouz Biryani,Bangalore,2024-12-25,19:05:29,Biryani,Mutton Dum Biryani,3,450.0,30.0,0.0,Cash,Delivered,51,4.5
ORD_04338,CUST_0172,REST_106,McDonald's,Mumbai,2024-03-17,20:41:39,Burger,Classic Chicken Burger,2,199.0,0.0,24.32,Cash,Delivered,43,4.0
ORD_04339,CUST_0449,REST_130,Chaayos,Kolkata,2024-03-09,14:42:47,Beverages,Cold Coffee with Ice Cream,2,150.0,30.0,46.4,UPI,Delivered,48,5.0
ORD_04340,CUST_0744,REST_109,Paradise Biryani,Mumbai,2024-08-14,20:52:10,Biryani,Mutton Dum Biryani,1,450.0,0.0,135.17,Wallet,Delivered,36,4.0
ORD_04341,CUST_0275,REST_117,Mainland China,Hyderabad,2024-09-28,21:55:40,Chinese,Manchurian Gravy,1,210.0,40.0,132.24,Wallet,Delivered,23,4.5
ORD_04342,CUST_0100,REST_119,Wok Express,Pune,2024-10-13,21:07:23,Chinese,Manchurian Gravy,1,210.0,40.0,93.46,UPI,Delivered,57,5.0
ORD_04343,CUST_0009,REST_102,Pizza Hut,Hyderabad,2024-07-02,21:21:37,Pizza,Pepperoni Feast,2,499.0,30.0,0.0,UPI,Delivered,63,4.0
ORD_04344,CUST_0424,REST_104,La Pino'z Pizza,Mumbai,2024-03-12,20:54:09,Pizza,Farmhouse Supreme,3,399.0,50.0,33.57,Credit Card,Delivered,21,4.5
ORD_04345,CUST_0089,REST_125,Baskin Robbins,Mumbai,2024-02-13,08:14:08,Desserts,Chocolate Truffle Pastry,1,140.0,20.0,0.0,Credit Card,Delivered,62,4.5
ORD_04346,CUST_0327,REST_127,Naturals Ice Cream,Hyderabad,2024-01-20,20:30:45,Desserts,Gulab Jamun (2 pcs),1,80.0,0.0,81.06,UPI,Pending,25,0.0
ORD_04347,CUST_0598,REST_110,Behrouz Biryani,Pune,2024-11-13,12:17:44,Biryani,Mutton Dum Biryani,4,450.0,30.0,0.0,UPI,Delivered,64,5.0
ORD_04348,CUST_0390,REST_130,Chaayos,Mumbai,2024-02-10,19:22:40,Beverages,Iced Green Tea,1,130.0,40.0,0.0,Debit Card,Cancelled,0,0.0
ORD_04349,CUST_0080,REST_122,KFC,Pune,2024-10-21,19:46:42,Fast Food,Cheesy French Fries,1,120.0,30.0,31.06,Debit Card,Delivered,57,5.0
ORD_04350,CUST_0382,REST_118,Wow! Momo,Hyderabad,2024-11-23,12:45:05,Chinese,Chilli Chicken Gravy,1,270.0,20.0,57.54,Wallet,Delivered,44,5.0
ORD_04351,CUST_0419,REST_124,Faasos,Delhi,2024-10-28,14:11:17,Fast Food,Chicken Zinger Meal,1,299.0,50.0,57.84,Cash,Delivered,51,3.0
ORD_04352,CUST_0787,REST_101,Domino's Pizza,Pune,2024-12-29,14:46:39,Pizza,Pepperoni Feast,1,499.0,0.0,0.0,UPI,Delivered,28,4.0
ORD_04353,CUST_0315,REST_109,Paradise Biryani,Bangalore,2024-04-08,21:05:52,Biryani,Paneer Biryani,1,260.0,40.0,129.86,Cash,Delivered,52,5.0
ORD_04354,CUST_0621,REST_109,Paradise Biryani,Ahmedabad,2024-08-10,12:35:25,Biryani,Mutton Dum Biryani,1,450.0,20.0,118.96,UPI,Delivered,21,5.0
ORD_04355,CUST_0062,REST_102,Pizza Hut,Chennai,2024-02-19,21:00:42,Pizza,Farmhouse Supreme,2,399.0,40.0,0.0,Debit Card,Delivered,57,5.0
ORD_04356,CUST_0023,REST_129,Starbucks,Chennai,2024-03-18,22:51:25,Beverages,Masala Chai (Flask),2,110.0,40.0,43.02,UPI,Delivered,35,5.0
ORD_04357,CUST_0078,REST_112,Meghana Foods,Bangalore,2024-06-03,20:42:20,Biryani,Paneer Biryani,1,260.0,20.0,0.0,Cash,Cancelled,0,0.0
ORD_04358,CUST_0664,REST_102,Pizza Hut,Kolkata,2024-02-03,12:46:23,Pizza,Pepperoni Feast,3,499.0,20.0,0.0,UPI,Delivered,51,3.5
ORD_04359,CUST_0017,REST_118,Wow! Momo,Ahmedabad,2024-05-04,19:26:08,Chinese,Manchurian Gravy,3,210.0,20.0,0.0,Credit Card,Delivered,35,5.0
ORD_04360,CUST_0144,REST_114,Barbeque Nation,Delhi,2024-03-18,12:55:13,Indian,Butter Chicken,2,360.0,20.0,117.2,Wallet,Cancelled,0,0.0
ORD_04361,CUST_0513,REST_127,Naturals Ice Cream,Mumbai,2024-11-16,13:47:04,Desserts,Red Velvet Jar Cake,1,175.0,50.0,42.19,UPI,Delivered,61,5.0
ORD_04362,CUST_0251,REST_132,Chai Point,Mumbai,2024-01-15,17:24:12,Beverages,Iced Green Tea,3,130.0,0.0,32.79,Credit Card,Delivered,52,5.0
ORD_04363,CUST_0480,REST_122,KFC,Ahmedabad,2024-06-28,14:16:40,Fast Food,Veggie Delight Sub,1,190.0,30.0,124.08,Credit Card,Pending,26,0.0
ORD_04364,CUST_0661,REST_114,Barbeque Nation,Chennai,2024-01-10,21:55:19,Indian,Dal Makhani,1,220.0,50.0,28.84,Debit Card,Delivered,23,4.0
ORD_04365,CUST_0557,REST_128,Belgian Waffle Co,Mumbai,2024-06-07,14:26:51,Desserts,Belgian Chocolate Waffle,1,160.0,50.0,40.73,Cash,Delivered,50,4.5
ORD_04366,CUST_0151,REST_101,Domino's Pizza,Ahmedabad,2024-09-27,21:03:25,Pizza,Margherita Pizza,5,249.0,20.0,140.27,Credit Card,Delivered,62,4.0
ORD_04367,CUST_0345,REST_124,Faasos,Chennai,2024-02-23,19:53:17,Fast Food,Cheesy French Fries,1,120.0,20.0,49.6,UPI,Delivered,19,4.5
ORD_04368,CUST_0654,REST_111,Bawarchi,Bangalore,2024-02-02,19:05:40,Biryani,Paneer Biryani,1,260.0,0.0,51.74,UPI,Delivered,64,5.0
ORD_04369,CUST_0556,REST_127,Naturals Ice Cream,Delhi,2024-09-15,12:41:47,Desserts,Belgian Chocolate Waffle,1,160.0,0.0,41.83,UPI,Delivered,24,4.5
ORD_04370,CUST_0409,REST_119,Wok Express,Hyderabad,2024-06-12,14:10:18,Chinese,Chilli Chicken Gravy,1,270.0,50.0,0.0,Credit Card,Delivered,52,3.5
ORD_04371,CUST_0511,REST_109,Paradise Biryani,Bangalore,2024-01-23,19:24:01,Biryani,Veg Dum Biryani,1,240.0,20.0,36.6,Cash,Delivered,49,4.5
ORD_04372,CUST_0182,REST_112,Meghana Foods,Mumbai,2024-05-06,13:22:53,Biryani,Kolkata Special Biryani,1,350.0,40.0,36.34,UPI,Delivered,56,5.0
ORD_04373,CUST_0392,REST_105,Burger King,Ahmedabad,2024-03-25,14:21:11,Burger,Fiery Paneer Burger,1,179.0,50.0,147.92,Cash,Delivered,54,4.0
ORD_04374,CUST_0653,REST_131,Cafe Coffee Day,Hyderabad,2024-05-07,22:40:08,Beverages,Iced Green Tea,1,130.0,0.0,0.0,Credit Card,Delivered,51,4.0
ORD_04375,CUST_0024,REST_106,McDonald's,Ahmedabad,2024-10-19,23:42:29,Burger,Smoky BBQ Burger,5,249.0,50.0,0.0,Cash,Delivered,55,5.0
ORD_04376,CUST_0630,REST_117,Mainland China,Hyderabad,2024-04-04,21:19:52,Chinese,Veg Hakka Noodles,1,180.0,20.0,49.88,UPI,Delivered,47,4.0
ORD_04377,CUST_0007,REST_120,Berco's,Pune,2024-01-03,19:45:01,Chinese,Chilli Chicken Gravy,1,270.0,30.0,0.0,Debit Card,Delivered,18,5.0
ORD_04378,CUST_0045,REST_132,Chai Point,Chennai,2024-03-08,20:35:30,Beverages,Cold Coffee with Ice Cream,2,150.0,30.0,65.79,Cash,Delivered,27,4.5
ORD_04379,CUST_0776,REST_123,Taco Bell,Mumbai,2024-02-11,13:51:16,Fast Food,Chicken Zinger Meal,3,299.0,0.0,43.24,UPI,Delivered,54,4.5
ORD_04380,CUST_0345,REST_125,Baskin Robbins,Delhi,2024-10-11,21:13:23,Desserts,Chocolate Truffle Pastry,2,140.0,20.0,129.01,Credit Card,Delivered,44,4.0
ORD_04381,CUST_0740,REST_125,Baskin Robbins,Ahmedabad,2024-12-17,21:14:01,Desserts,Red Velvet Jar Cake,1,175.0,40.0,35.44,UPI,Delivered,60,5.0
ORD_04382,CUST_0145,REST_114,Barbeque Nation,Delhi,2024-11-07,15:50:33,Indian,Paneer Butter Masala,1,280.0,50.0,115.51,Cash,Delivered,30,4.5
ORD_04383,CUST_0179,REST_101,Domino's Pizza,Pune,2024-08-04,14:28:17,Pizza,Pepperoni Feast,1,499.0,50.0,65.28,cash,Delivered,34,5.0
ORD_04384,CUST_0155,REST_130,Chaayos,Chennai,2024-03-23,12:22:12,Beverages,Cold Coffee with Ice Cream,2,150.0,40.0,0.0,UPI,Delivered,38,5.0
ORD_04385,CUST_0537,REST_113,Punjab Grill,Mumbai,2024-06-29,22:49:07,Indian,Butter Chicken,1,360.0,0.0,59.31,UPI,Delivered,56,5.0
ORD_04386,CUST_0296,REST_107,Wendy's,Chennai,2024-08-15,19:13:32,Burger,Crispy Veg Burger,5,129.0,30.0,0.0,UPI,Delivered,47,4.5
ORD_04387,CUST_0550,REST_120,Berco's,Kolkata,2024-04-01,20:45:41,Chinese,Schezwan Veg Momos,4,150.0,50.0,145.08,UPI,Delivered,61,5.0
ORD_04388,CUST_0489,REST_108,The Burger Club,Pune,2024-04-12,22:19:46,Burger,Classic Chicken Burger,3,199.0,40.0,0.0,Credit Card,Delivered,25,5.0
ORD_04389,CUST_0521,REST_101,Domino's Pizza,Kolkata,2024-04-02,14:00:39,Pizza,Cheese Burst Pizza,1,429.0,0.0,0.0,UPI,Cancelled,0,0.0
ORD_04390,CUST_0041,REST_105,Burger King,Mumbai,2024-04-29,13:35:48,Burger,Fiery Paneer Burger,2,179.0,30.0,0.0,UPI,Delivered,61,5.0
ORD_04391,CUST_0068,REST_112,Meghana Foods,Ahmedabad,2024-04-07,19:43:23,Biryani,Hyderabadi Chicken Biryani,1,320.0,50.0,56.59,UPI,Delivered,43,4.0
ORD_04392,CUST_0644,REST_131,Cafe Coffee Day,Hyderabad,2024-03-17,22:37:46,Beverages,Caffe Latte,1,220.0,0.0,0.0,Cash,Delivered,38,5.0
ORD_04393,CUST_0202,REST_109,Paradise Biryani,Hyderabad,2024-01-19,20:35:49,Biryani,Mutton Dum Biryani,1,450.0,50.0,85.25,Cash,Delivered,39,4.5
ORD_04394,CUST_0295,REST_125,Baskin Robbins,Hyderabad,2024-09-08,20:08:37,Desserts,Belgian Chocolate Waffle,1,160.0,50.0,0.0,UPI,Cancelled,0,0.0
ORD_04395,CUST_0073,REST_119,Wok Express,Chennai,2024-11-03,20:21:25,Chinese,Schezwan Veg Momos,1,150.0,30.0,64.75,UPI,Delivered,21,5.0
ORD_04396,CUST_0469,REST_104,La Pino'z Pizza,Delhi,2024-07-19,19:25:23,Pizza,Cheese Burst Pizza,4,429.0,0.0,0.0,UPI,Delivered,23,
ORD_04397,CUST_0465,REST_118,Wow! Momo,Delhi,2024-12-29,18:19:15,Chinese,Veg Hakka Noodles,1,180.0,0.0,0.0,UPI,Delivered,34,3.0
ORD_04398,CUST_0645,REST_110,Behrouz Biryani,Ahmedabad,2024-02-22,19:28:28,Biryani,Paneer Biryani,1,260.0,30.0,113.04,Credit Card,Delivered,58,4.5
ORD_04399,CUST_0179,REST_108,The Burger Club,Bangalore,2024-10-27,09:59:14,Burger,Fiery Paneer Burger,5,179.0,20.0,0.0,Wallet,Delivered,27,4.5
ORD_04400,CUST_0086,REST_107,Wendy's,Pune,2024-02-04,12:21:00,Burger,Crispy Veg Burger,1,129.0,0.0,140.69,Credit Card,Delivered,59,4.5
ORD_04401,CUST_0071,REST_117,Mainland China,Delhi,2024-08-08,12:19:42,Chinese,Schezwan Veg Momos,1,150.0,0.0,41.75,UPI,Cancelled,0,0.0
ORD_04402,CUST_0290,REST_110,Behrouz Biryani,Pune,2024-01-23,13:29:27,Biryani,Veg Dum Biryani,1,240.0,50.0,51.58,UPI,Delivered,65,5.0
ORD_04403,CUST_0585,REST_101,Domino's Pizza,Hyderabad,2024-09-16,22:03:28,Pizza,Paneer Tikka Pizza,1,349.0,50.0,0.0,Cash,Delivered,47,5.0
ORD_04404,,REST_115,Haldiram's,Mumbai,2024-10-01,18:54:40,Indian,Butter Chicken,1,360.0,20.0,83.5,UPI,Delivered,47,4.5
ORD_04405,CUST_0187,REST_106,McDonald's,Ahmedabad,2024-02-08,19:39:32,Burger,Fiery Paneer Burger,3,179.0,30.0,67.86,UPI,Delivered,30,5.0
ORD_04406,CUST_0061,REST_115,Haldiram's,Hyderabad,2024-04-17,14:07:40,Indian,Dal Makhani,1,220.0,20.0,0.0,UPI,Pending,36,0.0
ORD_04407,CUST_0370,REST_106,McDonald's,Ahmedabad,2024-12-11,14:41:38,Burger,Fiery Paneer Burger,1,179.0,40.0,74.12,UPI,Cancelled,0,0.0
ORD_04408,CUST_0392,REST_117,Mainland China,Bangalore,2024-11-21,13:39:31,Chinese,Schezwan Veg Momos,1,150.0,0.0,0.0,UPI,Delivered,28,5.0
ORD_04409,CUST_0218,REST_109,Paradise Biryani,Chennai,2024-03-22,20:34:33,Biryani,Hyderabadi Chicken Biryani,2,320.0,20.0,34.26,UPI,Delivered,20,4.0
ORD_04410,CUST_0290,REST_114,Barbeque Nation,Hyderabad,2024-03-19,21:41:51,Indian,Paneer Butter Masala,3,280.0,20.0,0.0,Credit Card,Delivered,31,4.0
ORD_04411,CUST_0062,REST_105,Burger King,Ahmedabad,2024-01-16,16:46:47,Burger,Classic Chicken Burger,1,199.0,50.0,24.54,Cash,Delivered,33,3.0
ORD_04412,CUST_0412,REST_121,Subway,Hyderabad,2024-08-25,21:04:20,Fast Food,Crispy Chicken Bucket,3,480.0,20.0,0.0,UPI,Delivered,55,5.0
ORD_04413,CUST_0688,REST_120,Berco's,Mumbai,2024-08-15,21:26:12,Chinese,Veg Hakka Noodles,2,180.0,50.0,84.03,Cash,Delivered,38,5.0
ORD_04414,CUST_0009,REST_126,Theobroma,Mumbai,2024-01-19,12:11:56,Desserts,Belgian Chocolate Waffle,2,160.0,50.0,87.33,Credit Card,Delivered,32,4.0
ORD_04415,CUST_0557,REST_124,Faasos,Delhi,2024-08-26,13:59:08,Fast Food,Paneer Wrap,1,160.0,50.0,37.4,Cash,Delivered,19,4.0
ORD_04416,CUST_0472,REST_122,KFC,Kolkata,2024-01-05,14:44:44,Fast Food,Veggie Delight Sub,1,190.0,0.0,0.0,UPI,Delivered,21,4.0
ORD_04417,CUST_0723,REST_118,Wow! Momo,Bangalore,2024-02-24,13:43:32,Chinese,Chilli Chicken Gravy,3,270.0,20.0,0.0,Debit Card,Cancelled,0,0.0
ORD_04418,CUST_0380,REST_105,Burger King,Delhi,2024-10-03,08:44:38,Burger,Smoky BBQ Burger,1,249.0,30.0,104.09,Credit Card,Delivered,63,3.5
ORD_04419,CUST_0097,REST_101,Domino's Pizza,Chennai,2024-02-20,21:08:57,Pizza,Cheese Burst Pizza,2,429.0,50.0,42.14,Cash,Delivered,48,4.0
ORD_04420,CUST_0741,REST_131,Cafe Coffee Day,Mumbai,2024-12-08,13:08:18,Beverages,Iced Green Tea,2,130.0,50.0,0.0,Cash,Delivered,46,4.5
ORD_04421,CUST_0124,REST_101,Domino's Pizza,Pune,2024-07-21,12:44:26,Pizza,Paneer Tikka Pizza,1,349.0,50.0,61.16,UPI,Delivered,57,5.0
ORD_04422,CUST_0428,REST_123,Taco Bell,Hyderabad,2024-11-20,21:28:33,Fast Food,Crispy Chicken Bucket,5,480.0,30.0,0.0,UPI,Delivered,47,4.0
ORD_04423,CUST_0354,REST_126,Theobroma,Delhi,2024-11-23,20:12:20,Desserts,Red Velvet Jar Cake,1,175.0,50.0,148.46,UPI,Delivered,47,5.0
ORD_04424,CUST_0667,REST_126,Theobroma,Delhi,2024-11-15,12:58:59,Desserts,Gulab Jamun (2 pcs),1,80.0,40.0,20.38,Credit Card,Delivered,64,4.0
ORD_04425,CUST_0660,REST_131,Cafe Coffee Day,Delhi,2024-07-10,14:40:33,Beverages,Mango Smoothie,1,160.0,40.0,28.66,Cash,Delivered,23,4.0
ORD_04426,CUST_0732,REST_106,McDonald's,Pune,2024-10-15,11:01:08,Burger,Smoky BBQ Burger,2,249.0,50.0,37.13,UPI,Delivered,55,5.0
ORD_04427,CUST_0661,REST_102,Pizza Hut,Mumbai,2024-11-08,21:29:35,Pizza,Margherita Pizza,3,249.0,50.0,0.0,Cash,Cancelled,0,0.0
ORD_04428,CUST_0525,REST_122,KFC,Pune,2024-08-20,14:24:03,Fast Food,Crispy Chicken Bucket,1,480.0,40.0,110.63,Cash,Delivered,62,4.0
ORD_04429,CUST_0603,REST_130,Chaayos,Mumbai,2024-05-04,21:23:53,Beverages,Mango Smoothie,2,160.0,40.0,46.16,Cash,Delivered,18,4.5
ORD_04430,CUST_0185,REST_106,McDonald's,Pune,2024-03-16,12:24:21,Burger,Fiery Paneer Burger,1,179.0,50.0,0.0,Credit Card,Cancelled,0,0.0
ORD_04431,CUST_0482,REST_111,Bawarchi,Bangalore,2024-12-23,22:32:46,Biryani,Hyderabadi Chicken Biryani,3,320.0,50.0,94.74,Cash,Delivered,61,4.5
ORD_04432,CUST_0584,REST_130,Chaayos,Pune,2024-03-03,19:18:59,Beverages,Masala Chai (Flask),1,110.0,30.0,46.13,UPI,Delivered,47,3.5
ORD_04433,CUST_0580,REST_124,Faasos,Bangalore,2024-06-27,21:57:04,Fast Food,Chicken Zinger Meal,1,299.0,30.0,47.81,UPI,Delivered,21,4.5
ORD_04434,CUST_0354,REST_109,Paradise Biryani,Hyderabad,2024-10-22,15:06:55,Biryani,Paneer Biryani,2,260.0,30.0,93.65,UPI,Delivered,42,4.0
ORD_04435,CUST_0557,REST_113,Punjab Grill,Hyderabad,2024-09-12,19:31:18,Indian,Garlic Naan Combo,1,160.0,0.0,56.25,Cash,Delivered,60,4.5
ORD_04436,CUST_0486,REST_131,Cafe Coffee Day,Delhi,2024-06-02,09:39:29,Beverages,Caffe Latte,2,220.0,50.0,72.64,UPI,Pending,38,0.0
ORD_04437,CUST_0482,REST_121,Subway,Chennai,2024-06-01,19:34:54,Fast Food,Crispy Chicken Bucket,1,480.0,0.0,0.0,Credit Card,Delivered,18,2.5
ORD_04438,CUST_0672,REST_116,Saravanaa Bhavan,Chennai,2024-05-21,12:20:46,Indian,Butter Chicken,1,360.0,50.0,46.05,Wallet,Delivered,19,3.0
ORD_04439,CUST_0403,REST_117,Mainland China,Hyderabad,2024-08-31,22:01:14,Chinese,Chicken Fried Rice,3,230.0,20.0,132.42,UPI,Delivered,50,5.0
ORD_04440,CUST_0058,REST_104,La Pino'z Pizza,Pune,2024-03-26,10:30:39,Pizza,Cheese Burst Pizza,1,429.0,40.0,0.0,Wallet,Delivered,19,4.0
ORD_04441,CUST_0510,REST_109,Paradise Biryani,Chennai,2024-01-17,14:02:56,Biryani,Veg Dum Biryani,1,240.0,0.0,0.0,Credit Card,Delivered,18,4.0
ORD_04442,CUST_0121,REST_104,La Pino'z Pizza,Delhi,2024-10-12,12:47:46,Pizza,Cheese Burst Pizza,2,429.0,50.0,0.0,UPI,Delivered,44,4.0
ORD_04443,CUST_0229,REST_124,Faasos,Chennai,2024-06-22,21:49:02,Fast Food,Cheesy French Fries,2,120.0,50.0,64.23,Cash,Delivered,27,5.0
ORD_04444,CUST_0234,REST_109,Paradise Biryani,Kolkata,2024-07-30,15:21:36,Biryani,Kolkata Special Biryani,1,350.0,30.0,26.73,Cash,Delivered,30,4.0
ORD_04445,CUST_0128,REST_132,Chai Point,Kolkata,2024-06-08,22:58:56,Beverages,Masala Chai (Flask),1,110.0,0.0,0.0,UPI,Delivered,37,4.0
ORD_04446,CUST_0716,REST_129,Starbucks,Chennai,2024-11-23,15:26:46,Beverages,Mango Smoothie,1,160.0,30.0,74.25,Credit Card,Delivered,52,3.5
ORD_04447,CUST_0787,REST_107,Wendy's,Chennai,2024-12-03,19:40:18,Burger,Classic Chicken Burger,1,199.0,40.0,0.0,UPI,Delivered,24,4.5
ORD_04448,CUST_0233,REST_121,Subway,Ahmedabad,2024-11-22,22:44:04,Fast Food,Crispy Chicken Bucket,1,480.0,50.0,53.59,UPI,Delivered,44,5.0
ORD_04449,CUST_0677,REST_118,Wow! Momo,Kolkata,2024-12-20,20:55:23,Chinese,Chilli Chicken Gravy,1,270.0,0.0,28.54,Debit Card,Delivered,57,3.5
ORD_04450,CUST_0332,REST_117,Mainland China,Chennai,2024-01-07,18:35:38,Chinese,Manchurian Gravy,1,210.0,50.0,0.0,UPI,Delivered,37,3.5
ORD_04451,CUST_0660,REST_113,Punjab Grill,Pune,2024-04-30,14:30:30,Indian,Kadhai Paneer,1,270.0,30.0,0.0,Cash,Delivered,30,4.5
ORD_04452,CUST_0344,REST_117,Mainland China,Hyderabad,2024-04-01,15:38:34,Chinese,Veg Hakka Noodles,2,180.0,30.0,40.25,UPI,Delivered,49,5.0
ORD_04453,CUST_0327,REST_122,KFC,Chennai,2024-10-06,12:15:41,Fast Food,Paneer Wrap,2,160.0,0.0,44.52,Credit Card,Pending,38,0.0
ORD_04454,CUST_0497,REST_114,Barbeque Nation,Chennai,2024-09-11,14:10:28,Indian,Garlic Naan Combo,1,160.0,50.0,103.23,Debit Card,Delivered,53,4.0
ORD_04455,CUST_0365,REST_113,Punjab Grill,Delhi,2024-08-11,12:37:53,Indian,Dal Makhani,2,220.0,20.0,112.55,Credit Card,Delivered,40,4.5
ORD_04456,CUST_0394,REST_126,Theobroma,Hyderabad,2024-06-18,17:57:41,Desserts,Nutella Brownie,2,130.0,50.0,0.0,Credit Card,Delivered,41,4.5
ORD_04457,CUST_0471,REST_125,Baskin Robbins,Hyderabad,2024-01-25,13:20:06,Desserts,Belgian Chocolate Waffle,1,160.0,20.0,0.0,Credit Card,Pending,43,0.0
ORD_04458,CUST_0087,REST_101,Domino's Pizza,Mumbai,2024-01-01,15:21:42,Pizza,Pepperoni Feast,1,499.0,40.0,0.0,UPI,Delivered,51,4.5
ORD_04459,CUST_0640,REST_130,Chaayos,Chennai,2024-01-20,09:57:09,Beverages,Mango Smoothie,2,160.0,30.0,58.47,Cash,Delivered,29,4.0
ORD_04460,CUST_0771,REST_108,The Burger Club,Pune,2024-08-28,19:13:32,Burger,Double Whopper,2,299.0,20.0,0.0,Credit Card,Delivered,33,4.5
ORD_04461,CUST_0390,REST_119,Wok Express,Pune,2024-09-09,14:15:05,Chinese,Manchurian Gravy,1,210.0,20.0,84.75,UPI,Delivered,63,4.5
ORD_04462,CUST_0165,REST_118,Wow! Momo,Ahmedabad,2024-09-18,13:36:13,Chinese,Chilli Chicken Gravy,3,270.0,20.0,46.91,Debit Card,Delivered,62,5.0
ORD_04463,CUST_0297,REST_103,Ovenstory Pizza,Bangalore,2024-03-24,19:22:02,Pizza,Margherita Pizza,2,249.0,20.0,72.34,UPI,Delivered,46,3.5
ORD_04464,CUST_0623,REST_126,Theobroma,Bangalore,2024-12-23,13:27:04,Desserts,Belgian Chocolate Waffle,1,160.0,0.0,34.05,Cash,Delivered,26,3.5
ORD_04465,CUST_0704,REST_101,Domino's Pizza,Ahmedabad,2024-02-04,21:48:41,Pizza,Pepperoni Feast,1,499.0,50.0,63.14,UPI,Cancelled,0,0.0
ORD_04466,CUST_0517,REST_119,Wok Express,Ahmedabad,2024-02-18,13:09:29,Chinese,Chilli Chicken Gravy,1,270.0,0.0,137.83,Credit Card,Delivered,18,2.5
ORD_04467,CUST_0414,REST_118,Wow! Momo,Chennai,2024-08-20,22:06:14,Chinese,Veg Hakka Noodles,4,180.0,30.0,53.65,Credit Card,Cancelled,0,0.0
ORD_04468,CUST_0561,REST_105,Burger King,Kolkata,2024-08-08,08:22:17,Burger,Smoky BBQ Burger,1,249.0,0.0,124.11,UPI,Delivered,46,5.0
ORD_04469,CUST_0611,REST_128,Belgian Waffle Co,Chennai,2024-06-05,21:21:01,Desserts,Gulab Jamun (2 pcs),1,80.0,30.0,51.28,UPI,Delivered,35,4.5
ORD_04470,CUST_0682,REST_121,Subway,Mumbai,2024-07-03,21:28:44,Fast Food,Crispy Chicken Bucket,3,480.0,30.0,142.23,Credit Card,Delivered,41,5.0
ORD_04471,CUST_0350,REST_110,Behrouz Biryani,Chennai,2024-10-14,20:45:09,Biryani,Paneer Biryani,1,260.0,20.0,55.6,Credit Card,Pending,29,0.0
ORD_04472,CUST_0025,REST_132,Chai Point,Kolkata,2024-08-18,12:59:13,Beverages,Iced Green Tea,2,130.0,20.0,0.0,Cash,Delivered,43,3.5
ORD_04473,CUST_0701,REST_126,Theobroma,Ahmedabad,2024-03-24,21:27:55,Desserts,Chocolate Truffle Pastry,5,140.0,30.0,0.0,Wallet,Delivered,22,4.5
ORD_04474,CUST_0563,REST_129,Starbucks,Kolkata,2024-03-22,22:35:34,Beverages,Mango Smoothie,1,160.0,20.0,63.51,UPI,Delivered,24,5.0
ORD_04475,CUST_0599,REST_120,Berco's,Hyderabad,2024-08-12,19:16:34,Chinese,Schezwan Veg Momos,2,150.0,50.0,0.0,Credit Card,Delivered,26,3.5
ORD_04476,CUST_0441,REST_101,Domino's Pizza,Mumbai,2024-02-15,22:15:40,Pizza,Margherita Pizza,1,249.0,0.0,0.0,Debit Card,Delivered,52,4.5
ORD_04477,CUST_0622,REST_113,Punjab Grill,Hyderabad,2024-05-08,21:31:25,Indian,Butter Chicken,1,360.0,40.0,0.0,upi,Delivered,39,4.5
ORD_04478,CUST_0307,REST_112,Meghana Foods,Kolkata,2024-08-21,14:00:17,Biryani,Hyderabadi Chicken Biryani,1,320.0,0.0,140.82,UPI,Cancelled,0,0.0
ORD_04479,CUST_0008,REST_105,Burger King,Hyderabad,2024-12-31,11:30:14,Burger,Fiery Paneer Burger,1,179.0,30.0,54.02,Cash,Cancelled,0,0.0
ORD_04480,CUST_0161,REST_128,Belgian Waffle Co,Delhi,2024-01-31,10:51:24,Desserts,Belgian Chocolate Waffle,5,160.0,30.0,30.77,UPI,Delivered,57,4.0
ORD_04481,CUST_0766,REST_116,Saravanaa Bhavan,Mumbai,2024-06-13,13:06:25,Indian,Butter Chicken,2,360.0,50.0,117.16,Debit Card,Delivered,19,5.0
ORD_04482,CUST_0128,REST_112,Meghana Foods,Mumbai,2024-12-15,21:45:25,Biryani,Hyderabadi Chicken Biryani,1,320.0,40.0,60.79,Credit Card,Delivered,26,3.5
ORD_04483,CUST_0700,REST_123,Taco Bell,Ahmedabad,2024-06-15,22:35:43,Fast Food,Veggie Delight Sub,1,190.0,30.0,0.0,Credit Card,Delivered,36,4.5
ORD_04484,CUST_0636,REST_122,KFC,Hyderabad,2024-09-05,16:28:38,Fast Food,Paneer Wrap,0,160.0,40.0,146.79,Cash,Delivered,37,5.0
ORD_04485,CUST_0232,REST_113,Punjab Grill,Bangalore,2024-05-14,14:56:46,Indian,Butter Chicken,2,360.0,0.0,136.73,Cash,Delivered,61,5.0
ORD_04486,CUST_0369,REST_123,Taco Bell,Pune,2024-12-13,13:13:29,Fast Food,Cheesy French Fries,2,120.0,0.0,0.0,UPI,Delivered,30,4.5
ORD_04487,CUST_0273,REST_121,Subway,Delhi,2024-09-25,12:00:24,Fast Food,Cheesy French Fries,1,120.0,40.0,0.0,Cash,Delivered,43,2.0
ORD_04488,CUST_0521,REST_114,Barbeque Nation,Bangalore,2024-01-16,12:30:13,Indian,Paneer Butter Masala,1,280.0,30.0,0.0,Debit Card,Delivered,38,4.5
ORD_04489,CUST_0731,REST_130,Chaayos,Pune,2024-10-04,22:57:53,Beverages,Cold Coffee with Ice Cream,1,150.0,30.0,32.77,UPI,Delivered,33,4.0
ORD_04490,CUST_0456,REST_102,Pizza Hut,Pune,2024-02-29,16:15:39,Pizza,Paneer Tikka Pizza,2,349.0,50.0,0.0,Credit Card,Delivered,30,2.5
ORD_04491,CUST_0076,REST_129,Starbucks,Kolkata,2024-10-07,14:00:03,Beverages,Mango Smoothie,2,160.0,0.0,40.84,UPI,Delivered,56,4.5
ORD_04492,CUST_0704,REST_118,Wow! Momo,Ahmedabad,2024-08-20,20:58:43,Chinese,Manchurian Gravy,2,210.0,0.0,141.51,Credit Card,Delivered,19,4.0
ORD_04493,CUST_0089,REST_130,Chaayos,Kolkata,2024-01-04,12:44:26,Beverages,Caffe Latte,3,220.0,40.0,27.81,Cash,Delivered,32,2.0
ORD_04494,CUST_0016,REST_103,Ovenstory Pizza,Bangalore,2024-02-27,12:12:15,Pizza,Cheese Burst Pizza,1,429.0,20.0,57.76,Credit Card,Delivered,59,5.0
ORD_04495,CUST_0768,REST_129,Starbucks,Pune,2024-07-31,22:41:15,Beverages,Iced Green Tea,3,130.0,0.0,0.0,Debit Card,Cancelled,0,0.0
ORD_04496,CUST_0539,REST_114,Barbeque Nation,Mumbai,2024-04-17,14:59:36,Indian,Garlic Naan Combo,2,160.0,40.0,51.66,Cash,Delivered,36,5.0
ORD_04497,CUST_0215,REST_131,Cafe Coffee Day,Delhi,2024-09-05,21:02:43,Beverages,Mango Smoothie,1,160.0,20.0,20.55,Credit Card,Delivered,61,4.0
ORD_04498,CUST_0098,REST_117,Mainland China,Bangalore,2024-05-23,13:17:06,Chinese,Schezwan Veg Momos,3,150.0,20.0,31.9,UPI,Delivered,48,4.0
ORD_04499,CUST_0661,REST_107,Wendy's,Mumbai,2024-04-24,12:29:11,Burger,Fiery Paneer Burger,4,179.0,20.0,0.0,cash,Delivered,61,5.0
ORD_04500,CUST_0108,REST_108,The Burger Club,Kolkata,2024-12-05,14:32:26,Burger,Classic Chicken Burger,1,199.0,0.0,115.23,UPI,Delivered,35,5.0
ORD_04501,CUST_0273,REST_122,KFC,Delhi,2024-07-02,12:41:59,Fast Food,Veggie Delight Sub,1,190.0,20.0,117.88,UPI,Pending,42,0.0
ORD_04502,CUST_0378,REST_121,Subway,Delhi,2024-05-14,12:15:42,Fast Food,Chicken Zinger Meal,1,299.0,40.0,43.03,UPI,Delivered,60,5.0
ORD_04503,CUST_0344,REST_114,Barbeque Nation,Mumbai,2024-01-10,19:44:53,Indian,Dal Makhani,1,220.0,20.0,72.89,UPI,Delivered,43,5.0
ORD_04504,CUST_0371,REST_126,Theobroma,Kolkata,2024-11-24,12:56:08,Desserts,Nutella Brownie,3,130.0,20.0,72.96,Cash,Pending,40,0.0
ORD_04505,CUST_0497,REST_115,Haldiram's,Pune,2024-05-06,13:04:11,Indian,Butter Chicken,1,360.0,20.0,107.72,Cash,Cancelled,0,0.0
ORD_04506,CUST_0683,REST_104,La Pino'z Pizza,Ahmedabad,2024-11-10,13:55:34,Pizza,Margherita Pizza,2,249.0,0.0,64.15,UPI,Cancelled,0,0.0
ORD_04507,CUST_0584,REST_117,Mainland China,Hyderabad,2024-06-17,18:24:31,Chinese,Veg Hakka Noodles,2,180.0,20.0,0.0,Wallet,Delivered,26,5.0
ORD_04508,CUST_0454,REST_112,Meghana Foods,Chennai,2024-08-22,10:12:28,Biryani,Hyderabadi Chicken Biryani,3,320.0,40.0,116.78,UPI,Delivered,25,5.0
ORD_04509,CUST_0284,REST_125,Baskin Robbins,Hyderabad,2024-06-10,08:56:32,Desserts,Gulab Jamun (2 pcs),1,80.0,40.0,73.17,UPI,Delivered,24,3.0
ORD_04510,CUST_0176,REST_125,Baskin Robbins,Delhi,2024-06-15,15:16:18,Desserts,Red Velvet Jar Cake,1,175.0,0.0,87.88,upi,Delivered,26,5.0
ORD_04511,CUST_0588,REST_110,Behrouz Biryani,Bangalore,2024-01-01,23:59:11,Biryani,Kolkata Special Biryani,4,350.0,20.0,0.0,Cash,Cancelled,0,0.0
ORD_04512,CUST_0054,REST_110,Behrouz Biryani,Mumbai,2024-10-04,12:07:09,Biryani,Mutton Dum Biryani,1,450.0,0.0,27.59,UPI,Delivered,37,4.0
ORD_04513,CUST_0023,REST_118,Wow! Momo,Pune,2024-08-20,14:01:40,chinese,Chilli Chicken Gravy,3,270.0,20.0,67.54,UPI,Delivered,63,4.5
ORD_04514,CUST_0275,REST_102,Pizza Hut,Kolkata,2024-11-21,21:46:55,Pizza,Margherita Pizza,5,249.0,20.0,29.08,Credit Card,Delivered,65,3.0
ORD_04515,CUST_0539,REST_131,Cafe Coffee Day,Hyderabad,2024-04-25,12:04:47,Beverages,Masala Chai (Flask),1,110.0,50.0,0.0,Cash,Cancelled,0,0.0
ORD_04516,CUST_0550,REST_127,Naturals Ice Cream,Kolkata,2024-03-14,13:50:59,Desserts,Red Velvet Jar Cake,1,175.0,50.0,91.99,UPI,Delivered,33,4.0
ORD_04517,CUST_0182,REST_104,La Pino'z Pizza,Ahmedabad,2024-06-04,20:16:42,Pizza,Farmhouse Supreme,2,399.0,30.0,0.0,UPI,Cancelled,0,0.0
ORD_04518,CUST_0391,REST_126,Theobroma,Delhi,2024-04-03,19:38:42,Desserts,Belgian Chocolate Waffle,1,160.0,20.0,122.71,Cash,Delivered,18,5.0
ORD_04519,CUST_0287,REST_103,Ovenstory Pizza,Bangalore,2024-07-30,12:33:41,Pizza,Pepperoni Feast,2,499.0,50.0,123.37,Credit Card,Delivered,33,5.0
ORD_04520,CUST_0789,REST_126,Theobroma,Ahmedabad,2024-06-22,19:01:51,Desserts,Nutella Brownie,5,130.0,20.0,75.66,UPI,Delivered,45,4.0
ORD_04521,CUST_0571,REST_121,Subway,Pune,2024-09-01,08:54:20,Fast Food,Veggie Delight Sub,1,190.0,20.0,54.81,Credit Card,Pending,36,0.0
ORD_04522,CUST_0061,REST_101,Domino's Pizza,Mumbai,2024-10-27,19:07:03,Pizza,Pepperoni Feast,2,499.0,0.0,29.54,Cash,Delivered,18,5.0
ORD_04523,CUST_0543,REST_107,Wendy's,Ahmedabad,2024-05-28,20:27:23,Burger,Crispy Veg Burger,1,129.0,0.0,140.46,Debit Card,Delivered,36,3.5
ORD_04524,CUST_0693,REST_122,KFC,Kolkata,2024-09-03,22:37:05,Fast Food,Paneer Wrap,1,160.0,30.0,0.0,Wallet,Cancelled,0,0.0
ORD_04525,CUST_0053,REST_114,Barbeque Nation,Kolkata,2024-04-26,14:23:59,Indian,Kadhai Paneer,1,270.0,40.0,0.0,UPI,Delivered,31,5.0
ORD_04526,CUST_0299,REST_125,Baskin Robbins,Pune,2024-09-05,21:32:17,Desserts,Belgian Chocolate Waffle,1,160.0,0.0,76.72,UPI,Delivered,24,2.5
ORD_04527,CUST_0445,REST_129,Starbucks,Mumbai,2024-08-23,13:46:15,Beverages,Mango Smoothie,1,160.0,30.0,0.0,Wallet,Cancelled,0,0.0
ORD_04528,CUST_0357,REST_103,Ovenstory Pizza,Mumbai,2024-03-30,21:31:18,Pizza,Farmhouse Supreme,1,399.0,0.0,131.89,Wallet,Delivered,33,3.0
ORD_04529,CUST_0182,REST_121,Subway,Delhi,2024-08-14,15:36:47,Fast Food,Cheesy French Fries,3,120.0,0.0,0.0,Cash,Cancelled,0,0.0
ORD_04530,CUST_0593,REST_123,Taco Bell,Delhi,2024-03-17,13:24:35,Fast Food,Chicken Zinger Meal,1,299.0,0.0,25.63,UPI,Delivered,42,5.0
ORD_04531,CUST_0404,REST_118,Wow! Momo,Bangalore,2024-12-05,19:29:42,Chinese,Chilli Chicken Gravy,2,270.0,50.0,0.0,UPI,Delivered,37,5.0
ORD_04532,CUST_0029,REST_123,Taco Bell,Kolkata,2024-05-01,12:35:11,Fast Food,Chicken Zinger Meal,1,299.0,0.0,139.6,UPI,Delivered,65,3.5
ORD_04533,CUST_0567,REST_105,Burger King,Pune,2024-06-02,22:26:02,Burger,Smoky BBQ Burger,2,249.0,40.0,66.09,Wallet,Delivered,61,3.5
ORD_04534,CUST_0511,REST_114,Barbeque Nation,Chennai,2024-12-31,14:47:38,Indian,Butter Chicken,3,360.0,50.0,136.5,Credit Card,Delivered,53,4.5
ORD_04535,CUST_0672,REST_111,Bawarchi,Pune,2024-06-30,18:56:35,Biryani,Mutton Dum Biryani,1,450.0,20.0,63.15,UPI,Delivered,31,5.0
ORD_04536,CUST_0076,REST_122,KFC,Hyderabad,2024-06-03,18:42:30,Fast Food,Crispy Chicken Bucket,5,480.0,0.0,32.91,Credit Card,Delivered,29,3.0
ORD_04537,CUST_0132,REST_130,Chaayos,Delhi,2024-06-01,20:27:41,Beverages,Cold Coffee with Ice Cream,1,150.0,20.0,0.0,Cash,Delivered,43,5.0
ORD_04538,CUST_0703,REST_125,Baskin Robbins,Chennai,2024-08-04,19:52:01,Desserts,Chocolate Truffle Pastry,1,140.0,30.0,101.59,Cash,Delivered,43,5.0
ORD_04539,CUST_0779,REST_103,Ovenstory Pizza,Kolkata,2024-02-26,19:55:53,Pizza,Farmhouse Supreme,1,399.0,40.0,39.07,Cash,Delivered,38,4.5
ORD_04540,CUST_0063,REST_129,Starbucks,Hyderabad,2024-02-26,21:40:08,Beverages,Caffe Latte,3,220.0,40.0,0.0,UPI,Delivered,42,2.0
ORD_04541,CUST_0010,REST_114,Barbeque Nation,Pune,2024-12-25,10:48:22,Indian,Kadhai Paneer,2,270.0,30.0,73.1,UPI,Delivered,39,2.5
ORD_04542,CUST_0735,REST_122,KFC,Delhi,2024-04-02,13:42:03,Fast Food,Cheesy French Fries,2,120.0,0.0,55.09,UPI,Cancelled,0,0.0
ORD_04543,CUST_0401,REST_118,Wow! Momo,Chennai,2024-07-14,19:01:53,Chinese,Veg Hakka Noodles,1,180.0,0.0,0.0,UPI,Delivered,20,4.5
ORD_04544,CUST_0321,REST_126,Theobroma,Mumbai,2024-02-14,22:12:44,Desserts,Chocolate Truffle Pastry,1,140.0,40.0,34.05,Credit Card,Delivered,60,4.0
ORD_04545,CUST_0610,REST_129,Starbucks,Delhi,2024-03-16,11:31:34,Beverages,Mango Smoothie,5,-50.0,30.0,0.0,Credit Card,Delivered,30,5.0
ORD_04546,CUST_0738,REST_102,Pizza Hut,Hyderabad,2024-02-28,20:22:38,Pizza,Cheese Burst Pizza,1,429.0,20.0,62.63,Credit Card,Delivered,27,5.0
ORD_04547,CUST_0505,REST_106,McDonald's,Mumbai,2024-12-11,20:44:57,Burger,Classic Chicken Burger,1,199.0,0.0,37.55,Cash,Pending,25,0.0
ORD_04548,CUST_0611,REST_129,Starbucks,Delhi,2024-05-07,09:56:57,Beverages,Caffe Latte,2,220.0,30.0,141.34,UPI,Delivered,32,3.0
ORD_04549,CUST_0656,REST_107,Wendy's,Pune,2024-01-29,22:50:26,Burger,Smoky BBQ Burger,1,249.0,40.0,30.95,Credit Card,Delivered,56,5.0
ORD_04550,CUST_0493,REST_124,Faasos,Kolkata,2024-07-15,15:17:11,Fast Food,Chicken Zinger Meal,2,299.0,20.0,0.0,UPI,Pending,27,0.0
ORD_04551,CUST_0712,REST_129,Starbucks,Chennai,2024-03-29,14:51:00,Beverages,Masala Chai (Flask),1,110.0,20.0,39.61,Credit Card,Delivered,25,4.0
ORD_04552,CUST_0660,REST_106,McDonald's,Delhi,2024-05-10,22:41:05,Burger,Smoky BBQ Burger,4,249.0,40.0,141.93,Credit Card,Delivered,65,4.5
ORD_04553,CUST_0092,REST_132,Chai Point,Hyderabad,2024-08-30,19:22:23,Beverages,Caffe Latte,1,220.0,0.0,96.14,Cash,Delivered,31,3.5
ORD_04554,CUST_0610,REST_113,Punjab Grill,Chennai,2024-05-24,13:03:38,Indian,Garlic Naan Combo,3,160.0,40.0,123.44,Cash,Pending,34,0.0
ORD_04555,CUST_0529,REST_106,McDonald's,Mumbai,2024-07-26,19:05:56,Burger,Double Whopper,2,299.0,40.0,0.0,Credit Card,Delivered,19,4.5
ORD_04556,CUST_0206,REST_127,Naturals Ice Cream,Mumbai,2024-02-22,23:22:45,Desserts,Gulab Jamun (2 pcs),1,80.0,30.0,55.77,Credit Card,Delivered,22,5.0
ORD_04557,CUST_0058,REST_120,Berco's,Chennai,2024-03-07,20:21:16,Chinese,Chilli Chicken Gravy,2,270.0,50.0,0.0,UPI,Delivered,53,5.0
ORD_04558,CUST_0404,REST_112,Meghana Foods,Bangalore,2024-07-01,17:48:30,Biryani,Mutton Dum Biryani,4,450.0,0.0,28.59,Cash,Delivered,56,3.0
ORD_04559,CUST_0602,REST_103,Ovenstory Pizza,Kolkata,2024-01-24,20:49:53,Pizza,Pepperoni Feast,1,499.0,50.0,66.5,UPI,Cancelled,0,0.0
ORD_04560,CUST_0635,REST_104,La Pino'z Pizza,Kolkata,2024-01-22,13:03:29,Pizza,Margherita Pizza,3,-50.0,20.0,46.82,UPI,Delivered,19,4.0
ORD_04561,CUST_0595,REST_113,Punjab Grill,Hyderabad,2024-08-01,12:42:37,Indian,Kadhai Paneer,1,270.0,30.0,67.69,Credit Card,Delivered,43,4.5
ORD_04562,CUST_0399,REST_105,Burger King,Hyderabad,2024-10-25,19:56:30,Burger,Crispy Veg Burger,1,129.0,20.0,113.93,Wallet,Delivered,25,5.0
ORD_04563,CUST_0629,REST_115,Haldiram's,Ahmedabad,2024-07-19,19:29:48,Indian,Kadhai Paneer,2,270.0,30.0,0.0,Credit Card,Delivered,58,4.0
ORD_04564,CUST_0728,REST_125,Baskin Robbins,Pune,2024-09-07,14:58:36,Desserts,Belgian Chocolate Waffle,1,160.0,0.0,0.0,Wallet,Delivered,62,4.5
ORD_04565,CUST_0689,REST_105,Burger King,Ahmedabad,2024-11-14,19:31:03,Burger,Double Whopper,2,299.0,50.0,104.19,Cash,Delivered,34,2.5
ORD_04566,CUST_0468,REST_112,Meghana Foods,Hyderabad,2024-05-16,12:42:15,Biryani,Paneer Biryani,2,260.0,20.0,39.54,debit card,Delivered,21,4.0
ORD_04567,CUST_0765,REST_122,KFC,Chennai,2024-06-07,19:18:46,Fast Food,Crispy Chicken Bucket,3,480.0,20.0,126.64,UPI,Delivered,25,4.5
ORD_04568,CUST_0601,REST_102,Pizza Hut,Chennai,2024-12-04,16:02:08,Pizza,Paneer Tikka Pizza,2,349.0,0.0,46.81,Debit Card,Delivered,31,5.0
ORD_04569,CUST_0126,REST_102,Pizza Hut,Mumbai,2024-06-21,13:30:08,Pizza,Cheese Burst Pizza,2,429.0,30.0,37.66,UPI,Delivered,30,4.5
ORD_04570,CUST_0721,REST_108,The Burger Club,Mumbai,2024-12-29,22:27:05,Burger,Double Whopper,1,299.0,20.0,98.16,UPI,Delivered,61,5.0
ORD_04571,CUST_0062,REST_112,Meghana Foods,Ahmedabad,2024-10-18,14:18:36,Biryani,Paneer Biryani,2,260.0,30.0,122.21,Credit Card,Delivered,63,4.5
ORD_04572,CUST_0592,REST_128,Belgian Waffle Co,Bangalore,2024-10-21,22:28:16,Desserts,Red Velvet Jar Cake,1,175.0,40.0,74.63,UPI,Delivered,65,5.0
ORD_04573,CUST_0721,REST_102,Pizza Hut,Ahmedabad,2024-10-29,14:22:47,Pizza,Farmhouse Supreme,1,399.0,30.0,0.0,UPI,Delivered,62,4.5
ORD_04574,CUST_0610,REST_125,Baskin Robbins,Hyderabad,2024-07-02,21:24:44,Desserts,Nutella Brownie,3,130.0,30.0,45.72,UPI,Cancelled,0,0.0
ORD_04575,CUST_0440,REST_115,Haldiram's,Hyderabad,2024-03-03,12:11:35,Indian,Dal Makhani,1,220.0,20.0,36.7,Credit Card,Delivered,27,4.0
ORD_04576,CUST_0265,REST_107,Wendy's,Mumbai,2024-11-04,12:22:24,Burger,Classic Chicken Burger,1,199.0,20.0,24.33,UPI,Delivered,53,5.0
ORD_04577,CUST_0037,REST_128,Belgian Waffle Co,Mumbai,2024-09-19,20:56:33,Desserts,Chocolate Truffle Pastry,1,140.0,50.0,0.0,Cash,Delivered,33,4.0
ORD_04578,CUST_0132,REST_108,The Burger Club,Ahmedabad,2024-04-10,18:11:35,Burger,Double Whopper,2,299.0,0.0,67.08,UPI,Delivered,56,5.0
ORD_04579,CUST_0722,REST_102,Pizza Hut,Mumbai,2024-10-23,22:53:01,Pizza,Pepperoni Feast,1,499.0,0.0,0.0,UPI,Delivered,41,5.0
ORD_04580,CUST_0526,REST_112,Meghana Foods,Hyderabad,2024-01-21,21:16:44,Biryani,Hyderabadi Chicken Biryani,2,320.0,0.0,0.0,Credit Card,Delivered,53,5.0
ORD_04581,CUST_0702,REST_105,Burger King,Mumbai,2024-09-17,22:06:17,Burger,Double Whopper,1,299.0,30.0,83.05,Wallet,Delivered,58,5.0
ORD_04582,CUST_0787,REST_115,Haldiram's,Hyderabad,2024-08-05,09:03:56,Indian,Kadhai Paneer,3,270.0,0.0,0.0,UPI,Delivered,26,4.0
ORD_04583,CUST_0085,REST_126,Theobroma,Pune,2024-02-26,13:11:25,Desserts,Chocolate Truffle Pastry,1,140.0,30.0,28.01,Credit Card,Delivered,37,4.5
ORD_04584,CUST_0381,REST_126,Theobroma,Pune,2024-12-18,22:38:09,Desserts,Gulab Jamun (2 pcs),2,80.0,0.0,0.0,UPI,Delivered,53,4.5
ORD_04585,CUST_0224,REST_114,Barbeque Nation,Mumbai,2024-01-27,20:28:24,Indian,Dal Makhani,1,220.0,0.0,0.0,Cash,Delivered,21,5.0
ORD_04586,CUST_0287,REST_105,Burger King,Ahmedabad,2024-09-21,14:31:12,Burger,Fiery Paneer Burger,2,179.0,40.0,0.0,UPI,Cancelled,0,0.0
ORD_04587,CUST_0256,REST_101,Domino's Pizza,Delhi,2024-11-15,21:53:36,Pizza,Margherita Pizza,1,249.0,0.0,0.0,UPI,Delivered,49,5.0
ORD_04588,CUST_0080,REST_115,Haldiram's,Pune,2024-02-28,21:01:08,Indian,Kadhai Paneer,2,270.0,20.0,135.19,UPI,Delivered,47,2.5
ORD_04589,CUST_0086,REST_118,Wow! Momo,Kolkata,2024-02-27,23:12:57,Chinese,Schezwan Veg Momos,1,150.0,30.0,124.28,UPI,Delivered,27,5.0
ORD_04590,CUST_0008,REST_132,Chai Point,Kolkata,2024-12-04,20:10:15,Beverages,Caffe Latte,2,220.0,40.0,63.0,Wallet,Delivered,18,5.0
ORD_04591,CUST_0679,REST_122,KFC,Kolkata,2024-07-19,13:44:51,Fast Food,Cheesy French Fries,2,120.0,50.0,41.55,Credit Card,Delivered,48,4.0
ORD_04592,CUST_0516,REST_103,Ovenstory Pizza,Bangalore,2024-02-17,20:34:11,Pizza,Farmhouse Supreme,2,399.0,20.0,41.97,UPI,Delivered,43,4.5
ORD_04593,CUST_0659,REST_104,La Pino'z Pizza,Mumbai,2024-05-15,19:51:55,Pizza,Cheese Burst Pizza,1,429.0,20.0,67.42,Credit Card,Delivered,27,3.5
ORD_04594,CUST_0364,REST_130,Chaayos,Chennai,2024-09-25,13:32:55,Beverages,Caffe Latte,0,220.0,50.0,58.21,UPI,Delivered,54,3.0
ORD_04595,CUST_0132,REST_121,Subway,Bangalore,2024-02-23,22:45:42,Fast Food,Paneer Wrap,2,160.0,0.0,0.0,Credit Card,Delivered,24,5.0
ORD_04596,CUST_0769,REST_103,Ovenstory Pizza,Ahmedabad,2024-03-03,21:25:51,Pizza,Pepperoni Feast,1,499.0,50.0,51.13,UPI,Delivered,61,5.0
ORD_04597,CUST_0498,REST_107,Wendy's,Pune,2024-05-16,19:22:03,Burger,Smoky BBQ Burger,1,249.0,40.0,82.57,Cash,Cancelled,0,0.0
ORD_04598,CUST_0678,REST_131,Cafe Coffee Day,Kolkata,2024-12-25,12:14:20,Beverages,Masala Chai (Flask),1,110.0,50.0,26.91,Credit Card,Delivered,40,3.5
ORD_04599,CUST_0288,REST_105,Burger King,Delhi,2024-09-06,12:20:19,Burger,Smoky BBQ Burger,1,249.0,50.0,29.49,Wallet,Delivered,36,4.5
ORD_04600,CUST_0462,REST_123,Taco Bell,Bangalore,2024-04-24,21:45:38,Fast Food,Paneer Wrap,2,160.0,40.0,0.0,UPI,Delivered,41,3.5
ORD_04601,CUST_0677,REST_102,Pizza Hut,Mumbai,2024-12-16,22:10:38,Pizza,Pepperoni Feast,3,499.0,40.0,140.74,Cash,Delivered,54,4.5
ORD_04602,CUST_0336,REST_117,Mainland China,Mumbai,2024-03-06,21:55:14,Chinese,Schezwan Veg Momos,2,150.0,0.0,0.0,UPI,Delivered,19,5.0
ORD_04603,CUST_0053,REST_106,McDonald's,Delhi,2024-07-18,15:38:34,Burger,Double Whopper,2,299.0,50.0,0.0,UPI,Delivered,43,4.5
ORD_04604,CUST_0283,REST_122,KFC,Delhi,2024-02-14,19:38:00,Fast Food,Paneer Wrap,1,160.0,40.0,0.0,UPI,Delivered,35,4.0
ORD_04605,CUST_0719,REST_119,Wok Express,Chennai,2024-11-11,20:41:04,Chinese,Schezwan Veg Momos,2,150.0,0.0,20.78,Cash,Delivered,41,5.0
ORD_04606,CUST_0235,REST_125,Baskin Robbins,Bangalore,2024-02-18,14:29:06,Desserts,Belgian Chocolate Waffle,1,160.0,0.0,36.81,Debit Card,Delivered,43,5.0
ORD_04607,CUST_0594,REST_111,Bawarchi,Bangalore,2024-02-03,16:47:40,Biryani,Hyderabadi Chicken Biryani,2,320.0,40.0,58.3,Debit Card,Delivered,49,2.5
ORD_04608,CUST_0519,REST_123,Taco Bell,Mumbai,2024-08-08,20:57:53,Fast Food,Crispy Chicken Bucket,1,480.0,30.0,0.0,UPI,Delivered,54,3.5
ORD_04609,CUST_0163,REST_122,KFC,Delhi,2024-12-01,19:20:58,Fast Food,Paneer Wrap,1,160.0,40.0,111.27,Credit Card,Delivered,50,3.0
ORD_04610,CUST_0783,REST_129,Starbucks,Delhi,2024-12-12,12:56:15,Beverages,Caffe Latte,3,220.0,20.0,62.77,Credit Card,Delivered,24,4.0
ORD_04611,CUST_0707,REST_109,Paradise Biryani,Delhi,2024-01-12,14:18:18,Biryani,Kolkata Special Biryani,2,350.0,40.0,0.0,UPI,Delivered,21,5.0
ORD_04612,CUST_0447,REST_125,Baskin Robbins,Delhi,2024-06-19,19:03:26,Desserts,Nutella Brownie,1,130.0,40.0,140.36,UPI,Pending,25,0.0
ORD_04613,CUST_0542,REST_112,Meghana Foods,Delhi,2024-08-28,12:25:34,Biryani,Hyderabadi Chicken Biryani,2,320.0,40.0,67.7,UPI,Delivered,26,4.5
ORD_04614,CUST_0420,REST_113,Punjab Grill,Pune,2024-07-01,21:26:29,Indian,Kadhai Paneer,1,270.0,40.0,53.57,Wallet,Delivered,65,5.0
ORD_04615,CUST_0083,REST_125,Baskin Robbins,Pune,2024-07-02,19:40:58,Desserts,Chocolate Truffle Pastry,1,140.0,30.0,0.0,Wallet,Pending,44,0.0
ORD_04616,CUST_0678,REST_132,Chai Point,Pune,2024-08-06,14:52:00,Beverages,Iced Green Tea,1,130.0,40.0,47.68,Debit Card,Delivered,18,5.0
ORD_04617,CUST_0508,REST_117,Mainland China,Pune,2024-10-16,23:02:13,Chinese,Chilli Chicken Gravy,2,270.0,30.0,0.0,UPI,Cancelled,0,0.0
ORD_04618,CUST_0365,REST_129,Starbucks,Ahmedabad,2024-10-02,22:32:19,Beverages,Cold Coffee with Ice Cream,2,150.0,0.0,61.26,Wallet,Delivered,61,3.5
ORD_04619,CUST_0237,REST_101,Domino's Pizza,Bangalore,2024-01-23,20:12:36,Pizza,Pepperoni Feast,2,499.0,20.0,34.92,UPI,Delivered,32,3.5
ORD_04620,CUST_0267,REST_130,Chaayos,Chennai,2024-10-09,19:38:24,Beverages,Mango Smoothie,3,160.0,30.0,137.33,Credit Card,Delivered,41,3.0
ORD_04621,CUST_0295,REST_104,La Pino'z Pizza,Pune,2024-02-01,13:26:17,Pizza,Paneer Tikka Pizza,1,349.0,20.0,0.0,UPI,Delivered,59,3.5
ORD_04622,CUST_0269,REST_120,Berco's,Kolkata,2024-02-24,13:38:33,Chinese,Chilli Chicken Gravy,3,270.0,0.0,0.0,Cash,Delivered,59,4.5
ORD_04623,CUST_0415,REST_126,Theobroma,Mumbai,2024-02-06,14:33:40,Desserts,Chocolate Truffle Pastry,1,140.0,0.0,53.82,Cash,Delivered,33,3.5
ORD_04624,CUST_0239,REST_124,Faasos,Bangalore,2024-04-27,18:07:04,Fast Food,Paneer Wrap,1,160.0,0.0,74.01,UPI,Delivered,59,5.0
ORD_04625,CUST_0784,REST_112,Meghana Foods,Bangalore,2024-11-10,20:48:21,Biryani,Mutton Dum Biryani,1,450.0,20.0,128.97,Cash,Delivered,21,5.0
ORD_04626,CUST_0740,REST_111,Bawarchi,Chennai,2024-07-13,22:43:38,Biryani,Mutton Dum Biryani,1,450.0,20.0,112.58,UPI,Delivered,54,5.0
ORD_04627,CUST_0306,REST_106,McDonald's,Ahmedabad,2024-11-08,22:34:00,Burger,Smoky BBQ Burger,3,-50.0,40.0,106.45,Debit Card,Delivered,63,4.5
ORD_04628,CUST_0674,REST_108,The Burger Club,Pune,2024-01-14,14:26:20,Burger,Crispy Veg Burger,1,129.0,20.0,0.0,UPI,Delivered,43,4.5
ORD_04629,CUST_0318,REST_111,Bawarchi,Ahmedabad,2024-10-07,20:34:17,Biryani,Paneer Biryani,1,260.0,0.0,27.14,Debit Card,Delivered,38,5.0
ORD_04630,CUST_0258,REST_118,Wow! Momo,Delhi,2024-02-18,14:16:11,Chinese,Veg Hakka Noodles,1,180.0,40.0,104.96,Debit Card,Delivered,24,4.5
ORD_04631,CUST_0727,REST_113,Punjab Grill,Chennai,2024-01-15,20:05:02,Indian,Kadhai Paneer,2,270.0,20.0,0.0,UPI,Delivered,36,4.0
ORD_04632,CUST_0612,REST_129,Starbucks,Delhi,2024-06-25,12:41:32,Beverages,Caffe Latte,5,220.0,40.0,127.09,Cash,Delivered,48,3.5
ORD_04633,CUST_0115,REST_130,Chaayos,Bangalore,2024-02-13,14:45:31,Beverages,Masala Chai (Flask),1,110.0,20.0,92.54,UPI,Delivered,60,4.5
ORD_04634,CUST_0462,REST_106,McDonald's,Pune,2024-06-24,20:00:44,Burger,Classic Chicken Burger,3,199.0,20.0,108.27,upi,Delivered,47,2.5
ORD_04635,CUST_0090,REST_103,Ovenstory Pizza,Bangalore,2024-12-19,20:41:37,Pizza,Farmhouse Supreme,1,399.0,50.0,50.27,UPI,Delivered,23,4.5
ORD_04636,CUST_0564,REST_123,Taco Bell,Hyderabad,2024-07-07,21:41:25,Fast Food,Crispy Chicken Bucket,2,480.0,0.0,41.25,Cash,Delivered,31,3.0
ORD_04637,CUST_0012,REST_121,Subway,Mumbai,2024-02-05,20:31:59,Fast Food,Paneer Wrap,1,160.0,40.0,69.8,UPI,Delivered,52,3.0
ORD_04638,CUST_0166,REST_103,Ovenstory Pizza,Kolkata,2024-09-17,20:05:08,Pizza,Pepperoni Feast,1,499.0,50.0,0.0,Credit Card,Delivered,21,4.5
ORD_04639,CUST_0280,REST_120,Berco's,Chennai,2024-01-23,20:19:21,Chinese,Chicken Fried Rice,5,230.0,40.0,52.18,UPI,Delivered,23,4.0
ORD_04640,CUST_0628,REST_105,Burger King,Bangalore,2024-01-18,14:48:55,Burger,Smoky BBQ Burger,1,249.0,50.0,0.0,Debit Card,Delivered,35,5.0
ORD_04641,CUST_0785,REST_109,Paradise Biryani,Ahmedabad,2024-03-10,21:21:56,Biryani,Mutton Dum Biryani,5,450.0,30.0,107.02,Debit Card,Delivered,65,5.0
ORD_04642,CUST_0050,REST_112,Meghana Foods,Ahmedabad,2024-12-03,23:46:26,Biryani,Kolkata Special Biryani,2,350.0,50.0,92.63,UPI,Delivered,60,4.5
ORD_04643,CUST_0037,REST_102,Pizza Hut,Kolkata,2024-02-18,13:00:46,Pizza,Margherita Pizza,2,249.0,50.0,124.63,Credit Card,Delivered,51,3.5
ORD_04644,CUST_0067,REST_102,Pizza Hut,Ahmedabad,2024-11-28,19:41:46,Pizza,Farmhouse Supreme,4,399.0,20.0,44.97,UPI,Delivered,33,2.5
ORD_04645,CUST_0195,REST_110,Behrouz Biryani,Bangalore,2024-04-08,12:52:04,Biryani,Paneer Biryani,4,260.0,0.0,0.0,Cash,Delivered,19,5.0
ORD_04646,CUST_0010,REST_103,Ovenstory Pizza,Mumbai,2024-04-20,21:25:52,Pizza,Farmhouse Supreme,4,399.0,20.0,59.89,Credit Card,Delivered,50,5.0
ORD_04647,CUST_0181,REST_114,Barbeque Nation,Chennai,2024-08-27,14:01:16,Indian,Dal Makhani,3,220.0,50.0,94.76,UPI,Delivered,42,3.0
ORD_04648,CUST_0566,REST_123,Taco Bell,Bangalore,2024-11-05,21:35:10,Fast Food,Paneer Wrap,2,160.0,40.0,0.0,UPI,Delivered,53,4.5
ORD_04649,CUST_0647,REST_106,McDonald's,Chennai,2024-01-02,14:50:52,Burger,Crispy Veg Burger,1,129.0,0.0,32.09,Credit Card,Delivered,43,4.5
ORD_04650,CUST_0518,REST_119,Wok Express,Bangalore,2024-12-10,21:54:55,Chinese,Schezwan Veg Momos,1,150.0,40.0,73.07,UPI,Delivered,29,4.0
ORD_04651,CUST_0663,REST_119,Wok Express,Bangalore,2024-05-01,21:07:54,Chinese,Veg Hakka Noodles,2,180.0,40.0,36.09,Cash,Delivered,48,4.0
ORD_04652,CUST_0317,REST_107,Wendy's,Chennai,2024-03-25,14:17:37,Burger,Classic Chicken Burger,2,199.0,20.0,22.21,Cash,Delivered,35,4.5
ORD_04653,CUST_0525,REST_119,Wok Express,Ahmedabad,2024-03-03,19:11:09,Chinese,Manchurian Gravy,1,210.0,50.0,0.0,Credit Card,Delivered,60,2.0
ORD_04654,CUST_0386,REST_108,The Burger Club,Delhi,2024-06-29,19:19:38,Burger,Classic Chicken Burger,1,199.0,50.0,53.29,UPI,Delivered,35,4.5
ORD_04655,CUST_0062,REST_125,Baskin Robbins,Chennai,2024-12-05,20:24:52,Desserts,Nutella Brownie,1,130.0,50.0,0.0,UPI,Delivered,56,4.0
ORD_04656,CUST_0135,REST_120,Berco's,Ahmedabad,2024-05-31,12:10:32,Chinese,Manchurian Gravy,2,210.0,30.0,0.0,UPI,Delivered,58,5.0
ORD_04657,CUST_0758,REST_111,Bawarchi,Ahmedabad,2024-01-18,19:06:25,Biryani,Mutton Dum Biryani,1,450.0,20.0,139.31,Credit Card,Delivered,57,4.5
ORD_04658,CUST_0492,REST_120,Berco's,Bangalore,2024-07-04,13:29:26,Chinese,Manchurian Gravy,4,210.0,30.0,0.0,Wallet,Delivered,48,4.5
ORD_04659,CUST_0590,REST_122,KFC,Ahmedabad,2024-03-24,10:34:33,Fast Food,Paneer Wrap,2,160.0,0.0,22.25,UPI,Pending,28,0.0
ORD_04660,CUST_0367,REST_106,McDonald's,Bangalore,2024-09-24,20:03:28,Burger,Classic Chicken Burger,1,199.0,50.0,0.0,Credit Card,Cancelled,0,0.0
ORD_04661,CUST_0140,REST_102,Pizza Hut,Pune,2024-05-21,19:05:30,Pizza,Farmhouse Supreme,2,399.0,50.0,0.0,UPI,Delivered,34,5.0
ORD_04662,CUST_0422,REST_121,Subway,Chennai,2024-01-12,21:08:51,Fast Food,Chicken Zinger Meal,1,299.0,30.0,61.01,upi,Pending,43,0.0
ORD_04663,CUST_0512,REST_104,La Pino'z Pizza,Delhi,2024-01-17,14:02:09,Pizza,Pepperoni Feast,1,499.0,0.0,94.25,UPI,Delivered,50,3.0
ORD_04664,CUST_0299,REST_102,Pizza Hut,Pune,2024-06-09,20:43:01,Pizza,Pepperoni Feast,1,499.0,50.0,37.88,UPI,Delivered,26,4.5
ORD_04665,CUST_0502,REST_112,Meghana Foods,Mumbai,2024-03-07,20:49:28,Biryani,Hyderabadi Chicken Biryani,2,320.0,40.0,93.85,UPI,Delivered,62,3.0
ORD_04666,CUST_0120,REST_103,Ovenstory Pizza,Mumbai,2024-06-28,21:02:55,Pizza,Cheese Burst Pizza,1,429.0,20.0,69.06,Wallet,Delivered,60,4.0
ORD_04667,CUST_0799,REST_119,Wok Express,Hyderabad,2024-07-15,17:36:19,Chinese,Schezwan Veg Momos,1,150.0,50.0,121.57,UPI,Delivered,64,4.5
ORD_04668,CUST_0415,REST_127,Naturals Ice Cream,Delhi,2024-07-14,20:11:27,Desserts,Gulab Jamun (2 pcs),1,80.0,0.0,27.46,Wallet,Delivered,59,3.5
ORD_04669,CUST_0557,REST_119,Wok Express,Bangalore,2024-11-22,21:05:25,Chinese,Manchurian Gravy,1,210.0,20.0,106.96,UPI,Delivered,36,4.0
ORD_04670,CUST_0338,REST_117,Mainland China,Bangalore,2024-05-16,21:34:12,Chinese,Chilli Chicken Gravy,2,270.0,0.0,88.33,Credit Card,Delivered,47,5.0
ORD_04671,CUST_0531,REST_114,Barbeque Nation,Mumbai,2024-01-26,18:19:17,Indian,Garlic Naan Combo,1,160.0,40.0,143.16,UPI,Cancelled,0,0.0
ORD_04672,CUST_0230,REST_103,Ovenstory Pizza,Bangalore,2024-10-30,12:46:47,Pizza,Cheese Burst Pizza,1,429.0,0.0,55.69,UPI,Delivered,61,4.5
ORD_04673,CUST_0251,REST_132,Chai Point,Pune,2024-06-06,14:23:08,Beverages,Caffe Latte,3,-50.0,30.0,28.05,Wallet,Cancelled,0,0.0
ORD_04674,CUST_0714,REST_109,Paradise Biryani,Delhi,2024-04-26,13:47:30,Biryani,Hyderabadi Chicken Biryani,2,320.0,40.0,40.27,Cash,Delivered,58,5.0
ORD_04675,CUST_0488,REST_101,Domino's Pizza,Ahmedabad,2024-09-13,19:20:36,Pizza,Pepperoni Feast,4,499.0,20.0,64.23,UPI,Delivered,63,5.0
ORD_04676,CUST_0023,REST_107,Wendy's,Bangalore,2024-04-05,09:50:29,Burger,Smoky BBQ Burger,1,249.0,20.0,0.0,UPI,Delivered,60,5.0
ORD_04677,CUST_0134,REST_103,Ovenstory Pizza,Delhi,2024-04-21,22:44:00,Pizza,Cheese Burst Pizza,3,429.0,30.0,0.0,Cash,Delivered,23,5.0
ORD_04678,CUST_0606,REST_105,Burger King,Chennai,2024-09-04,21:11:38,Burger,Smoky BBQ Burger,1,249.0,0.0,43.78,UPI,Delivered,30,3.5
ORD_04679,CUST_0607,REST_123,Taco Bell,Pune,2024-10-31,14:59:29,Fast Food,Cheesy French Fries,2,120.0,50.0,70.13,Cash,Delivered,25,4.0
ORD_04680,CUST_0383,REST_108,The Burger Club,Hyderabad,2024-01-15,14:13:28,Burger,Classic Chicken Burger,1,199.0,20.0,79.03,UPI,Delivered,62,4.5
ORD_04681,CUST_0100,REST_125,Baskin Robbins,Bangalore,2024-08-31,14:48:01,Desserts,Red Velvet Jar Cake,3,175.0,30.0,0.0,Credit Card,Cancelled,0,0.0
ORD_04682,CUST_0025,REST_132,Chai Point,Bangalore,2024-03-29,22:42:32,Beverages,Mango Smoothie,2,160.0,40.0,49.7,Cash,Pending,44,0.0
ORD_04683,CUST_0010,REST_113,Punjab Grill,Mumbai,2024-04-16,21:32:47,Indian,Butter Chicken,4,360.0,40.0,37.51,Cash,Delivered,53,2.0
ORD_04684,CUST_0798,REST_122,KFC,Hyderabad,2024-03-16,21:36:22,Fast Food,Crispy Chicken Bucket,1,480.0,20.0,134.27,Debit Card,Delivered,24,5.0
ORD_04685,CUST_0679,REST_103,Ovenstory Pizza,Delhi,2024-10-05,18:02:41,Pizza,Margherita Pizza,1,249.0,50.0,26.88,Cash,Delivered,64,4.5
ORD_04686,CUST_0711,REST_103,Ovenstory Pizza,Ahmedabad,2024-01-22,15:33:35,pizza,Margherita Pizza,3,249.0,50.0,0.0,Credit Card,Delivered,20,5.0
ORD_04687,CUST_0405,REST_114,Barbeque Nation,Mumbai,2024-05-21,13:55:04,Indian,Garlic Naan Combo,5,160.0,40.0,20.1,UPI,Delivered,21,3.0
ORD_04688,CUST_0712,REST_120,Berco's,Chennai,2024-07-12,14:37:07,Chinese,Manchurian Gravy,1,210.0,20.0,0.0,Credit Card,Delivered,64,3.5
ORD_04689,CUST_0691,REST_119,Wok Express,Mumbai,2024-01-02,19:56:38,Chinese,Schezwan Veg Momos,3,150.0,50.0,0.0,UPI,Delivered,60,5.0
ORD_04690,CUST_0216,REST_120,Berco's,Mumbai,2024-01-18,19:06:19,Chinese,Manchurian Gravy,4,210.0,30.0,0.0,UPI,Cancelled,0,0.0
ORD_04691,CUST_0440,REST_103,Ovenstory Pizza,Ahmedabad,2024-03-11,12:30:20,Pizza,Margherita Pizza,1,249.0,30.0,0.0,Credit Card,Pending,41,0.0
ORD_04692,CUST_0763,REST_127,Naturals Ice Cream,Hyderabad,2024-09-02,21:38:06,Desserts,Red Velvet Jar Cake,1,175.0,50.0,0.0,Credit Card,Delivered,37,4.5
ORD_04693,CUST_0529,REST_125,Baskin Robbins,Kolkata,2024-11-11,22:20:41,Desserts,Nutella Brownie,2,130.0,30.0,0.0,UPI,Delivered,57,2.0
ORD_04694,CUST_0248,REST_108,The Burger Club,Mumbai,2024-04-01,12:19:11,Burger,Crispy Veg Burger,1,129.0,50.0,79.95,UPI,Delivered,46,5.0
ORD_04695,CUST_0130,REST_109,Paradise Biryani,Hyderabad,2024-02-27,22:59:29,Biryani,Kolkata Special Biryani,5,350.0,20.0,81.84,UPI,Delivered,39,4.5
ORD_04696,CUST_0106,REST_113,Punjab Grill,Chennai,2024-08-14,20:28:41,Indian,Butter Chicken,2,360.0,50.0,0.0,Cash,Delivered,35,5.0
ORD_04697,CUST_0145,REST_111,Bawarchi,Hyderabad,2024-01-14,21:17:05,Biryani,Mutton Dum Biryani,1,450.0,50.0,97.05,Credit Card,Delivered,56,4.0
ORD_04698,CUST_0304,REST_126,Theobroma,Bangalore,2024-12-30,19:12:10,Desserts,Red Velvet Jar Cake,1,175.0,20.0,0.0,UPI,Delivered,23,3.0
ORD_04699,CUST_0319,REST_123,Taco Bell,Mumbai,2024-08-10,12:47:38,Fast Food,Crispy Chicken Bucket,1,480.0,20.0,42.26,Credit Card,Cancelled,0,0.0
ORD_04700,CUST_0226,REST_125,Baskin Robbins,Chennai,2024-06-07,22:40:45,Desserts,Gulab Jamun (2 pcs),3,80.0,20.0,0.0,Debit Card,Delivered,39,4.0
ORD_04701,CUST_0061,REST_124,Faasos,Ahmedabad,2024-05-16,20:17:34,Fast Food,Crispy Chicken Bucket,2,480.0,40.0,0.0,UPI,Delivered,30,4.5
ORD_04702,CUST_0115,REST_117,Mainland China,Ahmedabad,2024-08-22,19:50:55,Chinese,Schezwan Veg Momos,5,150.0,0.0,29.91,UPI,Delivered,44,4.5
ORD_04703,CUST_0681,REST_122,KFC,Ahmedabad,2024-09-02,17:44:54,Fast Food,Crispy Chicken Bucket,1,480.0,40.0,33.75,Debit Card,Delivered,42,5.0
ORD_04704,CUST_0111,REST_131,Cafe Coffee Day,Kolkata,2024-02-23,22:07:42,Beverages,Masala Chai (Flask),1,110.0,20.0,30.1,UPI,Delivered,28,5.0
ORD_04705,CUST_0515,REST_110,Behrouz Biryani,Pune,2024-12-11,20:54:17,Biryani,Mutton Dum Biryani,2,450.0,20.0,0.0,Debit Card,Delivered,53,4.5
ORD_04706,CUST_0711,REST_114,Barbeque Nation,Ahmedabad,2024-10-17,20:03:39,Indian,Dal Makhani,2,220.0,20.0,119.83,Cash,Delivered,57,4.5
ORD_04707,CUST_0310,REST_114,Barbeque Nation,Chennai,2024-01-23,11:38:16,Indian,Kadhai Paneer,2,270.0,50.0,0.0,UPI,Delivered,19,4.0
ORD_04708,CUST_0356,REST_119,Wok Express,Chennai,2024-07-09,22:08:59,Chinese,Veg Hakka Noodles,1,180.0,0.0,42.92,UPI,Delivered,46,5.0
ORD_04709,CUST_0391,REST_127,Naturals Ice Cream,Kolkata,2024-07-05,10:21:55,Desserts,Gulab Jamun (2 pcs),1,80.0,20.0,0.0,Cash,Delivered,43,5.0
ORD_04710,CUST_0289,REST_130,Chaayos,Hyderabad,2024-08-13,08:17:25,Beverages,Cold Coffee with Ice Cream,1,150.0,0.0,66.35,Credit Card,Delivered,61,5.0
ORD_04711,CUST_0421,REST_111,Bawarchi,Delhi,2024-02-27,19:21:10,Biryani,Kolkata Special Biryani,1,350.0,30.0,72.5,Wallet,Pending,39,0.0
ORD_04712,CUST_0744,REST_104,La Pino'z Pizza,Ahmedabad,2024-10-15,21:32:38,Pizza,Paneer Tikka Pizza,1,349.0,0.0,134.0,UPI,Delivered,64,5.0
ORD_04713,CUST_0322,REST_108,The Burger Club,Kolkata,2024-04-09,12:38:44,Burger,Fiery Paneer Burger,2,179.0,40.0,0.0,Wallet,Delivered,51,5.0
ORD_04714,CUST_0243,REST_132,Chai Point,Bangalore,2024-04-19,14:14:09,Beverages,Cold Coffee with Ice Cream,1,150.0,40.0,0.0,UPI,Delivered,52,3.5
ORD_04715,CUST_0676,REST_127,Naturals Ice Cream,Bangalore,2024-08-12,23:58:45,Desserts,Red Velvet Jar Cake,2,175.0,50.0,38.53,UPI,Delivered,47,5.0
ORD_04716,CUST_0122,REST_119,Wok Express,Pune,2024-10-12,20:13:58,Chinese,Manchurian Gravy,4,210.0,30.0,36.16,Wallet,Delivered,20,5.0
ORD_04717,CUST_0476,REST_117,Mainland China,Kolkata,2024-11-05,14:07:48,Chinese,Chilli Chicken Gravy,1,270.0,30.0,0.0,UPI,Delivered,57,4.0
ORD_04718,CUST_0660,REST_125,Baskin Robbins,Bangalore,2024-11-12,22:06:12,Desserts,Belgian Chocolate Waffle,1,160.0,50.0,0.0,UPI,Delivered,45,2.5
ORD_04719,CUST_0703,REST_116,Saravanaa Bhavan,Delhi,2024-04-07,13:47:14,Indian,Paneer Butter Masala,2,280.0,20.0,121.94,Credit Card,Delivered,49,5.0
ORD_04720,CUST_0302,REST_128,Belgian Waffle Co,Ahmedabad,2024-01-31,20:34:25,Desserts,Belgian Chocolate Waffle,1,160.0,0.0,21.64,Cash,Delivered,55,3.0
ORD_04721,CUST_0047,REST_130,Chaayos,Chennai,2024-07-04,22:06:11,Beverages,Masala Chai (Flask),3,110.0,20.0,97.31,Debit Card,Delivered,60,4.5
ORD_04722,CUST_0136,REST_117,Mainland China,Ahmedabad,2024-06-08,12:34:33,Chinese,Schezwan Veg Momos,1,150.0,30.0,117.94,Cash,Delivered,48,4.0
ORD_04723,CUST_0155,REST_124,Faasos,Ahmedabad,2024-05-11,12:47:00,Fast Food,Paneer Wrap,1,160.0,0.0,133.41,Cash,Delivered,60,5.0
ORD_04724,CUST_0439,REST_131,Cafe Coffee Day,Mumbai,2024-06-25,20:11:13,Beverages,Masala Chai (Flask),1,110.0,40.0,0.0,Wallet,Delivered,34,5.0
ORD_04725,CUST_0138,REST_114,Barbeque Nation,Pune,2024-06-17,21:36:55,Indian,Paneer Butter Masala,1,280.0,40.0,71.8,Cash,Delivered,52,4.0
ORD_04726,CUST_0524,REST_127,Naturals Ice Cream,Bangalore,2024-12-04,08:59:43,Desserts,Nutella Brownie,2,130.0,0.0,40.41,UPI,Delivered,45,
ORD_04727,CUST_0202,REST_123,Taco Bell,Chennai,2024-10-27,13:12:02,Fast Food,Crispy Chicken Bucket,1,480.0,30.0,0.0,Credit Card,Cancelled,0,0.0
ORD_04728,CUST_0304,REST_103,Ovenstory Pizza,Ahmedabad,2024-12-17,14:36:25,Pizza,Farmhouse Supreme,1,399.0,0.0,39.83,Credit Card,Delivered,32,5.0
ORD_04729,CUST_0159,REST_122,KFC,Ahmedabad,2024-12-21,21:19:01,Fast Food,Chicken Zinger Meal,3,299.0,50.0,0.0,Debit Card,Cancelled,0,0.0
ORD_04730,CUST_0083,REST_105,Burger King,Ahmedabad,2024-09-17,19:59:15,Burger,Smoky BBQ Burger,4,249.0,0.0,32.73,Credit Card,Delivered,59,4.0
ORD_04731,CUST_0039,REST_101,Domino's Pizza,Mumbai,2024-06-20,13:59:00,Pizza,Cheese Burst Pizza,1,429.0,40.0,0.0,upi,Delivered,34,4.5
ORD_04732,CUST_0470,REST_116,Saravanaa Bhavan,Ahmedabad,2024-02-27,09:11:11,Indian,Dal Makhani,1,220.0,30.0,72.34,Credit Card,Delivered,50,3.5
ORD_04733,CUST_0402,REST_102,Pizza Hut,Delhi,2024-09-18,20:36:32,Pizza,Cheese Burst Pizza,1,429.0,30.0,0.0,Cash,Delivered,24,5.0
ORD_04734,CUST_0662,REST_121,Subway,Delhi,2024-06-09,12:39:41,Fast Food,Chicken Zinger Meal,1,299.0,0.0,0.0,Credit Card,Delivered,52,5.0
ORD_04735,CUST_0786,REST_106,McDonald's,Chennai,2024-03-12,22:54:56,Burger,Smoky BBQ Burger,2,249.0,20.0,0.0,Debit Card,Delivered,62,4.0
ORD_04736,CUST_0677,REST_126,Theobroma,Pune,2024-06-07,14:54:31,Desserts,Chocolate Truffle Pastry,5,140.0,0.0,0.0,Debit Card,Delivered,24,4.5
ORD_04737,CUST_0429,REST_122,KFC,Kolkata,2024-03-10,11:54:44,Fast Food,Paneer Wrap,1,160.0,20.0,137.38,UPI,Delivered,60,4.5
ORD_04738,CUST_0552,REST_129,Starbucks,Mumbai,2024-09-09,20:39:10,Beverages,Mango Smoothie,4,160.0,20.0,0.0,UPI,Delivered,18,5.0
ORD_04739,CUST_0359,REST_115,Haldiram's,Bangalore,2024-06-05,22:45:45,Indian,Kadhai Paneer,5,270.0,50.0,0.0,Debit Card,Delivered,46,1.0
ORD_04740,CUST_0615,REST_121,Subway,Delhi,2024-06-05,22:44:31,Fast Food,Chicken Zinger Meal,1,299.0,0.0,0.0,UPI,Delivered,25,3.5
ORD_04741,CUST_0536,REST_102,Pizza Hut,Ahmedabad,2024-09-28,16:23:30,Pizza,Paneer Tikka Pizza,2,349.0,40.0,72.68,UPI,Delivered,65,5.0
ORD_04742,CUST_0691,REST_110,Behrouz Biryani,Delhi,2024-03-31,17:47:31,Biryani,Mutton Dum Biryani,2,450.0,50.0,0.0,Credit Card,Delivered,19,3.0
ORD_04743,CUST_0118,REST_128,Belgian Waffle Co,Kolkata,2024-07-15,13:27:33,Desserts,Red Velvet Jar Cake,1,175.0,0.0,77.65,Cash,Cancelled,0,0.0
ORD_04744,CUST_0613,REST_115,Haldiram's,Ahmedabad,2024-12-11,19:17:23,Indian,Kadhai Paneer,1,270.0,30.0,27.02,UPI,Delivered,21,4.5
ORD_04745,CUST_0366,REST_110,Behrouz Biryani,Ahmedabad,2024-09-01,19:17:19,Biryani,Mutton Dum Biryani,1,450.0,50.0,73.57,Credit Card,Cancelled,0,0.0
ORD_04746,CUST_0701,REST_103,Ovenstory Pizza,Pune,2024-07-17,09:39:06,Pizza,Cheese Burst Pizza,1,429.0,0.0,112.11,UPI,Delivered,26,4.5
ORD_04747,CUST_0357,REST_119,Wok Express,Mumbai,2024-12-26,12:57:57,Chinese,Chicken Fried Rice,2,230.0,20.0,97.68,Cash,Delivered,63,4.5
ORD_04748,CUST_0734,REST_132,Chai Point,Kolkata,2024-10-25,13:32:37,Beverages,Iced Green Tea,1,130.0,40.0,0.0,UPI,Delivered,56,4.5
ORD_04749,CUST_0476,REST_123,Taco Bell,Bangalore,2024-09-30,19:41:20,Fast Food,Crispy Chicken Bucket,1,480.0,30.0,0.0,UPI,Delivered,51,4.0
ORD_04750,CUST_0301,REST_105,Burger King,Pune,2024-01-30,19:22:38,Burger,Crispy Veg Burger,2,129.0,50.0,35.47,UPI,Pending,27,0.0
ORD_04751,CUST_0107,REST_111,Bawarchi,Hyderabad,2024-07-30,12:32:39,Biryani,Mutton Dum Biryani,2,450.0,50.0,40.67,UPI,Delivered,38,4.0
ORD_04752,CUST_0774,REST_102,Pizza Hut,Pune,2024-07-25,22:12:36,Pizza,Farmhouse Supreme,2,399.0,40.0,94.56,Cash,Delivered,43,4.0
ORD_04753,CUST_0347,REST_104,La Pino'z Pizza,Ahmedabad,2024-10-31,19:11:00,Pizza,Paneer Tikka Pizza,1,349.0,20.0,48.17,UPI,Delivered,19,5.0
ORD_04754,CUST_0579,REST_101,Domino's Pizza,Ahmedabad,2024-12-27,14:29:07,Pizza,Pepperoni Feast,4,499.0,40.0,0.0,UPI,Delivered,56,4.5
ORD_04755,CUST_0025,REST_129,Starbucks,Bangalore,2024-02-15,20:09:27,Beverages,Masala Chai (Flask),2,110.0,0.0,70.7,UPI,Delivered,49,4.5
ORD_04756,CUST_0787,REST_109,Paradise Biryani,Chennai,2024-07-23,20:06:39,Biryani,Paneer Biryani,1,260.0,20.0,65.35,UPI,Delivered,35,2.0
ORD_04757,CUST_0419,REST_118,Wow! Momo,Bangalore,2024-04-10,13:40:16,Chinese,Chicken Fried Rice,3,230.0,30.0,45.88,UPI,Delivered,18,4.0
ORD_04758,CUST_0307,REST_123,Taco Bell,Ahmedabad,2024-09-24,22:05:30,Fast Food,Paneer Wrap,1,160.0,20.0,60.52,Credit Card,Delivered,49,5.0
ORD_04759,CUST_0292,REST_124,Faasos,Chennai,2024-08-25,21:15:52,Fast Food,Cheesy French Fries,2,120.0,30.0,64.17,Credit Card,Delivered,18,3.5
ORD_04760,CUST_0773,REST_114,Barbeque Nation,Bangalore,2024-10-24,18:06:26,Indian,Kadhai Paneer,3,270.0,50.0,0.0,UPI,Delivered,19,4.5
ORD_04761,CUST_0232,REST_110,Behrouz Biryani,Delhi,2024-06-24,21:52:05,Biryani,Paneer Biryani,1,260.0,30.0,47.49,UPI,Delivered,23,4.5
ORD_04762,CUST_0374,REST_109,Paradise Biryani,Pune,2024-01-20,22:59:49,Biryani,Kolkata Special Biryani,1,350.0,20.0,53.66,Debit Card,Delivered,25,3.5
ORD_04763,CUST_0711,REST_131,Cafe Coffee Day,Bangalore,2024-07-07,14:08:31,Beverages,Cold Coffee with Ice Cream,1,150.0,30.0,73.04,Cash,Delivered,57,4.5
ORD_04764,CUST_0765,REST_103,Ovenstory Pizza,Bangalore,2024-04-02,21:51:21,Pizza,Cheese Burst Pizza,3,429.0,0.0,121.98,UPI,Delivered,20,4.5
ORD_04765,CUST_0243,REST_123,Taco Bell,Hyderabad,2024-11-16,10:08:55,Fast Food,Chicken Zinger Meal,3,299.0,20.0,39.2,UPI,Delivered,55,3.5
ORD_04766,CUST_0147,REST_117,Mainland China,Bangalore,2024-12-22,20:01:42,Chinese,Veg Hakka Noodles,1,180.0,0.0,0.0,Credit Card,Delivered,32,5.0
ORD_04767,CUST_0759,REST_131,Cafe Coffee Day,Mumbai,2024-07-14,13:39:13,Beverages,Mango Smoothie,2,160.0,20.0,135.13,UPI,Delivered,49,3.5
ORD_04768,CUST_0196,REST_113,Punjab Grill,Bangalore,2024-06-08,14:34:03,Indian,Paneer Butter Masala,1,280.0,30.0,0.0,UPI,Delivered,47,5.0
ORD_04769,CUST_0217,REST_125,Baskin Robbins,Pune,2024-11-06,20:11:17,Desserts,Belgian Chocolate Waffle,2,160.0,20.0,40.17,UPI,Delivered,44,4.5
ORD_04770,CUST_0326,REST_117,Mainland China,Kolkata,2024-04-20,19:23:43,Chinese,Chicken Fried Rice,1,230.0,20.0,0.0,UPI,Cancelled,0,0.0
ORD_04771,CUST_0645,REST_107,Wendy's,Delhi,2024-04-22,20:16:36,Burger,Classic Chicken Burger,2,199.0,0.0,130.24,UPI,Cancelled,0,0.0
ORD_04772,CUST_0394,REST_113,Punjab Grill,Pune,2024-04-09,22:21:27,Indian,Garlic Naan Combo,1,160.0,40.0,0.0,Credit Card,Delivered,23,4.0
ORD_04773,CUST_0302,REST_117,Mainland China,Mumbai,2024-03-14,13:43:07,Chinese,Veg Hakka Noodles,2,180.0,40.0,28.34,Cash,Delivered,30,5.0
ORD_04774,CUST_0269,REST_119,Wok Express,Kolkata,2024-04-02,19:28:30,Chinese,Schezwan Veg Momos,5,150.0,40.0,73.99,UPI,Delivered,51,4.0
ORD_04775,CUST_0209,REST_130,Chaayos,Hyderabad,2024-06-10,14:28:10,Beverages,Mango Smoothie,3,160.0,0.0,0.0,UPI,Delivered,41,4.5
ORD_04776,CUST_0066,REST_108,The Burger Club,Kolkata,2024-03-15,12:44:51,Burger,Smoky BBQ Burger,4,249.0,30.0,0.0,UPI,Delivered,49,5.0
ORD_04777,CUST_0535,REST_116,Saravanaa Bhavan,Bangalore,2024-03-18,20:12:18,Indian,Butter Chicken,1,360.0,20.0,23.14,UPI,Delivered,27,2.5
ORD_04778,CUST_0161,REST_113,Punjab Grill,Kolkata,2024-08-28,15:51:09,Indian,Paneer Butter Masala,1,280.0,50.0,35.06,Debit Card,Delivered,39,5.0
ORD_04779,CUST_0459,REST_129,Starbucks,Chennai,2024-06-21,19:02:22,Beverages,Masala Chai (Flask),1,110.0,20.0,132.42,Credit Card,Delivered,34,5.0
ORD_04780,CUST_0586,REST_114,Barbeque Nation,Bangalore,2024-02-14,20:33:55,Indian,Butter Chicken,3,360.0,20.0,0.0,Credit Card,Delivered,44,4.0
ORD_04781,CUST_0773,REST_112,Meghana Foods,Pune,2024-06-28,09:37:32,Biryani,Veg Dum Biryani,1,240.0,50.0,55.82,Wallet,Delivered,53,2.5
ORD_04782,CUST_0063,REST_102,Pizza Hut,Chennai,2024-09-06,20:00:43,Pizza,Pepperoni Feast,3,499.0,0.0,126.62,Cash,Delivered,57,2.5
ORD_04783,CUST_0378,REST_116,Saravanaa Bhavan,Kolkata,2024-02-10,22:41:57,Indian,Butter Chicken,1,360.0,0.0,116.69,Cash,Delivered,26,4.0
ORD_04784,CUST_0788,REST_114,Barbeque Nation,Hyderabad,2024-01-14,13:36:36,Indian,Garlic Naan Combo,2,160.0,50.0,0.0,UPI,Delivered,18,5.0
ORD_04785,CUST_0469,REST_101,Domino's Pizza,Kolkata,2024-06-13,20:55:06,Pizza,Margherita Pizza,1,249.0,20.0,0.0,Cash,Delivered,28,5.0
ORD_04786,CUST_0588,REST_119,Wok Express,Pune,2024-02-12,20:17:05,Chinese,Schezwan Veg Momos,1,150.0,20.0,58.53,Credit Card,Delivered,43,3.0
ORD_04787,CUST_0186,REST_116,Saravanaa Bhavan,Kolkata,2024-04-15,12:59:53,Indian,Paneer Butter Masala,1,280.0,50.0,63.93,UPI,Delivered,47,
ORD_04788,CUST_0596,REST_114,Barbeque Nation,Mumbai,2024-01-06,22:40:25,Indian,Butter Chicken,5,360.0,30.0,90.97,UPI,Delivered,27,4.5
ORD_04789,CUST_0713,REST_125,Baskin Robbins,Delhi,2024-10-05,12:39:05,Desserts,Belgian Chocolate Waffle,1,160.0,0.0,0.0,Wallet,Delivered,38,2.5
ORD_04790,CUST_0556,REST_130,Chaayos,Bangalore,2024-09-07,14:49:50,Beverages,Caffe Latte,1,220.0,50.0,90.32,Credit Card,Cancelled,0,0.0
ORD_04791,CUST_0739,REST_127,Naturals Ice Cream,Hyderabad,2024-05-25,13:32:25,Desserts,Gulab Jamun (2 pcs),1,80.0,50.0,127.52,Credit Card,Delivered,36,3.5
ORD_04792,CUST_0551,REST_110,Behrouz Biryani,Ahmedabad,2024-02-22,12:37:13,Biryani,Veg Dum Biryani,5,240.0,50.0,70.94,UPI,Delivered,44,4.0
ORD_04793,CUST_0514,REST_109,Paradise Biryani,Pune,2024-05-01,14:27:18,Biryani,Hyderabadi Chicken Biryani,1,320.0,40.0,21.85,Cash,Cancelled,0,0.0
ORD_04794,CUST_0205,REST_109,Paradise Biryani,Chennai,2024-03-29,21:43:18,Biryani,Paneer Biryani,2,260.0,0.0,0.0,Wallet,Delivered,32,3.0
ORD_04795,CUST_0103,REST_106,McDonald's,Bangalore,2024-11-19,20:47:13,Burger,Classic Chicken Burger,1,199.0,20.0,32.53,Cash,Delivered,55,4.5
ORD_04796,CUST_0502,REST_102,Pizza Hut,Chennai,2024-11-06,19:14:09,Pizza,Pepperoni Feast,1,499.0,50.0,141.72,Credit Card,Delivered,65,4.0
ORD_04797,CUST_0041,REST_121,Subway,Mumbai,2024-07-16,20:23:07,Fast Food,Cheesy French Fries,3,120.0,0.0,0.0,Cash,Delivered,26,4.0
ORD_04798,CUST_0069,REST_113,Punjab Grill,Hyderabad,2024-06-07,21:44:06,Indian,Butter Chicken,2,360.0,20.0,91.84,UPI,Cancelled,0,0.0
ORD_04799,CUST_0016,REST_120,Berco's,Chennai,2024-07-03,19:13:57,Chinese,Chilli Chicken Gravy,1,270.0,30.0,0.0,UPI,Delivered,48,5.0
ORD_04800,CUST_0606,REST_124,Faasos,Ahmedabad,2024-11-21,22:13:12,Fast Food,Cheesy French Fries,1,120.0,50.0,72.78,UPI,Cancelled,0,0.0
ORD_04801,CUST_0664,REST_105,Burger King,Pune,2024-03-02,22:46:00,Burger,Double Whopper,1,299.0,20.0,43.15,UPI,Cancelled,0,0.0
ORD_04802,CUST_0205,REST_130,Chaayos,Hyderabad,2024-02-24,13:19:37,Beverages,Masala Chai (Flask),1,110.0,40.0,46.64,Cash,Delivered,48,4.0
ORD_04803,CUST_0429,REST_109,Paradise Biryani,Chennai,2024-05-09,22:20:43,Biryani,Kolkata Special Biryani,1,350.0,40.0,110.63,Cash,Delivered,26,4.5
ORD_04804,CUST_0573,REST_127,Naturals Ice Cream,Delhi,2024-10-06,13:04:04,Desserts,Nutella Brownie,2,130.0,40.0,0.0,Cash,Pending,30,0.0
ORD_04805,CUST_0081,REST_112,Meghana Foods,Pune,2024-09-02,22:54:36,Biryani,Paneer Biryani,2,260.0,30.0,38.54,UPI,Delivered,27,4.5
ORD_04806,CUST_0446,REST_120,Berco's,Bangalore,2024-05-03,21:51:25,Chinese,Chilli Chicken Gravy,2,270.0,0.0,0.0,Wallet,Delivered,24,4.0
ORD_04807,CUST_0325,REST_121,Subway,Chennai,2024-09-06,18:49:37,Fast Food,Crispy Chicken Bucket,1,480.0,20.0,124.94,Cash,Delivered,40,4.5
ORD_04808,CUST_0370,REST_120,Berco's,Pune,2024-12-27,13:28:11,Chinese,Chicken Fried Rice,1,230.0,0.0,37.68,Cash,Delivered,64,4.5
ORD_04809,CUST_0288,REST_131,Cafe Coffee Day,Hyderabad,2024-10-23,22:47:58,Beverages,Mango Smoothie,4,160.0,40.0,62.92,Cash,Pending,43,0.0
ORD_04810,CUST_0596,REST_128,Belgian Waffle Co,Delhi,2024-07-06,13:47:44,Desserts,Chocolate Truffle Pastry,3,140.0,50.0,97.68,UPI,Delivered,63,5.0
ORD_04811,CUST_0703,REST_126,Theobroma,Delhi,2024-05-12,13:52:35,Desserts,Gulab Jamun (2 pcs),4,80.0,0.0,31.28,Debit Card,Delivered,47,4.5
ORD_04812,CUST_0468,REST_101,Domino's Pizza,Bangalore,2024-04-26,12:39:15,Pizza,Pepperoni Feast,2,499.0,20.0,0.0,Wallet,Delivered,35,5.0
ORD_04813,CUST_0779,REST_111,Bawarchi,Pune,2024-06-06,19:39:02,Biryani,Veg Dum Biryani,1,240.0,20.0,97.74,UPI,Delivered,37,5.0
ORD_04814,CUST_0601,REST_103,Ovenstory Pizza,Pune,2024-02-01,12:59:03,Pizza,Cheese Burst Pizza,1,429.0,40.0,29.5,Cash,Delivered,55,3.0
ORD_04815,CUST_0350,REST_118,Wow! Momo,Pune,2024-07-19,19:59:55,Chinese,Chicken Fried Rice,1,230.0,30.0,109.64,UPI,Delivered,60,4.0
ORD_04816,CUST_0005,REST_120,Berco's,Mumbai,2024-06-02,14:02:22,Chinese,Manchurian Gravy,1,210.0,30.0,48.44,Cash,Delivered,41,4.5
ORD_04817,CUST_0071,REST_102,Pizza Hut,Bangalore,2024-03-24,19:41:04,Pizza,Paneer Tikka Pizza,1,349.0,40.0,38.7,Credit Card,Delivered,46,2.0
ORD_04818,CUST_0236,REST_121,Subway,Bangalore,2024-07-10,22:16:40,Fast Food,Cheesy French Fries,1,120.0,40.0,45.75,Cash,Cancelled,0,0.0
ORD_04819,CUST_0193,REST_112,Meghana Foods,Pune,2024-02-01,14:29:01,Biryani,Paneer Biryani,1,260.0,50.0,0.0,UPI,Delivered,26,4.5
ORD_04820,CUST_0475,REST_104,La Pino'z Pizza,Kolkata,2024-11-13,22:45:25,Pizza,Pepperoni Feast,2,499.0,50.0,0.0,Credit Card,Delivered,28,5.0
ORD_04821,CUST_0673,REST_103,Ovenstory Pizza,Pune,2024-07-23,14:36:20,Pizza,Pepperoni Feast,1,499.0,30.0,0.0,Cash,Delivered,45,5.0
ORD_04822,CUST_0404,REST_109,Paradise Biryani,Chennai,2024-08-11,21:25:43,Biryani,Paneer Biryani,2,260.0,0.0,49.97,UPI,Delivered,51,4.5
ORD_04823,CUST_0427,REST_106,McDonald's,Hyderabad,2024-01-19,20:55:24,Burger,Classic Chicken Burger,2,199.0,30.0,45.98,UPI,Delivered,43,4.0
ORD_04824,CUST_0641,REST_102,Pizza Hut,Chennai,2024-02-11,13:28:14,Pizza,Farmhouse Supreme,1,399.0,50.0,42.65,Wallet,Delivered,51,5.0
ORD_04825,CUST_0673,REST_107,Wendy's,Delhi,2024-01-09,17:20:14,Burger,Classic Chicken Burger,1,199.0,50.0,38.03,Cash,Delivered,35,5.0
ORD_04826,CUST_0708,REST_127,Naturals Ice Cream,Kolkata,2024-09-27,17:33:56,Desserts,Gulab Jamun (2 pcs),2,80.0,50.0,39.73,Credit Card,Cancelled,0,0.0
ORD_04827,CUST_0170,REST_131,Cafe Coffee Day,Chennai,2024-03-13,20:41:39,Beverages,Caffe Latte,1,220.0,20.0,0.0,Cash,Delivered,23,5.0
ORD_04828,CUST_0725,REST_127,Naturals Ice Cream,Mumbai,2024-01-08,08:24:30,Desserts,Chocolate Truffle Pastry,2,140.0,40.0,65.68,Cash,Delivered,27,5.0
ORD_04829,CUST_0111,REST_108,The Burger Club,Delhi,2024-09-24,19:47:22,Burger,Double Whopper,1,299.0,40.0,0.0,Debit Card,Delivered,59,5.0
ORD_04830,CUST_0238,REST_104,La Pino'z Pizza,Ahmedabad,2024-06-02,12:06:00,Pizza,Margherita Pizza,3,249.0,30.0,56.09,UPI,Delivered,54,4.5
ORD_04831,CUST_0171,REST_120,Berco's,Kolkata,2024-08-13,12:23:39,Chinese,Veg Hakka Noodles,3,180.0,50.0,96.72,Cash,Delivered,24,3.0
ORD_04832,CUST_0124,REST_104,La Pino'z Pizza,Bangalore,2024-12-24,08:37:36,Pizza,Farmhouse Supreme,1,399.0,0.0,0.0,UPI,Delivered,58,2.5
ORD_04833,CUST_0087,REST_115,Haldiram's,Pune,2024-03-02,20:24:51,Indian,Dal Makhani,1,220.0,20.0,36.91,UPI,Delivered,19,5.0
ORD_04834,CUST_0664,REST_129,Starbucks,Bangalore,2024-02-22,12:10:58,Beverages,Iced Green Tea,4,130.0,30.0,0.0,Credit Card,Delivered,62,5.0
ORD_04835,CUST_0557,REST_123,Taco Bell,Ahmedabad,2024-10-20,12:03:52,Fast Food,Veggie Delight Sub,1,190.0,50.0,106.79,Debit Card,Delivered,20,4.5
ORD_04836,CUST_0236,REST_111,Bawarchi,Ahmedabad,2024-10-07,21:02:49,Biryani,Hyderabadi Chicken Biryani,2,320.0,0.0,78.51,UPI,Delivered,18,5.0
ORD_04837,CUST_0096,REST_104,La Pino'z Pizza,Pune,2024-04-08,19:55:11,Pizza,Margherita Pizza,1,249.0,20.0,0.0,UPI,Delivered,54,3.0
ORD_04838,CUST_0519,REST_112,Meghana Foods,Pune,2024-05-10,13:08:54,Biryani,Mutton Dum Biryani,5,450.0,40.0,0.0,UPI,Delivered,49,4.5
ORD_04839,CUST_0540,REST_109,Paradise Biryani,Pune,2024-12-04,22:30:08,Biryani,Veg Dum Biryani,1,240.0,20.0,48.74,Wallet,Pending,26,0.0
ORD_04840,CUST_0608,REST_126,Theobroma,Delhi,2024-12-28,14:57:01,Desserts,Gulab Jamun (2 pcs),1,80.0,40.0,0.0,Debit Card,Delivered,55,4.0
ORD_04841,CUST_0726,REST_113,Punjab Grill,Bangalore,2024-02-10,22:56:36,Indian,Butter Chicken,2,360.0,0.0,0.0,UPI,Delivered,63,5.0
ORD_04842,CUST_0362,REST_131,Cafe Coffee Day,Delhi,2024-07-12,13:34:19,Beverages,Iced Green Tea,2,130.0,40.0,0.0,Cash,Delivered,24,5.0
ORD_04843,CUST_0675,REST_108,The Burger Club,Kolkata,2024-11-28,13:17:49,Burger,Crispy Veg Burger,1,129.0,20.0,45.14,UPI,Delivered,22,5.0
ORD_04844,CUST_0792,REST_125,Baskin Robbins,Hyderabad,2024-04-20,21:27:57,Desserts,Belgian Chocolate Waffle,1,160.0,40.0,55.58,UPI,Delivered,41,4.0
ORD_04845,CUST_0718,REST_114,Barbeque Nation,Mumbai,2024-02-03,21:54:49,Indian,Dal Makhani,1,220.0,50.0,0.0,Cash,Delivered,20,5.0
ORD_04846,CUST_0489,REST_122,KFC,Kolkata,2024-04-30,19:49:53,Fast Food,Chicken Zinger Meal,1,299.0,0.0,0.0,Credit Card,Delivered,33,4.5
ORD_04847,CUST_0265,REST_119,Wok Express,Hyderabad,2024-02-14,22:48:26,Chinese,Schezwan Veg Momos,2,150.0,50.0,0.0,UPI,Delivered,39,5.0
ORD_04848,CUST_0411,REST_129,Starbucks,Delhi,2024-04-03,12:58:17,Beverages,Caffe Latte,2,220.0,40.0,0.0,Cash,Delivered,64,5.0
ORD_04849,CUST_0052,REST_125,Baskin Robbins,Pune,2024-02-19,20:55:37,Desserts,Red Velvet Jar Cake,2,175.0,50.0,34.0,Cash,Delivered,33,5.0
ORD_04850,CUST_0082,REST_115,Haldiram's,Bangalore,2024-12-31,20:25:13,Indian,Garlic Naan Combo,1,160.0,20.0,0.0,UPI,Delivered,59,5.0
ORD_04851,CUST_0145,REST_113,Punjab Grill,Bangalore,2024-10-22,20:14:19,Indian,Paneer Butter Masala,3,280.0,0.0,71.93,UPI,Delivered,60,4.5
ORD_04852,CUST_0448,REST_117,Mainland China,Delhi,2024-10-10,12:04:10,Chinese,Manchurian Gravy,3,210.0,20.0,20.69,Credit Card,Delivered,31,4.0
ORD_04853,CUST_0206,REST_124,Faasos,Pune,2024-11-21,22:22:49,Fast Food,Chicken Zinger Meal,1,299.0,0.0,71.04,Cash,Pending,25,0.0
ORD_04854,CUST_0326,REST_119,Wok Express,Mumbai,2024-06-13,20:28:02,Chinese,Schezwan Veg Momos,1,150.0,40.0,125.29,Debit Card,Cancelled,0,0.0
ORD_04855,CUST_0565,REST_117,Mainland China,Kolkata,2024-07-02,13:37:04,chinese,Schezwan Veg Momos,3,150.0,30.0,0.0,Cash,Cancelled,0,0.0
ORD_04856,CUST_0186,REST_130,Chaayos,Kolkata,2024-11-05,14:49:21,Beverages,Masala Chai (Flask),1,110.0,0.0,47.72,UPI,Delivered,63,4.5
ORD_04857,CUST_0061,REST_107,Wendy's,Mumbai,2024-03-21,21:12:44,Burger,Classic Chicken Burger,5,199.0,20.0,0.0,Wallet,Delivered,35,3.5
ORD_04858,CUST_0295,REST_115,Haldiram's,Kolkata,2024-03-04,22:41:18,Indian,Paneer Butter Masala,2,280.0,0.0,0.0,Cash,Cancelled,0,0.0
ORD_04859,CUST_0676,REST_130,Chaayos,Kolkata,2024-01-31,22:26:28,Beverages,Iced Green Tea,1,130.0,30.0,33.73,UPI,Delivered,55,4.5
ORD_04860,CUST_0264,REST_129,Starbucks,Bangalore,2024-12-24,13:47:10,Beverages,Cold Coffee with Ice Cream,3,150.0,50.0,112.52,Debit Card,Delivered,47,4.5
ORD_04861,CUST_0411,REST_127,Naturals Ice Cream,Pune,2024-03-16,21:14:02,Desserts,Belgian Chocolate Waffle,1,160.0,40.0,43.52,Credit Card,Delivered,34,3.5
ORD_04862,CUST_0676,REST_103,Ovenstory Pizza,Mumbai,2024-07-11,22:30:12,Pizza,Pepperoni Feast,1,499.0,50.0,105.99,Credit Card,Delivered,22,1.0
ORD_04863,CUST_0788,REST_117,Mainland China,Chennai,2024-03-06,20:26:01,Chinese,Chilli Chicken Gravy,3,270.0,50.0,120.18,Credit Card,Delivered,48,5.0
ORD_04864,CUST_0507,REST_115,Haldiram's,Ahmedabad,2024-05-18,17:26:52,Indian,Kadhai Paneer,1,270.0,30.0,0.0,Credit Card,Cancelled,0,0.0
ORD_04865,CUST_0317,REST_109,Paradise Biryani,Pune,2024-07-27,22:14:21,Biryani,Kolkata Special Biryani,2,350.0,40.0,0.0,UPI,Delivered,20,4.0
ORD_04866,CUST_0511,REST_128,Belgian Waffle Co,Pune,2024-11-18,12:20:26,Desserts,Gulab Jamun (2 pcs),2,80.0,20.0,122.54,UPI,Delivered,54,5.0
ORD_04867,CUST_0640,REST_132,Chai Point,Ahmedabad,2024-10-14,19:50:51,Beverages,Mango Smoothie,2,160.0,0.0,0.0,UPI,Delivered,24,5.0
ORD_04868,CUST_0430,REST_106,McDonald's,Kolkata,2024-06-09,13:39:37,Burger,Classic Chicken Burger,1,199.0,30.0,93.47,Wallet,Delivered,62,5.0
ORD_04869,CUST_0062,REST_118,Wow! Momo,Pune,2024-11-15,22:29:47,Chinese,Schezwan Veg Momos,2,150.0,30.0,124.49,Cash,Delivered,28,4.0
ORD_04870,CUST_0045,REST_102,Pizza Hut,Kolkata,2024-10-13,23:55:15,Pizza,Margherita Pizza,1,249.0,20.0,0.0,Credit Card,Delivered,64,4.0
ORD_04871,CUST_0475,REST_104,La Pino'z Pizza,Delhi,2024-10-21,16:28:38,Pizza,Paneer Tikka Pizza,1,349.0,50.0,23.03,Cash,Delivered,47,2.5
ORD_04872,CUST_0730,REST_122,KFC,Ahmedabad,2024-09-20,14:00:40,Fast Food,Chicken Zinger Meal,1,299.0,0.0,0.0,UPI,Delivered,46,4.0
ORD_04873,CUST_0105,REST_129,Starbucks,Pune,2024-02-08,19:06:32,Beverages,Mango Smoothie,2,160.0,0.0,0.0,Credit Card,Delivered,40,5.0
ORD_04874,CUST_0506,REST_121,Subway,Chennai,2024-08-14,10:00:23,Fast Food,Veggie Delight Sub,3,190.0,20.0,58.4,UPI,Delivered,61,4.5
ORD_04875,CUST_0476,REST_107,Wendy's,Chennai,2024-08-31,14:46:43,Burger,Fiery Paneer Burger,1,179.0,50.0,36.36,UPI,Delivered,64,4.5
ORD_04876,CUST_0170,REST_115,Haldiram's,Hyderabad,2024-11-28,22:32:36,Indian,Garlic Naan Combo,1,160.0,40.0,23.06,Credit Card,Delivered,31,4.5
ORD_04877,CUST_0113,REST_120,Berco's,Delhi,2024-08-29,20:33:33,Chinese,Chilli Chicken Gravy,1,270.0,30.0,73.02,UPI,Delivered,28,5.0
ORD_04878,CUST_0456,REST_127,Naturals Ice Cream,Delhi,2024-02-04,15:05:10,Desserts,Belgian Chocolate Waffle,1,160.0,40.0,0.0,UPI,Delivered,52,5.0
ORD_04879,CUST_0001,REST_116,Saravanaa Bhavan,Chennai,2024-03-12,12:45:20,Indian,Paneer Butter Masala,2,280.0,40.0,0.0,Wallet,Delivered,39,5.0
ORD_04880,CUST_0559,REST_106,McDonald's,Kolkata,2024-09-13,10:47:31,Burger,Crispy Veg Burger,2,129.0,0.0,138.73,Credit Card,Delivered,50,4.5
ORD_04881,CUST_0541,REST_118,Wow! Momo,Hyderabad,2024-11-17,13:04:25,Chinese,Veg Hakka Noodles,4,180.0,0.0,0.0,Cash,Delivered,24,2.5
ORD_04882,CUST_0618,REST_128,Belgian Waffle Co,Ahmedabad,2024-11-11,12:50:17,Desserts,Nutella Brownie,1,130.0,40.0,0.0,Credit Card,Pending,45,0.0
ORD_04883,CUST_0760,REST_122,KFC,Ahmedabad,2024-07-06,21:15:29,Fast Food,Veggie Delight Sub,1,190.0,50.0,70.65,UPI,Delivered,39,4.0
ORD_04884,CUST_0199,REST_122,KFC,Mumbai,2024-09-11,21:53:14,Fast Food,Cheesy French Fries,1,120.0,20.0,0.0,Credit Card,Cancelled,0,0.0
ORD_04885,CUST_0790,REST_108,The Burger Club,Bangalore,2024-07-12,13:20:55,Burger,Crispy Veg Burger,3,129.0,40.0,136.95,UPI,Delivered,54,4.0
ORD_04886,CUST_0297,REST_115,Haldiram's,Delhi,2024-03-03,12:12:43,Indian,Butter Chicken,3,360.0,40.0,29.23,Debit Card,Delivered,50,3.5
ORD_04887,CUST_0799,REST_106,McDonald's,Mumbai,2024-09-07,09:53:55,Burger,Classic Chicken Burger,3,199.0,0.0,113.23,Cash,Delivered,23,5.0
ORD_04888,CUST_0460,REST_119,Wok Express,Ahmedabad,2024-03-29,14:27:42,Chinese,Chilli Chicken Gravy,2,270.0,40.0,56.02,UPI,Delivered,30,4.5
ORD_04889,CUST_0460,REST_106,McDonald's,Hyderabad,2024-08-07,12:09:40,Burger,Crispy Veg Burger,1,129.0,40.0,50.48,UPI,Pending,27,0.0
ORD_04890,CUST_0197,REST_119,Wok Express,Pune,2024-12-25,12:28:15,Chinese,Chilli Chicken Gravy,2,270.0,30.0,0.0,Credit Card,Delivered,44,4.5
ORD_04891,CUST_0532,REST_105,Burger King,Ahmedabad,2024-03-24,21:32:40,Burger,Smoky BBQ Burger,1,249.0,20.0,0.0,Wallet,Delivered,55,5.0
ORD_04892,CUST_0351,REST_126,Theobroma,Kolkata,2024-12-22,21:55:32,Desserts,Red Velvet Jar Cake,2,175.0,50.0,55.63,Cash,Cancelled,0,0.0
ORD_04893,CUST_0674,REST_102,Pizza Hut,Chennai,2024-09-13,19:50:42,Pizza,Pepperoni Feast,3,499.0,30.0,61.01,Cash,Delivered,23,5.0
ORD_04894,CUST_0158,REST_125,Baskin Robbins,Kolkata,2024-07-15,21:32:38,Desserts,Nutella Brownie,1,130.0,30.0,36.08,Cash,Delivered,48,5.0
ORD_04895,CUST_0800,REST_112,Meghana Foods,Ahmedabad,2024-06-29,22:16:46,Biryani,Paneer Biryani,2,260.0,40.0,0.0,Debit Card,Delivered,34,4.5
ORD_04896,CUST_0289,REST_105,Burger King,Mumbai,2024-02-11,14:01:56,Burger,Crispy Veg Burger,1,129.0,0.0,0.0,Cash,Delivered,33,3.0
ORD_04897,CUST_0002,REST_103,Ovenstory Pizza,Bangalore,2024-01-07,14:11:46,Pizza,Margherita Pizza,1,249.0,20.0,0.0,Credit Card,Delivered,40,4.5
ORD_04898,CUST_0027,REST_106,McDonald's,Bangalore,2024-03-09,12:15:33,Burger,Classic Chicken Burger,1,199.0,50.0,37.53,Credit Card,Pending,35,0.0
ORD_04899,CUST_0431,REST_126,Theobroma,Ahmedabad,2024-03-22,19:36:33,Desserts,Chocolate Truffle Pastry,3,140.0,40.0,0.0,UPI,Delivered,60,4.5
ORD_04900,CUST_0368,REST_117,Mainland China,Bangalore,2024-01-29,13:10:44,Chinese,Chilli Chicken Gravy,4,270.0,20.0,37.41,UPI,Delivered,24,4.5
ORD_04901,CUST_0141,REST_127,Naturals Ice Cream,Mumbai,2024-06-28,19:06:41,Desserts,Chocolate Truffle Pastry,1,140.0,40.0,0.0,Credit Card,Delivered,56,3.0
ORD_04902,CUST_0789,REST_127,Naturals Ice Cream,Ahmedabad,2024-05-16,14:20:19,Desserts,Red Velvet Jar Cake,3,175.0,40.0,52.15,Credit Card,Delivered,37,4.5
ORD_04903,CUST_0155,REST_106,McDonald's,Bangalore,2024-06-26,12:54:31,Burger,Double Whopper,1,299.0,20.0,27.14,Cash,Delivered,41,4.0
ORD_04904,CUST_0662,REST_125,Baskin Robbins,Pune,2024-12-24,20:13:53,Desserts,Red Velvet Jar Cake,1,175.0,50.0,0.0,Credit Card,Delivered,62,3.5
ORD_04905,CUST_0169,REST_124,Faasos,Hyderabad,2024-08-20,21:07:41,Fast Food,Cheesy French Fries,1,120.0,30.0,0.0,UPI,Delivered,63,2.5
ORD_04906,CUST_0528,REST_115,Haldiram's,Hyderabad,2024-02-11,20:30:47,Indian,Paneer Butter Masala,1,280.0,30.0,58.66,Debit Card,Delivered,41,4.5
ORD_04907,CUST_0297,REST_126,Theobroma,Chennai,2024-03-28,19:39:48,Desserts,Red Velvet Jar Cake,1,175.0,0.0,0.0,Debit Card,Delivered,27,4.0
ORD_04908,CUST_0583,REST_113,Punjab Grill,Pune,2024-11-29,19:44:54,Indian,Kadhai Paneer,2,270.0,0.0,43.9,UPI,Cancelled,0,0.0
ORD_04909,CUST_0437,REST_106,McDonald's,Ahmedabad,2024-11-29,09:04:27,Burger,Double Whopper,1,299.0,30.0,149.09,Wallet,Delivered,24,4.0
ORD_04910,CUST_0447,REST_114,Barbeque Nation,Pune,2024-08-19,19:33:39,Indian,Garlic Naan Combo,1,160.0,20.0,114.01,UPI,Delivered,44,5.0
ORD_04911,CUST_0432,REST_103,Ovenstory Pizza,Hyderabad,2024-07-29,12:49:53,Pizza,Cheese Burst Pizza,3,429.0,50.0,0.0,UPI,Delivered,49,3.5
ORD_04912,CUST_0303,REST_115,Haldiram's,Hyderabad,2024-07-21,13:41:46,Indian,Dal Makhani,1,220.0,30.0,54.23,Cash,Delivered,21,4.5
ORD_04913,CUST_0387,REST_104,La Pino'z Pizza,Pune,2024-06-30,08:30:23,Pizza,Cheese Burst Pizza,1,429.0,40.0,0.0,UPI,Delivered,30,4.5
ORD_04914,CUST_0789,REST_108,The Burger Club,Mumbai,2024-06-27,12:44:17,Burger,Smoky BBQ Burger,2,249.0,30.0,43.01,UPI,Delivered,29,3.5
ORD_04915,CUST_0026,REST_123,Taco Bell,Bangalore,2024-09-03,10:30:37,Fast Food,Cheesy French Fries,1,120.0,40.0,0.0,Credit Card,Delivered,35,4.0
ORD_04916,CUST_0466,REST_110,Behrouz Biryani,Mumbai,2024-07-05,20:56:43,Biryani,Kolkata Special Biryani,4,350.0,50.0,149.71,UPI,Delivered,59,3.5
ORD_04917,CUST_0777,REST_108,The Burger Club,Chennai,2024-05-19,13:33:50,Burger,Fiery Paneer Burger,2,179.0,30.0,116.2,Cash,Delivered,34,3.5
ORD_04918,CUST_0776,REST_109,Paradise Biryani,Delhi,2024-10-06,17:33:57,Biryani,Hyderabadi Chicken Biryani,1,320.0,40.0,0.0,Cash,Delivered,45,5.0
ORD_04919,CUST_0288,REST_125,Baskin Robbins,Mumbai,2024-10-14,22:42:37,Desserts,Nutella Brownie,2,130.0,20.0,29.04,Debit Card,Delivered,31,4.0
ORD_04920,CUST_0731,REST_130,Chaayos,Delhi,2024-11-09,14:46:48,Beverages,Caffe Latte,2,220.0,50.0,67.67,Credit Card,Pending,43,0.0
ORD_04921,CUST_0361,REST_114,Barbeque Nation,Kolkata,2024-09-11,13:02:22,Indian,Garlic Naan Combo,1,160.0,0.0,144.22,Debit Card,Delivered,52,5.0
ORD_04922,CUST_0610,REST_111,Bawarchi,Pune,2024-08-06,13:45:37,Biryani,Kolkata Special Biryani,1,350.0,20.0,0.0,Cash,Delivered,46,5.0
ORD_04923,CUST_0057,REST_123,Taco Bell,Delhi,2024-07-03,21:59:53,Fast Food,Cheesy French Fries,1,120.0,20.0,0.0,UPI,Delivered,35,4.0
ORD_04924,CUST_0014,REST_127,Naturals Ice Cream,Delhi,2024-06-25,10:26:04,Desserts,Red Velvet Jar Cake,1,175.0,20.0,45.95,UPI,Cancelled,0,0.0
ORD_04925,CUST_0137,REST_123,Taco Bell,Chennai,2024-08-10,13:11:27,Fast Food,Cheesy French Fries,1,120.0,20.0,0.0,Cash,Cancelled,0,0.0
ORD_04926,CUST_0755,REST_124,Faasos,Ahmedabad,2024-04-20,22:04:43,Fast Food,Veggie Delight Sub,1,190.0,40.0,96.17,Wallet,Delivered,41,5.0
ORD_04927,CUST_0484,REST_115,Haldiram's,Bangalore,2024-12-11,20:12:34,Indian,Butter Chicken,2,360.0,30.0,50.42,UPI,Delivered,63,4.0
ORD_04928,CUST_0724,REST_112,Meghana Foods,Pune,2024-11-26,21:58:39,Biryani,Veg Dum Biryani,1,240.0,40.0,130.88,Cash,Delivered,52,5.0
ORD_04929,CUST_0519,REST_119,Wok Express,Mumbai,2024-08-06,14:10:30,Chinese,Schezwan Veg Momos,1,150.0,40.0,0.0,Cash,Delivered,38,4.0
ORD_04930,CUST_0186,REST_126,Theobroma,Delhi,2024-09-09,20:25:58,Desserts,Red Velvet Jar Cake,1,175.0,20.0,0.0,UPI,Delivered,57,4.5
ORD_04931,CUST_0433,REST_117,Mainland China,Bangalore,2024-12-16,21:40:50,Chinese,Manchurian Gravy,1,210.0,20.0,118.67,Credit Card,Pending,20,0.0
ORD_04932,CUST_0645,REST_106,McDonald's,Hyderabad,2024-12-21,20:35:48,Burger,Fiery Paneer Burger,2,179.0,50.0,0.0,UPI,Delivered,36,4.5
ORD_04933,CUST_0659,REST_130,Chaayos,Pune,2024-03-05,11:08:07,Beverages,Iced Green Tea,2,130.0,0.0,30.3,Debit Card,Delivered,21,5.0
ORD_04934,CUST_0190,REST_106,McDonald's,Ahmedabad,2024-12-18,12:37:50,Burger,Double Whopper,1,299.0,40.0,38.93,Wallet,Delivered,35,4.5
ORD_04935,CUST_0138,REST_120,Berco's,Bangalore,2024-05-23,22:31:13,Chinese,Veg Hakka Noodles,3,180.0,50.0,57.94,Credit Card,Delivered,43,4.5
ORD_04936,CUST_0315,REST_105,Burger King,Pune,2024-08-24,22:37:13,Burger,Fiery Paneer Burger,2,179.0,0.0,0.0,Cash,Delivered,56,4.0
ORD_04937,CUST_0201,REST_115,Haldiram's,Ahmedabad,2024-08-22,22:30:19,Indian,Butter Chicken,1,360.0,0.0,62.26,UPI,Delivered,34,4.0
ORD_04938,CUST_0272,REST_116,Saravanaa Bhavan,Hyderabad,2024-10-26,19:59:31,Indian,Butter Chicken,1,360.0,20.0,37.45,Credit Card,Delivered,58,3.0
ORD_04939,CUST_0443,REST_115,Haldiram's,Delhi,2024-05-12,13:55:37,Indian,Dal Makhani,2,220.0,30.0,26.19,Cash,Delivered,63,4.0
ORD_04940,CUST_0248,REST_123,Taco Bell,Kolkata,2024-01-27,13:45:16,Fast Food,Crispy Chicken Bucket,2,480.0,30.0,20.42,Cash,Delivered,29,4.0
ORD_04941,CUST_0116,REST_132,Chai Point,Chennai,2024-03-22,14:33:36,Beverages,Caffe Latte,5,220.0,20.0,29.57,UPI,Cancelled,0,0.0
ORD_04942,CUST_0045,REST_125,Baskin Robbins,Chennai,2024-06-27,12:26:57,Desserts,Gulab Jamun (2 pcs),1,80.0,50.0,0.0,Cash,Delivered,46,4.0
ORD_04943,CUST_0780,REST_109,Paradise Biryani,Kolkata,2024-10-11,13:29:57,Biryani,Paneer Biryani,2,260.0,40.0,0.0,Wallet,Delivered,19,4.0
ORD_04944,CUST_0722,REST_120,Berco's,Delhi,2024-06-26,09:35:54,Chinese,Chicken Fried Rice,1,230.0,40.0,43.95,UPI,Delivered,29,4.0
ORD_04945,CUST_0169,REST_108,The Burger Club,Delhi,2024-05-17,08:44:57,Burger,Double Whopper,2,299.0,0.0,22.78,Credit Card,Delivered,51,4.0
ORD_04946,CUST_0209,REST_128,Belgian Waffle Co,Mumbai,2024-11-29,21:51:31,Desserts,Gulab Jamun (2 pcs),1,80.0,50.0,127.94,UPI,Delivered,58,3.5
ORD_04947,CUST_0024,REST_128,Belgian Waffle Co,Mumbai,2024-05-03,12:08:23,Desserts,Gulab Jamun (2 pcs),1,80.0,40.0,0.0,Wallet,Cancelled,0,0.0
ORD_04948,CUST_0489,REST_119,Wok Express,Ahmedabad,2024-07-04,19:10:45,Chinese,Veg Hakka Noodles,1,180.0,30.0,60.89,Cash,Cancelled,0,0.0
ORD_04949,CUST_0474,REST_110,Behrouz Biryani,Chennai,2024-07-04,13:36:57,Biryani,Hyderabadi Chicken Biryani,1,320.0,40.0,63.93,Debit Card,Delivered,32,5.0
ORD_04950,CUST_0247,REST_114,Barbeque Nation,Ahmedabad,2024-08-29,13:36:51,Indian,Kadhai Paneer,1,270.0,30.0,0.0,UPI,Delivered,50,5.0
ORD_04951,CUST_0408,REST_123,Taco Bell,Hyderabad,2024-07-21,13:59:27,Fast Food,Crispy Chicken Bucket,5,480.0,30.0,0.0,Credit Card,Delivered,25,5.0
ORD_04952,CUST_0473,REST_124,Faasos,Mumbai,2024-03-02,15:52:10,Fast Food,Crispy Chicken Bucket,3,480.0,20.0,98.9,UPI,Delivered,58,5.0
ORD_04953,CUST_0190,REST_127,Naturals Ice Cream,Delhi,2024-06-27,20:20:20,Desserts,Belgian Chocolate Waffle,1,160.0,0.0,0.0,UPI,Delivered,65,5.0
ORD_04954,CUST_0716,REST_102,Pizza Hut,Chennai,2024-09-08,22:53:55,Pizza,Margherita Pizza,1,249.0,0.0,23.17,UPI,Delivered,20,4.5
ORD_04955,CUST_0761,REST_106,McDonald's,Bangalore,2024-03-12,19:42:52,Burger,Fiery Paneer Burger,1,179.0,30.0,0.0,UPI,Delivered,29,4.5
ORD_04956,CUST_0212,REST_110,Behrouz Biryani,Mumbai,2024-04-07,17:34:51,Biryani,Paneer Biryani,1,260.0,0.0,24.91,UPI,Pending,43,0.0
ORD_04957,CUST_0662,REST_108,The Burger Club,Bangalore,2024-11-08,20:01:55,Burger,Classic Chicken Burger,1,199.0,50.0,0.0,Credit Card,Delivered,29,5.0
ORD_04958,CUST_0356,REST_108,The Burger Club,Hyderabad,2024-08-06,12:22:41,Burger,Double Whopper,2,299.0,30.0,74.39,UPI,Pending,20,0.0
ORD_04959,CUST_0267,REST_117,Mainland China,Chennai,2024-02-02,19:18:19,Chinese,Schezwan Veg Momos,3,150.0,20.0,103.3,Cash,Delivered,62,4.5
ORD_04960,CUST_0159,REST_118,Wow! Momo,Hyderabad,2024-03-12,14:23:06,Chinese,Schezwan Veg Momos,5,150.0,50.0,72.08,Debit Card,Delivered,18,5.0
ORD_04961,,REST_119,Wok Express,Ahmedabad,2024-01-26,20:48:40,Chinese,Manchurian Gravy,1,210.0,30.0,0.0,UPI,Delivered,55,5.0
ORD_04962,CUST_0616,REST_120,Berco's,Delhi,2024-01-13,19:39:05,Chinese,Chicken Fried Rice,1,230.0,40.0,0.0,Cash,Delivered,20,5.0
ORD_04963,CUST_0711,REST_113,Punjab Grill,Hyderabad,2024-07-15,21:26:47,Indian,Garlic Naan Combo,1,160.0,30.0,40.48,UPI,Delivered,33,4.5
ORD_04964,CUST_0143,REST_129,Starbucks,Pune,2024-05-04,18:21:30,Beverages,Masala Chai (Flask),2,110.0,30.0,0.0,Debit Card,Delivered,28,4.5
ORD_04965,CUST_0676,REST_129,Starbucks,Hyderabad,2024-08-19,09:16:04,Beverages,Iced Green Tea,2,130.0,50.0,43.55,UPI,Pending,33,0.0
ORD_04966,CUST_0308,REST_101,Domino's Pizza,Mumbai,2024-06-15,09:21:56,Pizza,Pepperoni Feast,4,499.0,20.0,144.79,Debit Card,Delivered,56,4.0
ORD_04967,CUST_0426,REST_117,Mainland China,Mumbai,2024-05-26,10:53:30,Chinese,Chicken Fried Rice,3,230.0,50.0,117.72,Wallet,Delivered,50,3.5
ORD_04968,CUST_0080,REST_114,Barbeque Nation,Kolkata,2024-10-31,12:42:02,Indian,Kadhai Paneer,1,270.0,50.0,0.0,UPI,Delivered,35,4.0
ORD_04969,CUST_0333,REST_124,Faasos,Ahmedabad,2024-06-07,17:40:13,Fast Food,Chicken Zinger Meal,1,299.0,20.0,0.0,Wallet,Delivered,63,5.0
ORD_04970,CUST_0297,REST_132,Chai Point,Pune,2024-12-30,20:45:08,Beverages,Iced Green Tea,1,130.0,40.0,24.46,UPI,Delivered,48,5.0
ORD_04971,CUST_0705,REST_132,Chai Point,Ahmedabad,2024-06-06,21:37:29,Beverages,Iced Green Tea,2,130.0,30.0,0.0,Credit Card,Delivered,48,3.0
ORD_04972,CUST_0116,REST_118,Wow! Momo,Delhi,2024-01-30,10:35:14,Chinese,Chicken Fried Rice,2,230.0,40.0,0.0,Debit Card,Delivered,42,5.0
ORD_04973,CUST_0240,REST_126,Theobroma,Chennai,2024-08-19,12:11:15,Desserts,Chocolate Truffle Pastry,1,140.0,40.0,0.0,Cash,Cancelled,0,0.0
ORD_04974,CUST_0446,REST_108,The Burger Club,Pune,2024-08-18,08:06:56,Burger,Smoky BBQ Burger,1,249.0,30.0,0.0,Cash,Delivered,26,5.0
ORD_04975,CUST_0486,REST_102,Pizza Hut,Chennai,2024-03-15,22:17:15,Pizza,Cheese Burst Pizza,1,429.0,30.0,117.96,UPI,Delivered,22,2.5
ORD_04976,CUST_0128,REST_121,Subway,Mumbai,2024-06-13,10:10:43,Fast Food,Veggie Delight Sub,2,190.0,30.0,0.0,Cash,Delivered,56,4.5
ORD_04977,CUST_0337,REST_128,Belgian Waffle Co,Hyderabad,2024-05-13,18:57:49,Desserts,Belgian Chocolate Waffle,1,160.0,0.0,126.28,Credit Card,Delivered,38,3.5
ORD_04978,CUST_0272,REST_115,Haldiram's,Pune,2024-09-04,20:11:37,Indian,Kadhai Paneer,1,270.0,0.0,21.41,Cash,Delivered,21,2.0
ORD_04979,CUST_0319,REST_112,Meghana Foods,Kolkata,2024-02-14,14:57:34,Biryani,Kolkata Special Biryani,2,350.0,50.0,0.0,UPI,Delivered,48,5.0
ORD_04980,CUST_0759,REST_111,Bawarchi,Chennai,2024-06-15,16:32:07,Biryani,Mutton Dum Biryani,3,450.0,30.0,32.78,Credit Card,Cancelled,0,0.0
ORD_04981,CUST_0563,REST_111,Bawarchi,Kolkata,2024-11-21,22:14:58,Biryani,Paneer Biryani,3,260.0,20.0,0.0,Wallet,Delivered,19,4.5
ORD_04982,CUST_0372,REST_105,Burger King,Pune,2024-01-30,21:10:45,Burger,Smoky BBQ Burger,1,249.0,40.0,110.17,UPI,Delivered,59,4.0
ORD_04983,CUST_0136,REST_111,Bawarchi,Ahmedabad,2024-11-06,12:57:19,Biryani,Paneer Biryani,1,260.0,30.0,0.0,Credit Card,Delivered,28,5.0
ORD_04984,CUST_0057,REST_127,Naturals Ice Cream,Bangalore,2024-10-02,19:30:46,Desserts,Red Velvet Jar Cake,2,175.0,40.0,0.0,Cash,Delivered,38,4.5
ORD_04985,CUST_0169,REST_130,Chaayos,Bangalore,2024-07-22,21:22:37,Beverages,Masala Chai (Flask),1,110.0,30.0,89.36,Cash,Cancelled,0,0.0
ORD_04986,CUST_0060,REST_114,Barbeque Nation,Ahmedabad,2024-02-18,12:51:32,Indian,Kadhai Paneer,1,270.0,0.0,0.0,Credit Card,Delivered,32,3.5
ORD_04987,CUST_0657,REST_122,KFC,Mumbai,2024-07-31,22:08:42,Fast Food,Crispy Chicken Bucket,4,480.0,20.0,0.0,UPI,Cancelled,0,0.0
ORD_04988,CUST_0577,REST_109,Paradise Biryani,Mumbai,2024-08-15,22:18:54,Biryani,Kolkata Special Biryani,1,350.0,20.0,130.38,UPI,Delivered,34,5.0
ORD_04989,CUST_0484,REST_110,Behrouz Biryani,Bangalore,2024-06-15,20:52:40,Biryani,Kolkata Special Biryani,2,350.0,50.0,75.59,Debit Card,Delivered,56,5.0
ORD_04990,CUST_0578,REST_130,Chaayos,Ahmedabad,2024-02-23,13:58:37,Beverages,Mango Smoothie,4,160.0,0.0,49.07,UPI,Delivered,40,5.0
ORD_04991,CUST_0746,REST_107,Wendy's,Delhi,2024-07-21,22:41:16,Burger,Fiery Paneer Burger,2,179.0,30.0,60.92,UPI,Delivered,48,4.0
ORD_04992,CUST_0001,REST_132,Chai Point,Bangalore,2024-01-08,12:07:48,Beverages,Caffe Latte,2,220.0,30.0,60.17,UPI,Delivered,23,4.5
ORD_04993,CUST_0679,REST_131,Cafe Coffee Day,Hyderabad,2024-05-28,13:53:24,Beverages,Mango Smoothie,1,160.0,30.0,0.0,Debit Card,Delivered,42,4.5
ORD_04994,CUST_0062,REST_104,La Pino'z Pizza,Ahmedabad,2024-02-28,10:19:17,Pizza,Pepperoni Feast,2,499.0,20.0,0.0,UPI,Delivered,65,5.0
ORD_04995,CUST_0093,REST_131,Cafe Coffee Day,Pune,2024-04-17,19:39:14,Beverages,Masala Chai (Flask),1,110.0,50.0,0.0,Credit Card,Delivered,45,4.5
ORD_04996,CUST_0576,REST_106,McDonald's,Hyderabad,2024-03-12,16:25:11,Burger,Classic Chicken Burger,2,199.0,40.0,78.06,UPI,Delivered,46,5.0
ORD_04997,CUST_0208,REST_128,Belgian Waffle Co,Hyderabad,2024-10-30,19:38:38,Desserts,Gulab Jamun (2 pcs),4,80.0,20.0,75.67,Cash,Delivered,50,4.0
ORD_04998,CUST_0645,REST_108,The Burger Club,Kolkata,2024-11-14,21:23:36,Burger,Classic Chicken Burger,2,199.0,20.0,60.56,UPI,Delivered,64,2.5
ORD_04999,CUST_0097,REST_110,Behrouz Biryani,Kolkata,2024-02-25,22:20:15,Biryani,Kolkata Special Biryani,1,350.0,30.0,53.74,UPI,Cancelled,0,0.0
ORD_05000,CUST_0256,REST_124,Faasos,Pune,2024-04-11,19:17:52,Fast Food,Cheesy French Fries,1,120.0,50.0,118.26,UPI,Delivered,58,3.5
ORD_05001,CUST_0541,REST_123,Taco Bell,Hyderabad,2024-08-09,19:24:01,Fast Food,Crispy Chicken Bucket,2,480.0,30.0,55.01,UPI,Delivered,34,2.5
ORD_05002,CUST_0758,REST_125,Baskin Robbins,Hyderabad,2024-06-15,10:09:34,Desserts,Gulab Jamun (2 pcs),1,80.0,0.0,114.58,UPI,Delivered,49,5.0
ORD_05003,CUST_0033,REST_104,La Pino'z Pizza,Chennai,2024-03-31,20:25:52,Pizza,Cheese Burst Pizza,1,429.0,40.0,0.0,UPI,Delivered,30,5.0
ORD_05004,CUST_0371,REST_128,Belgian Waffle Co,Hyderabad,2024-03-17,12:24:48,Desserts,Nutella Brownie,3,130.0,50.0,65.51,Credit Card,Pending,22,0.0
ORD_05005,CUST_0294,REST_116,Saravanaa Bhavan,Kolkata,2024-08-24,14:28:40,Indian,Garlic Naan Combo,1,160.0,30.0,0.0,UPI,Delivered,35,4.5
ORD_05006,CUST_0019,REST_104,La Pino'z Pizza,Mumbai,2024-04-24,13:10:11,Pizza,Cheese Burst Pizza,1,429.0,30.0,80.43,Cash,Delivered,21,4.0
ORD_05007,CUST_0018,REST_122,KFC,Ahmedabad,2024-04-19,15:20:00,Fast Food,Chicken Zinger Meal,4,299.0,20.0,107.38,Credit Card,Delivered,30,4.0
ORD_05008,CUST_0465,REST_120,Berco's,Delhi,2024-07-17,20:30:05,Chinese,Manchurian Gravy,1,210.0,50.0,0.0,UPI,Pending,37,0.0
ORD_05009,CUST_0485,REST_113,Punjab Grill,Ahmedabad,2024-10-17,21:57:31,Indian,Butter Chicken,3,360.0,0.0,27.46,Cash,Pending,29,0.0
ORD_05010,CUST_0023,REST_124,Faasos,Bangalore,2024-02-14,13:00:05,Fast Food,Paneer Wrap,1,160.0,50.0,70.53,Credit Card,Delivered,32,5.0
ORD_05011,CUST_0573,REST_114,Barbeque Nation,Ahmedabad,2024-11-26,22:52:53,Indian,Butter Chicken,2,360.0,40.0,24.77,UPI,Delivered,48,4.5
ORD_05012,CUST_0197,REST_112,Meghana Foods,Delhi,2024-02-13,14:09:07,Biryani,Paneer Biryani,1,260.0,40.0,66.9,Wallet,Delivered,50,5.0
ORD_05013,CUST_0551,REST_114,Barbeque Nation,Pune,2024-03-26,23:03:42,Indian,Butter Chicken,1,360.0,0.0,38.33,Credit Card,Delivered,48,3.5
ORD_05014,CUST_0606,REST_106,McDonald's,Chennai,2024-05-16,22:36:28,Burger,Fiery Paneer Burger,1,179.0,20.0,0.0,Credit Card,Delivered,42,4.5
ORD_05015,CUST_0113,REST_125,Baskin Robbins,Pune,2024-02-21,22:57:24,Desserts,Nutella Brownie,3,130.0,20.0,0.0,UPI,Cancelled,0,0.0
ORD_05016,CUST_0081,REST_122,KFC,Delhi,2024-07-22,20:01:25,Fast Food,Chicken Zinger Meal,3,299.0,40.0,121.45,Credit Card,Cancelled,0,0.0
ORD_05017,CUST_0763,REST_124,Faasos,Kolkata,2024-12-09,21:54:59,Fast Food,Paneer Wrap,1,160.0,40.0,46.64,Debit Card,Cancelled,0,0.0
ORD_05018,CUST_0343,REST_108,The Burger Club,Kolkata,2024-12-09,13:02:01,Burger,Smoky BBQ Burger,1,249.0,50.0,0.0,UPI,Delivered,58,1.0
ORD_05019,CUST_0230,REST_128,Belgian Waffle Co,Kolkata,2024-02-29,22:18:56,Desserts,Gulab Jamun (2 pcs),1,80.0,50.0,37.09,UPI,Delivered,30,1.0
ORD_05020,CUST_0118,REST_130,Chaayos,Delhi,2024-05-08,09:39:52,Beverages,Cold Coffee with Ice Cream,2,150.0,0.0,22.76,UPI,Delivered,31,4.5
ORD_05021,CUST_0257,REST_106,McDonald's,Ahmedabad,2024-04-19,14:31:44,Burger,Fiery Paneer Burger,1,-50.0,0.0,133.95,Credit Card,Delivered,33,5.0
ORD_05022,CUST_0352,REST_117,Mainland China,Mumbai,2024-05-07,09:47:56,Chinese,Veg Hakka Noodles,1,180.0,0.0,24.36,Wallet,Pending,34,0.0
ORD_05023,CUST_0658,REST_117,Mainland China,Bangalore,2024-05-10,20:42:55,Chinese,Schezwan Veg Momos,1,150.0,30.0,0.0,Cash,Delivered,21,5.0
ORD_05024,CUST_0065,REST_114,Barbeque Nation,Delhi,2024-01-21,12:16:11,Indian,Dal Makhani,1,220.0,40.0,0.0,Debit Card,Delivered,30,3.0
ORD_05025,CUST_0486,REST_122,KFC,Kolkata,2024-12-05,22:34:49,Fast Food,Cheesy French Fries,1,120.0,50.0,33.37,Debit Card,Delivered,45,4.5
ORD_05026,CUST_0585,REST_118,Wow! Momo,Ahmedabad,2024-05-23,22:22:13,Chinese,Chicken Fried Rice,3,230.0,50.0,74.12,Debit Card,Delivered,32,4.5
ORD_05027,CUST_0123,REST_112,Meghana Foods,Mumbai,2024-06-20,12:03:28,Biryani,Mutton Dum Biryani,3,450.0,50.0,0.0,UPI,Cancelled,0,0.0
ORD_05028,CUST_0643,REST_132,Chai Point,Mumbai,2024-04-04,16:30:58,Beverages,Cold Coffee with Ice Cream,3,150.0,30.0,138.22,Debit Card,Delivered,65,4.5
ORD_05029,CUST_0211,REST_130,Chaayos,Chennai,2024-09-30,21:42:44,Beverages,Cold Coffee with Ice Cream,1,150.0,30.0,0.0,UPI,Cancelled,0,0.0
ORD_05030,CUST_0570,REST_128,Belgian Waffle Co,Hyderabad,2024-01-09,14:27:33,Desserts,Gulab Jamun (2 pcs),3,80.0,40.0,59.6,Credit Card,Delivered,42,5.0
ORD_05031,CUST_0176,REST_113,Punjab Grill,Kolkata,2024-06-28,19:24:52,Indian,Paneer Butter Masala,3,280.0,40.0,20.41,UPI,Cancelled,0,0.0
ORD_05032,CUST_0169,REST_104,La Pino'z Pizza,Chennai,2024-12-31,13:16:02,Pizza,Paneer Tikka Pizza,4,349.0,30.0,45.62,Cash,Delivered,45,4.5
ORD_05033,CUST_0005,REST_113,Punjab Grill,Hyderabad,2024-08-29,22:32:03,Indian,Butter Chicken,1,360.0,40.0,56.56,Cash,Pending,26,0.0
ORD_05034,CUST_0651,REST_112,Meghana Foods,Delhi,2024-07-04,12:36:27,Biryani,Paneer Biryani,5,260.0,50.0,55.7,Cash,Delivered,62,4.0
ORD_05035,CUST_0128,REST_115,Haldiram's,Delhi,2024-05-19,19:20:17,Indian,Dal Makhani,3,220.0,0.0,74.61,UPI,Cancelled,0,0.0
ORD_05036,CUST_0728,REST_108,The Burger Club,Mumbai,2024-07-24,13:58:43,Burger,Smoky BBQ Burger,1,249.0,50.0,72.04,Credit Card,Delivered,41,5.0
ORD_05037,CUST_0691,REST_122,KFC,Hyderabad,2024-10-14,18:08:20,Fast Food,Cheesy French Fries,1,120.0,0.0,0.0,Credit Card,Delivered,30,5.0
ORD_05038,CUST_0769,REST_126,Theobroma,Mumbai,2024-02-09,20:51:22,Desserts,Red Velvet Jar Cake,2,175.0,40.0,0.0,Debit Card,Delivered,20,3.0
ORD_05039,CUST_0012,REST_107,Wendy's,Pune,2024-12-14,12:07:38,Burger,Smoky BBQ Burger,1,249.0,30.0,67.95,Wallet,Delivered,28,5.0
ORD_05040,CUST_0156,REST_120,Berco's,Bangalore,2024-06-27,13:44:07,Chinese,Veg Hakka Noodles,1,180.0,30.0,86.92,Cash,Delivered,53,4.0
ORD_05041,CUST_0632,REST_105,Burger King,Ahmedabad,2024-07-28,14:51:51,Burger,Smoky BBQ Burger,1,249.0,0.0,114.17,Cash,Delivered,22,4.0
ORD_05042,CUST_0743,REST_120,Berco's,Hyderabad,2024-03-15,11:09:37,Chinese,Chilli Chicken Gravy,2,270.0,0.0,0.0,UPI,Delivered,29,4.5
ORD_05043,CUST_0626,REST_127,Naturals Ice Cream,Delhi,2024-04-29,22:12:01,Desserts,Belgian Chocolate Waffle,2,160.0,0.0,41.99,Cash,Pending,45,0.0
ORD_05044,CUST_0750,REST_103,Ovenstory Pizza,Hyderabad,2024-01-07,13:57:54,pizza,Margherita Pizza,3,249.0,40.0,0.0,UPI,Delivered,43,4.5
ORD_05045,CUST_0739,REST_127,Naturals Ice Cream,Delhi,2024-02-08,10:20:35,Desserts,Gulab Jamun (2 pcs),2,80.0,20.0,113.94,UPI,Pending,34,0.0
ORD_05046,CUST_0250,REST_119,Wok Express,Delhi,2024-11-26,14:27:08,Chinese,Chicken Fried Rice,5,230.0,50.0,0.0,Wallet,Delivered,42,3.0
ORD_05047,CUST_0521,REST_117,Mainland China,Chennai,2024-08-10,22:11:14,Chinese,Chicken Fried Rice,1,230.0,40.0,95.2,Wallet,Delivered,28,3.5
ORD_05048,CUST_0380,REST_122,KFC,Hyderabad,2024-08-22,16:55:33,Fast Food,Veggie Delight Sub,3,190.0,40.0,42.71,Credit Card,Pending,44,0.0
ORD_05049,CUST_0771,REST_123,Taco Bell,Pune,2024-12-29,13:40:56,Fast Food,Cheesy French Fries,2,120.0,30.0,0.0,UPI,Cancelled,0,0.0
ORD_05050,CUST_0442,REST_111,Bawarchi,Chennai,2024-05-03,20:35:16,Biryani,Paneer Biryani,1,260.0,50.0,106.44,UPI,Delivered,38,4.5
ORD_05051,CUST_0146,REST_104,La Pino'z Pizza,Ahmedabad,2024-01-20,22:41:07,Pizza,Cheese Burst Pizza,4,429.0,0.0,45.38,Debit Card,Delivered,50,3.0
ORD_05052,CUST_0001,REST_104,La Pino'z Pizza,Bangalore,2024-07-17,12:33:57,Pizza,Farmhouse Supreme,1,399.0,20.0,39.84,Cash,Delivered,23,5.0
ORD_05053,CUST_0009,REST_114,Barbeque Nation,Chennai,2024-09-29,10:41:32,Indian,Kadhai Paneer,1,270.0,50.0,38.37,UPI,Delivered,35,4.0
ORD_05054,CUST_0053,REST_130,Chaayos,Ahmedabad,2024-08-27,12:58:48,Beverages,Cold Coffee with Ice Cream,1,150.0,20.0,60.58,Cash,Delivered,57,3.0
ORD_05055,CUST_0761,REST_116,Saravanaa Bhavan,Kolkata,2024-06-07,13:39:13,Indian,Garlic Naan Combo,1,160.0,30.0,77.76,UPI,Cancelled,0,0.0
ORD_05056,CUST_0564,REST_125,Baskin Robbins,Chennai,2024-07-10,17:08:23,Desserts,Chocolate Truffle Pastry,1,140.0,50.0,48.53,UPI,Delivered,40,5.0
ORD_05057,CUST_0553,REST_115,Haldiram's,Chennai,2024-11-06,11:34:05,Indian,Paneer Butter Masala,1,280.0,50.0,91.05,Wallet,Delivered,28,4.5
ORD_05058,CUST_0543,REST_103,Ovenstory Pizza,Ahmedabad,2024-08-17,22:47:28,Pizza,Cheese Burst Pizza,1,429.0,50.0,0.0,Cash,Delivered,33,5.0
ORD_05059,CUST_0277,REST_101,Domino's Pizza,Delhi,2024-02-20,14:38:24,Pizza,Pepperoni Feast,5,499.0,0.0,135.13,UPI,Delivered,52,3.0
ORD_05060,CUST_0087,REST_111,Bawarchi,Chennai,2024-03-16,12:40:39,Biryani,Mutton Dum Biryani,1,450.0,30.0,106.92,UPI,Delivered,37,2.0
ORD_05061,CUST_0307,REST_117,Mainland China,Ahmedabad,2024-08-25,22:06:34,Chinese,Manchurian Gravy,1,210.0,20.0,102.82,UPI,Delivered,24,2.5
ORD_05062,CUST_0162,REST_123,Taco Bell,Delhi,2024-08-13,14:31:02,Fast Food,Paneer Wrap,1,160.0,30.0,103.9,Wallet,Delivered,57,5.0
ORD_05063,CUST_0275,REST_124,Faasos,Hyderabad,2024-02-02,08:34:09,Fast Food,Veggie Delight Sub,1,190.0,0.0,0.0,Debit Card,Delivered,29,4.0
ORD_05064,CUST_0303,REST_105,Burger King,Pune,2024-02-10,13:21:51,Burger,Classic Chicken Burger,3,199.0,30.0,48.85,Wallet,Delivered,64,2.0
ORD_05065,CUST_0248,REST_124,Faasos,Kolkata,2024-11-25,13:24:30,Fast Food,Paneer Wrap,2,160.0,40.0,135.61,UPI,Cancelled,0,0.0
ORD_05066,CUST_0471,REST_114,Barbeque Nation,Ahmedabad,2024-02-12,13:28:56,Indian,Paneer Butter Masala,3,280.0,20.0,0.0,Cash,Delivered,38,5.0
ORD_05067,CUST_0511,REST_129,Starbucks,Chennai,2024-02-08,20:59:37,Beverages,Caffe Latte,1,220.0,20.0,81.35,Credit Card,Delivered,28,3.0
ORD_05068,CUST_0477,REST_104,La Pino'z Pizza,Hyderabad,2024-01-24,21:29:46,Pizza,Farmhouse Supreme,1,399.0,50.0,36.77,Credit Card,Delivered,25,4.5
ORD_05069,CUST_0032,REST_107,Wendy's,Delhi,2024-07-01,15:04:55,Burger,Smoky BBQ Burger,1,249.0,40.0,127.02,Cash,Delivered,23,4.5
ORD_05070,CUST_0458,REST_119,Wok Express,Kolkata,2024-11-09,13:10:55,Chinese,Chicken Fried Rice,1,230.0,0.0,66.4,Credit Card,Delivered,34,4.5
ORD_05071,CUST_0755,REST_109,Paradise Biryani,Chennai,2024-06-01,11:14:59,Biryani,Paneer Biryani,3,260.0,30.0,0.0,Cash,Delivered,46,5.0
ORD_05072,CUST_0487,REST_103,Ovenstory Pizza,Hyderabad,2024-03-30,20:39:40,Pizza,Paneer Tikka Pizza,1,349.0,0.0,81.64,Credit Card,Delivered,23,4.5
ORD_05073,CUST_0692,REST_106,McDonald's,Ahmedabad,2024-05-12,21:47:57,Burger,Fiery Paneer Burger,3,179.0,30.0,0.0,Cash,Delivered,51,3.5
ORD_05074,CUST_0409,REST_132,Chai Point,Chennai,2024-11-01,14:50:24,Beverages,Caffe Latte,1,220.0,40.0,71.63,Cash,Cancelled,0,0.0
ORD_05075,CUST_0143,REST_112,Meghana Foods,Kolkata,2024-12-17,13:48:24,Biryani,Veg Dum Biryani,1,240.0,0.0,32.37,Debit Card,Delivered,47,4.0
ORD_05076,CUST_0369,REST_130,Chaayos,Ahmedabad,2024-12-11,22:00:52,Beverages,Iced Green Tea,3,130.0,50.0,62.92,Cash,Delivered,30,4.5
ORD_05077,CUST_0213,REST_122,KFC,Kolkata,2024-06-19,14:58:33,Fast Food,Veggie Delight Sub,4,190.0,0.0,85.32,UPI,Cancelled,0,0.0
ORD_05078,CUST_0262,REST_117,Mainland China,Pune,2024-02-26,13:39:41,Chinese,Schezwan Veg Momos,2,150.0,30.0,47.84,Credit Card,Delivered,35,5.0
ORD_05079,CUST_0121,REST_123,Taco Bell,Chennai,2024-03-15,23:16:13,Fast Food,Veggie Delight Sub,2,190.0,40.0,28.49,UPI,Delivered,60,4.5
ORD_05080,CUST_0244,REST_102,Pizza Hut,Pune,2024-10-29,22:27:46,Pizza,Cheese Burst Pizza,1,429.0,20.0,61.56,Debit Card,Delivered,22,2.0
ORD_05081,CUST_0416,REST_116,Saravanaa Bhavan,Ahmedabad,2024-12-31,22:04:00,Indian,Kadhai Paneer,4,270.0,20.0,0.0,Credit Card,Delivered,29,4.5
ORD_05082,CUST_0212,REST_114,Barbeque Nation,Hyderabad,2024-03-16,22:46:30,Indian,Paneer Butter Masala,5,280.0,40.0,129.87,UPI,Delivered,52,4.5
ORD_05083,CUST_0003,REST_115,Haldiram's,Chennai,2024-07-10,22:38:52,Indian,Kadhai Paneer,2,270.0,0.0,0.0,UPI,Delivered,28,5.0
ORD_05084,CUST_0200,REST_102,Pizza Hut,Bangalore,2024-06-20,19:19:17,Pizza,Pepperoni Feast,1,499.0,50.0,38.94,Debit Card,Pending,38,0.0
ORD_05085,CUST_0685,REST_132,Chai Point,Bangalore,2024-04-22,09:53:18,Beverages,Iced Green Tea,3,130.0,40.0,101.38,UPI,Delivered,59,4.0
ORD_05086,CUST_0527,REST_110,Behrouz Biryani,Bangalore,2024-07-30,12:35:24,Biryani,Mutton Dum Biryani,1,450.0,0.0,55.23,UPI,Delivered,44,4.5
ORD_05087,CUST_0400,REST_102,Pizza Hut,Bangalore,2024-07-29,12:36:16,Pizza,Farmhouse Supreme,1,399.0,40.0,49.91,UPI,Delivered,21,5.0
ORD_05088,CUST_0488,REST_112,Meghana Foods,Pune,2024-07-05,14:31:26,Biryani,Mutton Dum Biryani,1,450.0,40.0,28.05,UPI,Delivered,60,4.0
ORD_05089,CUST_0578,REST_105,Burger King,Bangalore,2024-08-18,23:40:25,Burger,Smoky BBQ Burger,2,249.0,20.0,147.17,UPI,Delivered,50,4.5
ORD_05090,CUST_0161,REST_126,Theobroma,Bangalore,2024-08-30,16:42:07,Desserts,Belgian Chocolate Waffle,2,160.0,20.0,24.38,Cash,Delivered,42,5.0
ORD_05091,CUST_0236,REST_131,Cafe Coffee Day,Kolkata,2024-08-22,22:03:04,Beverages,Cold Coffee with Ice Cream,1,150.0,0.0,140.08,UPI,Cancelled,0,0.0
ORD_05092,CUST_0579,REST_131,Cafe Coffee Day,Kolkata,2024-06-11,20:44:27,Beverages,Masala Chai (Flask),1,110.0,30.0,38.03,Wallet,Delivered,18,4.0
ORD_05093,CUST_0072,REST_131,Cafe Coffee Day,Mumbai,2024-11-21,21:59:42,Beverages,Masala Chai (Flask),0,110.0,50.0,24.19,Cash,Delivered,63,5.0
ORD_05094,CUST_0339,REST_115,Haldiram's,Pune,2024-12-30,20:41:10,Indian,Dal Makhani,3,220.0,40.0,114.25,Debit Card,Delivered,59,2.5
ORD_05095,CUST_0097,REST_124,Faasos,Ahmedabad,2024-02-13,13:47:17,Fast Food,Veggie Delight Sub,1,190.0,50.0,128.99,Wallet,Delivered,49,4.5
ORD_05096,CUST_0620,REST_112,Meghana Foods,Hyderabad,2024-08-13,13:50:04,Biryani,Mutton Dum Biryani,1,450.0,20.0,0.0,UPI,Delivered,51,5.0
ORD_05097,CUST_0607,REST_123,Taco Bell,Pune,2024-01-21,12:02:28,Fast Food,Veggie Delight Sub,1,190.0,50.0,85.08,UPI,Delivered,60,5.0
ORD_05098,CUST_0543,REST_131,Cafe Coffee Day,Chennai,2024-10-14,19:32:55,Beverages,Mango Smoothie,3,160.0,0.0,65.4,UPI,Delivered,20,5.0
ORD_05099,CUST_0420,REST_128,Belgian Waffle Co,Bangalore,2024-05-11,08:46:49,Desserts,Chocolate Truffle Pastry,3,140.0,50.0,71.83,Wallet,Delivered,40,3.5
ORD_05100,CUST_0064,REST_107,Wendy's,Pune,2024-07-12,14:52:26,Burger,Crispy Veg Burger,1,129.0,30.0,0.0,Cash,Delivered,23,4.0
ORD_05101,CUST_0544,REST_117,Mainland China,Delhi,2024-10-02,12:24:48,Chinese,Veg Hakka Noodles,1,180.0,30.0,56.16,Credit Card,Delivered,46,4.5
ORD_05102,CUST_0584,REST_117,Mainland China,Chennai,2024-09-28,13:00:20,Chinese,Chilli Chicken Gravy,3,270.0,40.0,109.89,Credit Card,Delivered,47,5.0
ORD_05103,CUST_0604,REST_126,Theobroma,Chennai,2024-04-10,20:00:52,Desserts,Belgian Chocolate Waffle,1,160.0,20.0,68.17,UPI,Cancelled,0,0.0
ORD_05104,,REST_121,Subway,Bangalore,2024-03-26,13:29:46,Fast Food,Chicken Zinger Meal,2,299.0,20.0,44.47,Wallet,Delivered,35,5.0
ORD_05105,CUST_0051,REST_110,Behrouz Biryani,Delhi,2024-05-19,13:03:42,Biryani,Veg Dum Biryani,1,240.0,20.0,146.17,Cash,Delivered,19,2.5
ORD_05106,CUST_0007,REST_116,Saravanaa Bhavan,Kolkata,2024-11-15,18:04:39,Indian,Garlic Naan Combo,3,160.0,30.0,0.0,UPI,Delivered,21,4.5
ORD_05107,CUST_0627,REST_132,Chai Point,Ahmedabad,2024-11-07,14:55:36,Beverages,Iced Green Tea,3,130.0,20.0,0.0,UPI,Delivered,37,4.5
ORD_05108,CUST_0016,REST_101,Domino's Pizza,Mumbai,2024-12-23,14:44:24,Pizza,Farmhouse Supreme,2,399.0,20.0,34.73,Cash,Delivered,29,3.0
ORD_05109,CUST_0571,REST_127,Naturals Ice Cream,Hyderabad,2024-06-16,20:24:26,Desserts,Nutella Brownie,1,130.0,30.0,108.63,Credit Card,Delivered,22,1.0
ORD_05110,CUST_0467,REST_129,Starbucks,Hyderabad,2024-09-27,13:08:47,Beverages,Caffe Latte,1,220.0,50.0,29.21,Wallet,Delivered,65,5.0
ORD_05111,CUST_0316,REST_120,Berco's,Ahmedabad,2024-11-03,12:54:09,Chinese,Schezwan Veg Momos,1,150.0,40.0,0.0,UPI,Cancelled,0,0.0
ORD_05112,CUST_0032,REST_122,KFC,Bangalore,2024-09-27,19:36:35,Fast Food,Veggie Delight Sub,2,190.0,0.0,0.0,Cash,Cancelled,0,0.0
ORD_05113,CUST_0316,REST_129,Starbucks,Chennai,2024-05-13,22:30:34,Beverages,Caffe Latte,1,220.0,20.0,39.7,UPI,Cancelled,0,0.0
ORD_05114,CUST_0015,REST_111,Bawarchi,Kolkata,2024-01-05,21:15:41,Biryani,Mutton Dum Biryani,3,450.0,20.0,0.0,UPI,Delivered,28,5.0
ORD_05115,CUST_0575,REST_122,KFC,Mumbai,2024-02-22,14:23:18,Fast Food,Veggie Delight Sub,5,190.0,40.0,30.18,Cash,Delivered,38,4.0
ORD_05116,CUST_0351,REST_122,KFC,Hyderabad,2024-05-31,13:44:43,Fast Food,Crispy Chicken Bucket,2,480.0,30.0,41.62,UPI,Cancelled,0,0.0
ORD_05117,CUST_0795,REST_117,Mainland China,Chennai,2024-02-24,17:12:11,Chinese,Veg Hakka Noodles,2,180.0,30.0,34.91,Cash,Cancelled,0,0.0
ORD_05118,CUST_0169,REST_132,Chai Point,Delhi,2024-06-08,21:52:46,Beverages,Iced Green Tea,1,130.0,40.0,61.76,Cash,Cancelled,0,0.0
ORD_05119,CUST_0054,REST_119,Wok Express,Ahmedabad,2024-10-17,13:49:23,Chinese,Chicken Fried Rice,1,230.0,20.0,0.0,Cash,Delivered,28,5.0
ORD_05120,CUST_0654,REST_108,The Burger Club,Mumbai,2024-09-10,19:48:08,Burger,Double Whopper,1,299.0,50.0,0.0,Wallet,Delivered,54,4.5
ORD_05121,CUST_0458,REST_105,Burger King,Chennai,2024-04-02,15:36:20,Burger,Crispy Veg Burger,3,129.0,0.0,0.0,Cash,Delivered,60,3.5
ORD_05122,CUST_0181,REST_102,Pizza Hut,Bangalore,2024-06-19,21:08:15,Pizza,Margherita Pizza,1,249.0,50.0,0.0,Cash,Pending,34,0.0
ORD_05123,CUST_0278,REST_131,Cafe Coffee Day,Hyderabad,2024-03-05,14:49:34,Beverages,Cold Coffee with Ice Cream,5,150.0,0.0,26.97,Credit Card,Delivered,27,5.0
ORD_05124,CUST_0371,REST_122,KFC,Kolkata,2024-01-28,19:44:16,Fast Food,Veggie Delight Sub,1,190.0,40.0,31.49,UPI,Delivered,55,3.0
ORD_05125,CUST_0093,REST_119,Wok Express,Bangalore,2024-10-02,12:38:56,Chinese,Schezwan Veg Momos,1,150.0,0.0,118.51,Cash,Delivered,35,3.5
ORD_05126,CUST_0277,REST_105,Burger King,Delhi,2024-12-17,21:41:27,Burger,Fiery Paneer Burger,1,179.0,20.0,51.24,UPI,Delivered,49,5.0
ORD_05127,CUST_0093,REST_116,Saravanaa Bhavan,Mumbai,2024-02-08,21:28:38,Indian,Butter Chicken,1,360.0,50.0,0.0,Credit Card,Delivered,61,4.5
ORD_05128,CUST_0493,REST_124,Faasos,Delhi,2024-07-13,23:07:17,Fast Food,Crispy Chicken Bucket,1,480.0,50.0,23.67,Debit Card,Delivered,29,5.0
ORD_05129,CUST_0717,REST_115,Haldiram's,Ahmedabad,2024-09-20,19:57:52,Indian,Dal Makhani,1,220.0,20.0,87.07,Credit Card,Delivered,25,4.5
ORD_05130,CUST_0038,REST_126,Theobroma,Chennai,2024-06-19,08:34:44,Desserts,Gulab Jamun (2 pcs),3,80.0,50.0,121.54,UPI,Pending,37,0.0
ORD_05131,CUST_0619,REST_108,The Burger Club,Mumbai,2024-07-16,14:41:03,Burger,Fiery Paneer Burger,3,179.0,30.0,27.83,UPI,Delivered,30,4.5
ORD_05132,CUST_0090,REST_103,Ovenstory Pizza,Mumbai,2024-10-18,19:25:20,Pizza,Pepperoni Feast,1,499.0,0.0,141.33,Wallet,Cancelled,0,0.0
ORD_05133,CUST_0165,REST_123,Taco Bell,Ahmedabad,2024-09-25,17:14:00,Fast Food,Cheesy French Fries,4,120.0,20.0,0.0,Wallet,Delivered,36,5.0
ORD_05134,CUST_0583,REST_131,Cafe Coffee Day,Bangalore,2024-12-06,21:10:42,Beverages,Mango Smoothie,1,160.0,40.0,74.63,UPI,Delivered,44,5.0
ORD_05135,CUST_0567,REST_132,Chai Point,Delhi,2024-11-06,22:17:02,Beverages,Caffe Latte,3,220.0,20.0,0.0,UPI,Delivered,59,4.0
ORD_05136,CUST_0672,REST_127,Naturals Ice Cream,Mumbai,2024-11-01,21:14:05,Desserts,Belgian Chocolate Waffle,4,160.0,50.0,26.3,Cash,Delivered,51,4.5
ORD_05137,CUST_0183,REST_121,Subway,Hyderabad,2024-08-11,08:50:36,Fast Food,Paneer Wrap,1,160.0,40.0,99.97,Credit Card,Delivered,40,4.5
ORD_05138,CUST_0468,REST_110,Behrouz Biryani,Delhi,2024-02-28,21:13:32,Biryani,Veg Dum Biryani,1,240.0,50.0,0.0,Wallet,Delivered,50,5.0
ORD_05139,CUST_0136,REST_103,Ovenstory Pizza,Delhi,2024-02-25,09:38:29,Pizza,Margherita Pizza,2,249.0,20.0,57.32,Wallet,Delivered,37,3.0
ORD_05140,CUST_0733,REST_102,Pizza Hut,Chennai,2024-08-13,20:24:02,Pizza,Pepperoni Feast,2,499.0,0.0,49.46,Wallet,Delivered,52,4.5
ORD_05141,CUST_0698,REST_128,Belgian Waffle Co,Kolkata,2024-05-31,13:47:08,Desserts,Belgian Chocolate Waffle,1,160.0,40.0,0.0,Credit Card,Delivered,56,5.0
ORD_05142,CUST_0013,REST_108,The Burger Club,Chennai,2024-07-01,14:19:04,Burger,Smoky BBQ Burger,4,249.0,30.0,123.87,UPI,Delivered,60,5.0
ORD_05143,CUST_0207,REST_130,Chaayos,Delhi,2024-01-25,20:32:39,Beverages,Caffe Latte,1,220.0,40.0,58.09,UPI,Delivered,63,3.5
ORD_05144,CUST_0582,REST_109,Paradise Biryani,Kolkata,2024-01-14,14:57:23,Biryani,Mutton Dum Biryani,1,450.0,30.0,53.0,UPI,Delivered,25,5.0
ORD_05145,CUST_0543,REST_116,Saravanaa Bhavan,Ahmedabad,2024-02-24,19:51:18,Indian,Dal Makhani,3,220.0,30.0,0.0,UPI,Delivered,63,3.5
ORD_05146,CUST_0571,REST_102,Pizza Hut,Bangalore,2024-08-03,20:11:32,Pizza,Farmhouse Supreme,1,399.0,50.0,57.51,UPI,Delivered,34,5.0
ORD_05147,CUST_0781,REST_108,The Burger Club,Ahmedabad,2024-06-05,22:54:21,Burger,Smoky BBQ Burger,2,249.0,20.0,116.71,Cash,Delivered,31,5.0
ORD_05148,CUST_0287,REST_125,Baskin Robbins,Ahmedabad,2024-06-20,22:55:01,Desserts,Chocolate Truffle Pastry,3,140.0,40.0,0.0,UPI,Delivered,52,4.5
ORD_05149,CUST_0547,REST_104,La Pino'z Pizza,Mumbai,2024-01-25,20:46:14,Pizza,Farmhouse Supreme,1,399.0,50.0,118.03,Cash,Cancelled,0,0.0
ORD_05150,CUST_0487,REST_120,Berco's,Mumbai,2024-09-30,20:13:49,Chinese,Chicken Fried Rice,3,230.0,50.0,60.74,UPI,Delivered,24,2.0
ORD_05151,CUST_0421,REST_127,Naturals Ice Cream,Mumbai,2024-07-15,10:42:46,Desserts,Chocolate Truffle Pastry,1,140.0,40.0,71.44,Credit Card,Pending,38,0.0
ORD_05152,CUST_0604,REST_106,McDonald's,Bangalore,2024-12-22,14:34:29,Burger,Crispy Veg Burger,1,129.0,20.0,0.0,Cash,Delivered,53,2.5
ORD_05153,CUST_0347,REST_132,Chai Point,Chennai,2024-12-13,14:22:54,Beverages,Caffe Latte,1,220.0,30.0,144.18,Cash,Pending,40,0.0
ORD_05154,CUST_0200,REST_123,Taco Bell,Bangalore,2024-06-26,13:42:19,Fast Food,Chicken Zinger Meal,2,299.0,50.0,41.59,UPI,Delivered,29,5.0
ORD_05155,CUST_0311,REST_121,Subway,Chennai,2024-04-22,23:49:02,Fast Food,Veggie Delight Sub,2,190.0,20.0,95.18,UPI,Delivered,59,2.0
ORD_05156,CUST_0495,REST_122,KFC,Ahmedabad,2024-12-23,20:35:56,Fast Food,Paneer Wrap,1,160.0,0.0,0.0,Cash,Cancelled,0,0.0
ORD_05157,CUST_0571,REST_107,Wendy's,Mumbai,2024-10-11,12:00:04,burger,Smoky BBQ Burger,2,249.0,50.0,95.35,Credit Card,Delivered,29,4.5
ORD_05158,CUST_0075,REST_122,KFC,Ahmedabad,2024-11-08,22:23:37,Fast Food,Crispy Chicken Bucket,1,480.0,0.0,0.0,UPI,Delivered,56,4.5
ORD_05159,CUST_0647,REST_132,Chai Point,Delhi,2024-08-03,19:03:28,Beverages,Mango Smoothie,1,160.0,20.0,127.83,UPI,Delivered,52,3.5
ORD_05160,CUST_0458,REST_111,Bawarchi,Bangalore,2024-09-05,19:21:30,Biryani,Paneer Biryani,1,260.0,30.0,0.0,UPI,Delivered,21,5.0
ORD_05161,CUST_0466,REST_103,Ovenstory Pizza,Kolkata,2024-12-22,20:04:29,Pizza,Pepperoni Feast,1,499.0,40.0,53.15,Cash,Cancelled,0,0.0
ORD_05162,CUST_0243,REST_104,La Pino'z Pizza,Mumbai,2024-11-21,14:41:39,Pizza,Margherita Pizza,3,249.0,30.0,0.0,Debit Card,Delivered,59,4.5
ORD_05163,CUST_0225,REST_116,Saravanaa Bhavan,Mumbai,2024-09-05,20:52:38,Indian,Kadhai Paneer,1,270.0,30.0,33.89,Debit Card,Delivered,32,3.0
ORD_05164,CUST_0567,REST_118,Wow! Momo,Ahmedabad,2024-09-09,20:20:09,chinese,Chicken Fried Rice,1,230.0,0.0,0.0,Cash,Cancelled,0,0.0
ORD_05165,CUST_0026,REST_104,La Pino'z Pizza,Chennai,2024-05-17,12:07:39,Pizza,Farmhouse Supreme,1,399.0,40.0,44.73,Credit Card,Delivered,29,3.5
ORD_05166,CUST_0161,REST_103,Ovenstory Pizza,Kolkata,2024-05-18,10:19:22,Pizza,Pepperoni Feast,1,499.0,50.0,139.09,Cash,Delivered,58,2.5
ORD_05167,CUST_0193,REST_103,Ovenstory Pizza,Mumbai,2024-07-27,22:58:46,Pizza,Margherita Pizza,2,249.0,50.0,108.1,Cash,Delivered,43,5.0
ORD_05168,CUST_0113,REST_102,Pizza Hut,Chennai,2024-05-19,12:51:52,Pizza,Farmhouse Supreme,4,399.0,0.0,0.0,Wallet,Delivered,53,4.0
ORD_05169,CUST_0606,REST_120,Berco's,Ahmedabad,2024-09-09,19:00:26,Chinese,Manchurian Gravy,2,210.0,50.0,102.66,Cash,Delivered,46,3.0
ORD_05170,CUST_0216,REST_106,McDonald's,Chennai,2024-01-27,12:18:22,Burger,Fiery Paneer Burger,1,179.0,20.0,0.0,UPI,Delivered,28,5.0
ORD_05171,CUST_0149,REST_124,Faasos,Pune,2024-10-14,14:12:19,Fast Food,Veggie Delight Sub,1,190.0,40.0,57.61,Credit Card,Delivered,40,5.0
ORD_05172,CUST_0390,REST_131,Cafe Coffee Day,Kolkata,2024-07-19,20:09:49,Beverages,Mango Smoothie,1,160.0,20.0,0.0,Credit Card,Delivered,32,3.5
ORD_05173,CUST_0353,REST_130,Chaayos,Hyderabad,2024-10-16,19:03:15,Beverages,Caffe Latte,4,220.0,30.0,0.0,UPI,Delivered,59,5.0
ORD_05174,CUST_0189,REST_128,Belgian Waffle Co,Mumbai,2024-01-18,20:12:40,Desserts,Belgian Chocolate Waffle,2,160.0,30.0,0.0,Credit Card,Delivered,54,2.5
ORD_05175,CUST_0226,REST_132,Chai Point,Bangalore,2024-11-19,13:43:33,Beverages,Caffe Latte,1,220.0,0.0,0.0,UPI,Delivered,21,5.0
ORD_05176,CUST_0379,REST_113,Punjab Grill,Delhi,2024-09-27,15:59:45,Indian,Butter Chicken,4,360.0,40.0,0.0,Credit Card,Delivered,62,4.5
ORD_05177,CUST_0646,REST_124,Faasos,Chennai,2024-12-03,12:10:40,Fast Food,Chicken Zinger Meal,2,299.0,30.0,64.3,Cash,Delivered,56,5.0
ORD_05178,CUST_0079,REST_105,Burger King,Delhi,2024-06-20,19:10:34,Burger,Smoky BBQ Burger,1,249.0,50.0,92.16,Debit Card,Delivered,24,5.0
ORD_05179,CUST_0701,REST_132,Chai Point,Mumbai,2024-10-10,23:19:21,Beverages,Iced Green Tea,1,130.0,30.0,55.06,UPI,Delivered,53,5.0
ORD_05180,CUST_0216,REST_126,Theobroma,Mumbai,2024-10-12,19:27:03,Desserts,Red Velvet Jar Cake,1,175.0,20.0,34.97,UPI,Delivered,48,4.5
ORD_05181,CUST_0188,REST_129,Starbucks,Ahmedabad,2024-07-01,14:05:45,Beverages,Cold Coffee with Ice Cream,2,150.0,20.0,0.0,Credit Card,Delivered,23,5.0
ORD_05182,CUST_0221,REST_114,Barbeque Nation,Mumbai,2024-04-09,21:27:09,Indian,Kadhai Paneer,1,270.0,30.0,0.0,UPI,Delivered,62,5.0
ORD_05183,CUST_0174,REST_107,Wendy's,Kolkata,2024-09-02,20:49:14,Burger,Classic Chicken Burger,3,199.0,20.0,69.06,UPI,Delivered,64,4.5
ORD_05184,CUST_0780,REST_125,Baskin Robbins,Kolkata,2024-03-11,17:40:19,Desserts,Belgian Chocolate Waffle,1,160.0,30.0,61.97,Wallet,Delivered,19,5.0
ORD_05185,CUST_0755,REST_128,Belgian Waffle Co,Ahmedabad,2024-10-06,19:27:17,Desserts,Gulab Jamun (2 pcs),2,80.0,20.0,97.9,Debit Card,Delivered,50,3.0
ORD_05186,CUST_0389,REST_116,Saravanaa Bhavan,Kolkata,2024-07-23,22:10:45,Indian,Garlic Naan Combo,1,160.0,20.0,62.91,Debit Card,Delivered,24,4.0
ORD_05187,CUST_0183,REST_113,Punjab Grill,Delhi,2024-05-07,12:28:36,Indian,Butter Chicken,1,360.0,40.0,0.0,UPI,Delivered,26,5.0
ORD_05188,CUST_0139,REST_119,Wok Express,Kolkata,2024-11-28,20:55:42,Chinese,Schezwan Veg Momos,1,150.0,50.0,40.86,Cash,Delivered,42,3.5
ORD_05189,CUST_0201,REST_111,Bawarchi,Mumbai,2024-06-09,16:52:17,Biryani,Hyderabadi Chicken Biryani,2,320.0,40.0,34.17,Credit Card,Delivered,46,5.0
ORD_05190,CUST_0412,REST_124,Faasos,Ahmedabad,2024-12-06,21:40:27,Fast Food,Paneer Wrap,1,160.0,50.0,0.0,Wallet,Delivered,50,4.5
ORD_05191,CUST_0564,REST_123,Taco Bell,Delhi,2024-12-06,21:03:52,Fast Food,Crispy Chicken Bucket,1,480.0,30.0,57.5,UPI,Cancelled,0,0.0
ORD_05192,CUST_0659,REST_123,Taco Bell,Mumbai,2024-02-16,21:29:08,Fast Food,Cheesy French Fries,5,120.0,20.0,40.82,UPI,Pending,39,0.0
ORD_05193,CUST_0047,REST_112,Meghana Foods,Kolkata,2024-02-10,22:29:35,Biryani,Kolkata Special Biryani,2,350.0,0.0,41.45,Credit Card,Delivered,32,5.0
ORD_05194,CUST_0160,REST_131,Cafe Coffee Day,Chennai,2024-01-21,19:44:09,Beverages,Mango Smoothie,3,160.0,40.0,79.73,Cash,Delivered,19,5.0
ORD_05195,CUST_0116,REST_122,KFC,Mumbai,2024-03-18,14:50:24,Fast Food,Chicken Zinger Meal,1,299.0,30.0,53.06,UPI,Delivered,27,5.0
ORD_05196,CUST_0379,REST_105,Burger King,Chennai,2024-11-26,19:50:30,Burger,Crispy Veg Burger,1,129.0,20.0,71.62,Wallet,Delivered,33,4.0
ORD_05197,CUST_0603,REST_104,La Pino'z Pizza,Pune,2024-07-01,22:44:44,Pizza,Paneer Tikka Pizza,1,349.0,40.0,80.26,Cash,Delivered,28,4.5
ORD_05198,CUST_0488,REST_114,Barbeque Nation,Delhi,2024-09-20,13:09:41,Indian,Butter Chicken,1,360.0,50.0,0.0,UPI,Delivered,22,3.5
ORD_05199,CUST_0663,REST_113,Punjab Grill,Chennai,2024-01-20,20:36:04,Indian,Dal Makhani,1,220.0,20.0,134.55,UPI,Delivered,38,4.0
ORD_05200,CUST_0476,REST_103,Ovenstory Pizza,Ahmedabad,2024-06-10,12:39:36,Pizza,Margherita Pizza,1,249.0,20.0,0.0,UPI,Delivered,56,4.5
ORD_00275,CUST_0033,REST_106,McDonald's,Kolkata,2024-05-16,10:34:30,Burger,Crispy Veg Burger,1,129.0,30.0,137.12,UPI,Delivered,33,4.5
ORD_00075,CUST_0721,REST_121,Subway,Hyderabad,2024-01-22,13:58:04,Fast Food,Chicken Zinger Meal,3,299.0,50.0,42.24,Cash,Delivered,43,5.0
ORD_00291,CUST_0093,REST_127,Naturals Ice Cream,Hyderabad,2024-03-16,19:30:36,Desserts,Gulab Jamun (2 pcs),2,80.0,50.0,24.68,Cash,Delivered,26,4.0
ORD_00094,CUST_0130,REST_115,Haldiram's,Delhi,2024-07-15,09:38:09,Indian,Dal Makhani,2,220.0,30.0,61.97,Cash,Delivered,43,5.0
ORD_00385,CUST_0239,REST_131,Cafe Coffee Day,Pune,2024-10-30,22:22:30,Beverages,Iced Green Tea,2,130.0,40.0,113.36,UPI,Delivered,25,5.0
ORD_00248,CUST_0416,REST_117,Mainland China,Mumbai,2024-08-17,13:55:30,Chinese,Chicken Fried Rice,1,230.0,40.0,63.7,Credit Card,Delivered,60,4.5
ORD_00109,CUST_0679,REST_127,Naturals Ice Cream,Ahmedabad,2024-08-23,18:34:22,Desserts,Red Velvet Jar Cake,2,175.0,30.0,30.57,UPI,Delivered,32,2.5
ORD_00027,CUST_0528,REST_106,McDonald's,Kolkata,2024-04-25,12:01:02,Burger,Classic Chicken Burger,1,199.0,40.0,62.27,Cash,Cancelled,0,0.0
ORD_00323,CUST_0467,REST_132,Chai Point,Chennai,2024-04-24,21:58:23,Beverages,Caffe Latte,1,220.0,30.0,141.18,Cash,Delivered,48,5.0
ORD_00449,CUST_0002,REST_118,Wow! Momo,Ahmedabad,2024-01-31,23:17:38,Chinese,Veg Hakka Noodles,1,180.0,40.0,138.18,UPI,Delivered,36,5.0
ORD_00497,CUST_0679,REST_101,Domino's Pizza,Bangalore,2024-11-25,20:25:45,Pizza,Margherita Pizza,2,249.0,0.0,30.39,UPI,Delivered,34,4.0
ORD_00128,CUST_0566,REST_120,Berco's,Kolkata,2024-09-30,13:16:23,Chinese,Schezwan Veg Momos,1,150.0,40.0,64.15,Credit Card,Delivered,38,3.0
ORD_00377,CUST_0707,REST_128,Belgian Waffle Co,Delhi,2024-02-29,08:30:22,Desserts,Chocolate Truffle Pastry,1,140.0,30.0,0.0,UPI,Pending,36,0.0
ORD_00431,CUST_0453,REST_106,McDonald's,Ahmedabad,2024-06-20,11:54:12,Burger,Classic Chicken Burger,1,199.0,40.0,75.49,Debit Card,Delivered,36,4.5
ORD_00317,CUST_0610,REST_119,Wok Express,Delhi,2024-05-19,13:56:15,Chinese,Veg Hakka Noodles,1,180.0,30.0,0.0,UPI,Delivered,20,4.0
ORD_00426,CUST_0020,REST_121,Subway,Pune,2024-11-27,13:07:31,Fast Food,Cheesy French Fries,2,120.0,30.0,43.99,UPI,Delivered,48,5.0
ORD_00123,CUST_0050,REST_104,La Pino'z Pizza,Hyderabad,2024-04-29,12:08:32,Pizza,Paneer Tikka Pizza,5,349.0,20.0,129.86,UPI,Delivered,61,3.5
ORD_00456,CUST_0443,REST_117,Mainland China,Pune,2024-08-26,14:48:02,Chinese,Manchurian Gravy,3,210.0,20.0,0.0,Debit Card,Delivered,38,5.0
ORD_00230,CUST_0478,REST_102,Pizza Hut,Bangalore,2024-11-01,21:31:50,Pizza,Farmhouse Supreme,2,399.0,30.0,0.0,Credit Card,Delivered,29,4.5
ORD_00481,CUST_0299,REST_116,Saravanaa Bhavan,Delhi,2024-10-10,21:04:48,Indian,Garlic Naan Combo,1,160.0,30.0,29.07,UPI,Delivered,19,5.0
ORD_00017,CUST_0734,REST_115,Haldiram's,Kolkata,2024-03-08,13:29:20,Indian,Garlic Naan Combo,4,160.0,0.0,0.0,Cash,Delivered,24,5.0
ORD_00108,CUST_0718,REST_113,Punjab Grill,Delhi,2024-06-09,13:44:13,Indian,Garlic Naan Combo,1,160.0,50.0,140.46,Credit Card,Delivered,26,4.5
ORD_00145,CUST_0255,REST_109,Paradise Biryani,Kolkata,2024-11-26,13:48:21,Biryani,Paneer Biryani,4,260.0,40.0,0.0,UPI,Delivered,65,4.5
ORD_00287,CUST_0310,REST_118,Wow! Momo,Mumbai,2024-06-10,21:58:35,Chinese,Chicken Fried Rice,1,230.0,50.0,86.6,UPI,Delivered,26,5.0
ORD_00166,CUST_0656,REST_117,Mainland China,Bangalore,2024-02-10,12:51:09,Chinese,Chilli Chicken Gravy,1,270.0,40.0,61.98,Cash,Delivered,37,4.0
ORD_00403,CUST_0341,REST_106,McDonald's,Pune,2024-09-16,22:38:46,Burger,Classic Chicken Burger,3,199.0,30.0,21.5,UPI,Delivered,58,4.5
ORD_00391,CUST_0346,REST_103,Ovenstory Pizza,Bangalore,2024-08-23,13:36:32,Pizza,Margherita Pizza,3,249.0,30.0,0.0,Cash,Delivered,38,4.5
ORD_00215,CUST_0047,REST_110,Behrouz Biryani,Mumbai,2024-07-02,16:56:46,Biryani,Veg Dum Biryani,1,240.0,30.0,0.0,UPI,Pending,28,0.0
ORD_00170,CUST_0393,REST_109,Paradise Biryani,Bangalore,2024-12-31,21:14:20,Biryani,Paneer Biryani,1,260.0,30.0,0.0,UPI,Delivered,50,4.0
ORD_00158,CUST_0096,REST_121,Subway,Ahmedabad,2024-07-22,22:52:13,Fast Food,Paneer Wrap,1,160.0,30.0,100.33,Cash,Delivered,49,4.0
ORD_00479,CUST_0283,REST_102,Pizza Hut,Hyderabad,2024-02-02,15:33:21,Pizza,Paneer Tikka Pizza,3,349.0,40.0,51.69,Credit Card,Delivered,47,5.0
ORD_00333,CUST_0465,REST_124,Faasos,Ahmedabad,2024-05-30,19:44:59,Fast Food,Cheesy French Fries,2,120.0,30.0,51.0,UPI,Delivered,28,4.5
ORD_00305,CUST_0171,REST_117,Mainland China,Pune,2024-03-13,14:28:05,Chinese,Manchurian Gravy,2,210.0,0.0,0.0,Cash,Cancelled,0,0.0
ORD_00002,CUST_0666,REST_116,Saravanaa Bhavan,Pune,2024-05-22,08:48:51,Indian,Kadhai Paneer,1,270.0,40.0,0.0,UPI,Pending,30,0.0
ORD_00328,CUST_0092,REST_126,Theobroma,Mumbai,2024-02-01,19:00:45,Desserts,Belgian Chocolate Waffle,2,160.0,30.0,0.0,UPI,Delivered,45,4.0
ORD_00029,CUST_0125,REST_112,Meghana Foods,Ahmedabad,2024-10-13,13:39:52,Biryani,Paneer Biryani,2,260.0,50.0,69.88,UPI,Delivered,48,4.5
ORD_00364,CUST_0301,REST_112,Meghana Foods,Pune,2024-08-03,14:01:18,Biryani,Veg Dum Biryani,1,240.0,0.0,92.42,Wallet,Delivered,44,4.5
ORD_00344,CUST_0706,REST_107,Wendy's,Ahmedabad,2024-12-15,19:40:41,Burger,Classic Chicken Burger,1,199.0,50.0,100.5,Debit Card,Delivered,36,4.0
ORD_00303,CUST_0450,REST_124,Faasos,Ahmedabad,2024-08-06,12:38:47,Fast Food,Veggie Delight Sub,3,190.0,30.0,71.65,Cash,Delivered,59,3.5
ORD_00245,CUST_0534,REST_118,Wow! Momo,Chennai,2024-11-30,19:33:16,Chinese,Schezwan Veg Momos,1,-50.0,20.0,39.41,Debit Card,Delivered,48,3.5
